threat_id,timestamp,threat_name,threat_category,indicator_type,indicator_value,source_name,source_reliability,confidence_score,severity,risk_score,status,first_seen,last_seen,country_or_region,description,mitre_tactic,mitre_technique,cve_id
THR-2026-0001,2026-04-14 11:54:18,Synthetic Credential Phishing Campaign,Malware,IP,192.0.2.56,Community Submission,C,56,Medium,60,UNDER_REVIEW,2026-03-28 11:54:18,2026-04-14 11:54:18,Singapore,"Synthetic defensive cybersecurity observation related to malware. This record is for awareness, analysis, and defensive security monitoring.",Discovery,Phishing,
THR-2026-0002,2026-07-26 11:03:18,Suspicious Web Activity,Data Exposure,Domain,security-alert.example.com,Unknown Source,D,94,High,77,MONITORING,2026-07-01 11:03:18,2026-07-27 11:03:18,India,"Synthetic defensive cybersecurity observation related to data exposure. This record is for awareness, analysis, and defensive security monitoring.",Initial Access,Credential Phishing,
THR-2026-0003,2026-05-21 07:52:18,Account Security Event,Malware,URL,https://cloud-security.example.org/verify,Community Submission,C,58,High,70,FALSE_POSITIVE,2026-05-09 07:52:18,2026-05-21 07:52:18,United States,"Synthetic defensive cybersecurity observation related to malware. This record is for awareness, analysis, and defensive security monitoring.",Command and Control,Phishing,
THR-2026-0004,2026-06-30 03:22:18,Suspicious Web Activity,Phishing,CVE,CVE-2026-45796,Security Vendor,A,62,Medium,55,NEW,2026-06-10 03:22:18,2026-07-02 03:22:18,Singapore,"Synthetic defensive cybersecurity observation related to phishing. This record is for awareness, analysis, and defensive security monitoring.",Command and Control,Valid Accounts,CVE-2022-44920
THR-2026-0005,2026-08-09 14:31:18,Suspicious Web Activity,Data Exposure,CVE,CVE-2021-14826,Security Vendor,A,84,High,70,FALSE_POSITIVE,2026-07-14 14:31:18,2026-08-09 14:31:18,Australia,"Synthetic defensive cybersecurity observation related to data exposure. This record is for awareness, analysis, and defensive security monitoring.",Persistence,Valid Accounts,CVE-2023-27290
THR-2026-0006,2026-05-14 18:35:18,Vulnerability Exposure,Social Engineering,SHA-256,e87025e1f58d6ce22d53d35f9f35f0b5de60b0cdf5c6a8499ecf003f1562287f,Research Report,B,83,High,72,UNDER_REVIEW,2026-04-21 18:35:18,2026-05-18 18:35:18,United States,"Synthetic defensive cybersecurity observation related to social engineering. This record is for awareness, analysis, and defensive security monitoring.",Discovery,Credential Phishing,
THR-2026-0007,2026-05-06 09:27:18,Potential Data Exposure,Malware,IP,192.0.2.175,Research Report,B,44,High,72,NEW,2026-04-24 09:27:18,2026-05-10 09:27:18,Australia,"Synthetic defensive cybersecurity observation related to malware. This record is for awareness, analysis, and defensive security monitoring.",Discovery,Data from Information Repositories,
THR-2026-0008,2026-07-29 19:03:18,Potential Data Exposure,Web Threat,CVE,CVE-2025-14035,Internal SOC,A,62,Medium,53,UNDER_REVIEW,2026-07-24 19:03:18,2026-08-02 19:03:18,United Kingdom,"Synthetic defensive cybersecurity observation related to web threat. This record is for awareness, analysis, and defensive security monitoring.",Exfiltration,Valid Accounts,CVE-2023-56159
THR-2026-0009,2026-07-19 04:48:18,Social Engineering Attempt,Data Exposure,Email/Sender Domain,alerts@cloud-security.invalid,Internal SOC,A,66,High,69,FALSE_POSITIVE,2026-07-12 04:48:18,2026-07-23 04:48:18,Global,"Synthetic defensive cybersecurity observation related to data exposure. This record is for awareness, analysis, and defensive security monitoring.",,,
THR-2026-0010,2026-06-19 04:52:18,Suspicious Web Activity,Ransomware,Domain,update-service.example.org,Unknown Source,D,95,High,76,CLOSED,2026-06-02 04:52:18,2026-06-24 04:52:18,Singapore,"Synthetic defensive cybersecurity observation related to ransomware. This record is for awareness, analysis, and defensive security monitoring.",,,
THR-2026-0011,2026-08-07 17:37:18,Credential Theft Observation,Social Engineering,IP,192.0.2.232,Unknown Source,D,33,Medium,51,NEW,2026-08-07 17:37:18,2026-08-07 17:37:18,Global,"Synthetic defensive cybersecurity observation related to social engineering. This record is for awareness, analysis, and defensive security monitoring.",Persistence,Phishing,
THR-2026-0012,2026-05-10 20:36:18,Suspicious Malware Indicator,Data Exposure,Domain,identity-check.example.net,Research Report,B,87,High,68,MONITORING,2026-04-15 20:36:18,2026-05-13 20:36:18,Germany,"Synthetic defensive cybersecurity observation related to data exposure. This record is for awareness, analysis, and defensive security monitoring.",,,
THR-2026-0013,2026-07-11 08:36:18,Suspicious Web Activity,Vulnerability Exposure,SHA-256,7066b48cc712a99dec764f7c7c886fe3d5ff619bf5b1d7cd88d915619ab5540b,Community Submission,C,31,High,63,UNDER_REVIEW,2026-07-05 08:36:18,2026-07-12 08:36:18,Global,"Synthetic defensive cybersecurity observation related to vulnerability exposure. This record is for awareness, analysis, and defensive security monitoring.",Initial Access,Credential Phishing,CVE-2024-13025
THR-2026-0014,2026-08-23 22:20:18,Ransomware Activity Pattern,Data Exposure,IP,198.51.100.1,Research Report,B,94,Medium,57,CLOSED,2026-08-08 22:20:18,2026-08-24 22:20:18,United Kingdom,"Synthetic defensive cybersecurity observation related to data exposure. This record is for awareness, analysis, and defensive security monitoring.",Exfiltration,Data from Information Repositories,
THR-2026-0015,2026-07-22 05:48:18,Network Threat Observation,Social Engineering,URL,https://login-check.invalid/verify,Community Submission,C,96,High,69,FALSE_POSITIVE,2026-07-04 05:48:18,2026-07-27 05:48:18,Germany,"Synthetic defensive cybersecurity observation related to social engineering. This record is for awareness, analysis, and defensive security monitoring.",,,
THR-2026-0016,2026-09-17 13:56:18,Account Security Event,Data Exposure,Email/Sender Domain,alerts@security-alert.invalid,Internal SOC,A,90,Medium,55,FALSE_POSITIVE,2026-09-10 13:56:18,2026-09-20 13:56:18,India,"Synthetic defensive cybersecurity observation related to data exposure. This record is for awareness, analysis, and defensive security monitoring.",Credential Access,Application Layer Protocol,
THR-2026-0017,2026-06-26 07:09:18,Suspicious Malware Indicator,Account Security,Email/Sender Domain,alerts@login-check.example.net,Research Report,B,58,High,62,FALSE_POSITIVE,2026-06-06 07:09:18,2026-06-28 07:09:18,Singapore,"Synthetic defensive cybersecurity observation related to account security. This record is for awareness, analysis, and defensive security monitoring.",Initial Access,Phishing,
THR-2026-0018,2026-08-04 00:33:18,Account Security Event,Data Exposure,Domain,cloud-security.invalid,Community Submission,C,41,High,66,FALSE_POSITIVE,2026-07-30 00:33:18,2026-08-07 00:33:18,United Kingdom,"Synthetic defensive cybersecurity observation related to data exposure. This record is for awareness, analysis, and defensive security monitoring.",Command and Control,Phishing,
THR-2026-0019,2026-07-24 16:38:18,Suspicious Web Activity,Ransomware,URL,https://secure-login.example.net/verify,Security Vendor,A,38,Medium,49,MONITORING,2026-07-02 16:38:18,2026-07-26 16:38:18,Global,"Synthetic defensive cybersecurity observation related to ransomware. This record is for awareness, analysis, and defensive security monitoring.",Initial Access,Phishing,
THR-2026-0020,2026-08-24 12:23:18,Ransomware Activity Pattern,Vulnerability Exposure,URL,https://secure-login.invalid/verify,Research Report,B,67,Medium,50,MONITORING,2026-08-07 12:23:18,2026-08-29 12:23:18,Singapore,"Synthetic defensive cybersecurity observation related to vulnerability exposure. This record is for awareness, analysis, and defensive security monitoring.",Discovery,Valid Accounts,CVE-2021-5931
THR-2026-0021,2026-08-12 14:36:18,Ransomware Activity Pattern,Vulnerability Exposure,Domain,security-alert.example.com,Public Threat Feed,B,71,Medium,54,UNDER_REVIEW,2026-07-22 14:36:18,2026-08-12 14:36:18,Germany,"Synthetic defensive cybersecurity observation related to vulnerability exposure. This record is for awareness, analysis, and defensive security monitoring.",Initial Access,Valid Accounts,CVE-2024-41675
THR-2026-0022,2026-06-30 09:57:18,Social Engineering Attempt,Network Threat,SHA-256,30a5bac701eb967aa1cc7bc741f74b48f26dc64c3ff2ffa647c7069c0eafce3e,Security Vendor,A,56,High,61,MONITORING,2026-06-15 09:57:18,2026-07-01 09:57:18,Global,"Synthetic defensive cybersecurity observation related to network threat. This record is for awareness, analysis, and defensive security monitoring.",Exfiltration,Data from Information Repositories,
THR-2026-0023,2026-07-26 00:10:18,Potential Data Exposure,Credential Threat,Domain,account-verify.invalid,Unknown Source,D,49,Low,40,NEW,2026-07-10 00:10:18,2026-07-29 00:10:18,United Kingdom,"Synthetic defensive cybersecurity observation related to credential threat. This record is for awareness, analysis, and defensive security monitoring.",Execution,Network Service Scanning,
THR-2026-0024,2026-05-28 08:27:18,Vulnerability Exposure,Web Threat,IP,192.0.2.134,Security Vendor,A,80,Medium,59,FALSE_POSITIVE,2026-04-30 08:27:18,2026-06-01 08:27:18,Australia,"Synthetic defensive cybersecurity observation related to web threat. This record is for awareness, analysis, and defensive security monitoring.",Command and Control,Application Layer Protocol,
THR-2026-0025,2026-07-20 19:32:18,Suspicious Web Activity,Credential Threat,URL,https://secure-login.example.com/verify,Public Threat Feed,B,67,High,61,UNDER_REVIEW,2026-06-29 19:32:18,2026-07-23 19:32:18,Germany,"Synthetic defensive cybersecurity observation related to credential threat. This record is for awareness, analysis, and defensive security monitoring.",Command and Control,Credential Phishing,
THR-2026-0026,2026-08-12 22:01:18,Social Engineering Attempt,Ransomware,Email/Sender Domain,alerts@update-service.example.com,Unknown Source,D,76,High,66,FALSE_POSITIVE,2026-07-25 22:01:18,2026-08-16 22:01:18,Germany,"Synthetic defensive cybersecurity observation related to ransomware. This record is for awareness, analysis, and defensive security monitoring.",Exfiltration,Data from Information Repositories,
THR-2026-0027,2026-08-05 14:32:18,Account Security Event,Ransomware,CVE,CVE-2021-30846,Security Vendor,A,90,High,61,CLOSED,2026-07-29 14:32:18,2026-08-06 14:32:18,Australia,"Synthetic defensive cybersecurity observation related to ransomware. This record is for awareness, analysis, and defensive security monitoring.",,,CVE-2022-32138
THR-2026-0028,2026-04-20 13:51:18,Potential Data Exposure,Account Security,Domain,update-service.invalid,Research Report,B,74,High,68,FALSE_POSITIVE,2026-03-23 13:51:18,2026-04-20 13:51:18,United States,"Synthetic defensive cybersecurity observation related to account security. This record is for awareness, analysis, and defensive security monitoring.",,,
THR-2026-0029,2026-07-15 21:12:18,Potential Data Exposure,Malware,SHA-256,a6fd2e60376c491e89822f569be4801e2c76959aad399243a2cf4e42b46c6c9a,Community Submission,C,84,High,67,UNDER_REVIEW,2026-06-19 21:12:18,2026-07-20 21:12:18,Australia,"Synthetic defensive cybersecurity observation related to malware. This record is for awareness, analysis, and defensive security monitoring.",Exfiltration,Credential Phishing,
THR-2026-0030,2026-08-05 03:23:18,Network Threat Observation,Social Engineering,URL,https://account-verify.invalid/verify,Public Threat Feed,B,60,High,77,UNDER_REVIEW,2026-08-03 03:23:18,2026-08-10 03:23:18,United States,"Synthetic defensive cybersecurity observation related to social engineering. This record is for awareness, analysis, and defensive security monitoring.",,,
THR-2026-0031,2026-05-19 21:25:18,Account Security Event,Credential Threat,SHA-256,8ac5f00f24e7a2e12dc4ce890dff9f4057e9384644eb0ea5a0090d0c206942d2,Research Report,B,52,High,62,NEW,2026-05-18 21:25:18,2026-05-20 21:25:18,Global,"Synthetic defensive cybersecurity observation related to credential threat. This record is for awareness, analysis, and defensive security monitoring.",Exfiltration,Network Service Scanning,
THR-2026-0032,2026-05-20 12:04:18,Social Engineering Attempt,Vulnerability Exposure,SHA-256,ba2b82026c7573a87b2eef3bf85bc8604b535e9c60901eeba972b984d8205c30,Security Vendor,A,70,Medium,53,CLOSED,2026-05-03 12:04:18,2026-05-24 12:04:18,United Kingdom,"Synthetic defensive cybersecurity observation related to vulnerability exposure. This record is for awareness, analysis, and defensive security monitoring.",Command and Control,Application Layer Protocol,CVE-2023-29562
THR-2026-0033,2026-09-28 23:14:18,Social Engineering Attempt,Vulnerability Exposure,CVE,CVE-2022-4295,Internal SOC,A,84,High,64,MONITORING,2026-09-10 23:14:18,2026-10-03 23:14:18,Germany,"Synthetic defensive cybersecurity observation related to vulnerability exposure. This record is for awareness, analysis, and defensive security monitoring.",,,CVE-2024-9893
THR-2026-0034,2026-08-02 09:21:18,Network Threat Observation,Network Threat,Domain,security-alert.invalid,Community Submission,C,68,High,65,NEW,2026-08-02 09:21:18,2026-08-07 09:21:18,Global,"Synthetic defensive cybersecurity observation related to network threat. This record is for awareness, analysis, and defensive security monitoring.",,,
THR-2026-0035,2026-06-05 14:44:18,Network Threat Observation,Phishing,Domain,security-alert.invalid,Research Report,B,27,Low,39,UNDER_REVIEW,2026-05-18 14:44:18,2026-06-06 14:44:18,United Kingdom,"Synthetic defensive cybersecurity observation related to phishing. This record is for awareness, analysis, and defensive security monitoring.",Initial Access,Network Service Scanning,
THR-2026-0036,2026-04-11 15:36:18,Account Security Event,Phishing,URL,https://cloud-security.invalid/verify,Public Threat Feed,B,73,High,69,FALSE_POSITIVE,2026-04-08 15:36:18,2026-04-16 15:36:18,Global,"Synthetic defensive cybersecurity observation related to phishing. This record is for awareness, analysis, and defensive security monitoring.",Initial Access,User Execution,
THR-2026-0037,2026-06-02 08:24:18,Social Engineering Attempt,Data Exposure,SHA-256,38af6696651d17efa0ab6ca3895de43313d4cfb7ef722c01892e74c5762c7b03,Unknown Source,D,33,Medium,59,UNDER_REVIEW,2026-05-03 08:24:18,2026-06-04 08:24:18,Germany,"Synthetic defensive cybersecurity observation related to data exposure. This record is for awareness, analysis, and defensive security monitoring.",Execution,Application Layer Protocol,
THR-2026-0038,2026-05-07 03:31:18,Social Engineering Attempt,Data Exposure,CVE,CVE-2025-40998,Internal SOC,A,93,High,74,CLOSED,2026-04-10 03:31:18,2026-05-08 03:31:18,United Kingdom,"Synthetic defensive cybersecurity observation related to data exposure. This record is for awareness, analysis, and defensive security monitoring.",Initial Access,Credential Phishing,CVE-2024-16981
THR-2026-0039,2026-05-05 12:55:18,Credential Theft Observation,Network Threat,Domain,login-check.example.com,Internal SOC,A,70,High,63,CLOSED,2026-04-27 12:55:18,2026-05-09 12:55:18,Germany,"Synthetic defensive cybersecurity observation related to network threat. This record is for awareness, analysis, and defensive security monitoring.",Discovery,Data from Information Repositories,
THR-2026-0040,2026-08-09 23:07:18,Potential Data Exposure,Credential Threat,CVE,CVE-2023-28885,Unknown Source,D,87,Medium,59,FALSE_POSITIVE,2026-08-02 23:07:18,2026-08-11 23:07:18,United Kingdom,"Synthetic defensive cybersecurity observation related to credential threat. This record is for awareness, analysis, and defensive security monitoring.",Persistence,Application Layer Protocol,CVE-2024-37272
THR-2026-0041,2026-05-20 13:40:18,Account Security Event,Social Engineering,URL,https://cloud-security.example.org/verify,Unknown Source,D,54,Medium,49,NEW,2026-05-14 13:40:18,2026-05-21 13:40:18,Global,"Synthetic defensive cybersecurity observation related to social engineering. This record is for awareness, analysis, and defensive security monitoring.",Execution,User Execution,
THR-2026-0042,2026-09-24 10:16:18,Social Engineering Attempt,Credential Threat,URL,https://login-check.invalid/verify,Security Vendor,A,26,Medium,46,FALSE_POSITIVE,2026-09-15 10:16:18,2026-09-29 10:16:18,United Kingdom,"Synthetic defensive cybersecurity observation related to credential threat. This record is for awareness, analysis, and defensive security monitoring.",Credential Access,Credential Phishing,
THR-2026-0043,2026-06-24 20:47:18,Ransomware Activity Pattern,Social Engineering,URL,https://cloud-security.example.org/verify,Unknown Source,D,31,Low,39,NEW,2026-06-06 20:47:18,2026-06-29 20:47:18,United States,"Synthetic defensive cybersecurity observation related to social engineering. This record is for awareness, analysis, and defensive security monitoring.",,,
THR-2026-0044,2026-06-14 01:56:18,Synthetic Credential Phishing Campaign,Malware,Email/Sender Domain,alerts@secure-login.invalid,Public Threat Feed,B,53,High,72,UNDER_REVIEW,2026-05-27 01:56:18,2026-06-17 01:56:18,Australia,"Synthetic defensive cybersecurity observation related to malware. This record is for awareness, analysis, and defensive security monitoring.",Execution,User Execution,
THR-2026-0045,2026-06-11 13:13:18,Suspicious Web Activity,Malware,Domain,identity-check.example.net,Internal SOC,A,95,High,61,NEW,2026-05-27 13:13:18,2026-06-13 13:13:18,Australia,"Synthetic defensive cybersecurity observation related to malware. This record is for awareness, analysis, and defensive security monitoring.",,,
THR-2026-0046,2026-04-23 06:53:18,Suspicious Web Activity,Credential Threat,URL,https://secure-login.example.org/verify,Internal SOC,A,50,High,61,CLOSED,2026-04-15 06:53:18,2026-04-24 06:53:18,India,"Synthetic defensive cybersecurity observation related to credential threat. This record is for awareness, analysis, and defensive security monitoring.",,,
THR-2026-0047,2026-05-31 21:46:18,Synthetic Credential Phishing Campaign,Social Engineering,CVE,CVE-2021-16002,Research Report,B,76,High,70,FALSE_POSITIVE,2026-05-12 21:46:18,2026-05-31 21:46:18,Singapore,"Synthetic defensive cybersecurity observation related to social engineering. This record is for awareness, analysis, and defensive security monitoring.",Initial Access,Data from Information Repositories,CVE-2025-17408
THR-2026-0048,2026-07-26 06:14:18,Social Engineering Attempt,Web Threat,Email/Sender Domain,alerts@account-verify.example.net,Research Report,B,47,Medium,50,MONITORING,2026-07-13 06:14:18,2026-07-31 06:14:18,United Kingdom,"Synthetic defensive cybersecurity observation related to web threat. This record is for awareness, analysis, and defensive security monitoring.",Command and Control,Phishing,
THR-2026-0049,2026-09-25 21:46:18,Vulnerability Exposure,Ransomware,URL,https://cloud-security.invalid/verify,Public Threat Feed,B,88,High,71,FALSE_POSITIVE,2026-09-15 21:46:18,2026-09-27 21:46:18,Germany,"Synthetic defensive cybersecurity observation related to ransomware. This record is for awareness, analysis, and defensive security monitoring.",,,
THR-2026-0050,2026-09-22 05:34:18,Suspicious Malware Indicator,Vulnerability Exposure,IP,192.0.2.250,Public Threat Feed,B,71,High,61,FALSE_POSITIVE,2026-09-05 05:34:18,2026-09-23 05:34:18,Global,"Synthetic defensive cybersecurity observation related to vulnerability exposure. This record is for awareness, analysis, and defensive security monitoring.",Execution,Application Layer Protocol,CVE-2026-32766
THR-2026-0051,2026-06-09 08:10:18,Suspicious Web Activity,Ransomware,URL,https://secure-login.example.org/verify,Research Report,B,95,High,68,CLOSED,2026-05-14 08:10:18,2026-06-10 08:10:18,Global,"Synthetic defensive cybersecurity observation related to ransomware. This record is for awareness, analysis, and defensive security monitoring.",Credential Access,Credential Phishing,
THR-2026-0052,2026-09-18 03:02:18,Potential Data Exposure,Credential Threat,SHA-256,6b92efbe78596410ab18204eaa20f8b5723c688fda925e0f4db97e5ff83a4e3d,Public Threat Feed,B,74,High,69,NEW,2026-08-24 03:02:18,2026-09-21 03:02:18,United Kingdom,"Synthetic defensive cybersecurity observation related to credential threat. This record is for awareness, analysis, and defensive security monitoring.",Command and Control,User Execution,
THR-2026-0053,2026-06-04 00:30:18,Network Threat Observation,Account Security,Email/Sender Domain,alerts@cloud-security.example.com,Research Report,B,87,Critical,84,UNDER_REVIEW,2026-05-18 00:30:18,2026-06-08 00:30:18,Singapore,"Synthetic defensive cybersecurity observation related to account security. This record is for awareness, analysis, and defensive security monitoring.",Credential Access,Valid Accounts,
THR-2026-0054,2026-06-01 10:43:18,Potential Data Exposure,Vulnerability Exposure,IP,198.51.100.4,Public Threat Feed,B,85,High,66,UNDER_REVIEW,2026-05-16 10:43:18,2026-06-05 10:43:18,Germany,"Synthetic defensive cybersecurity observation related to vulnerability exposure. This record is for awareness, analysis, and defensive security monitoring.",Exfiltration,Application Layer Protocol,CVE-2024-7534
THR-2026-0055,2026-04-22 08:57:18,Network Threat Observation,Ransomware,IP,203.0.113.184,Community Submission,C,58,High,64,CLOSED,2026-04-12 08:57:18,2026-04-27 08:57:18,Global,"Synthetic defensive cybersecurity observation related to ransomware. This record is for awareness, analysis, and defensive security monitoring.",Discovery,Phishing,
THR-2026-0056,2026-04-25 12:56:18,Synthetic Credential Phishing Campaign,Account Security,IP,192.0.2.84,Security Vendor,A,61,Medium,51,NEW,2026-04-22 12:56:18,2026-04-28 12:56:18,United Kingdom,"Synthetic defensive cybersecurity observation related to account security. This record is for awareness, analysis, and defensive security monitoring.",Persistence,User Execution,
THR-2026-0057,2026-09-14 15:56:18,Credential Theft Observation,Vulnerability Exposure,Domain,update-service.example.org,Unknown Source,D,77,Medium,59,CLOSED,2026-09-02 15:56:18,2026-09-18 15:56:18,United Kingdom,"Synthetic defensive cybersecurity observation related to vulnerability exposure. This record is for awareness, analysis, and defensive security monitoring.",,,CVE-2025-10379
THR-2026-0058,2026-05-08 02:11:18,Suspicious Web Activity,Phishing,SHA-256,c0e79f21c93239acfc7754b956fde90c122527a63555c4fc618b3658e40bab29,Unknown Source,D,94,High,76,CLOSED,2026-04-08 02:11:18,2026-05-11 02:11:18,Global,"Synthetic defensive cybersecurity observation related to phishing. This record is for awareness, analysis, and defensive security monitoring.",Credential Access,Phishing,
THR-2026-0059,2026-07-27 11:15:18,Account Security Event,Credential Threat,SHA-256,b2693eda41e42fbe0cba1b8818817176f4accc9a00f4a1f221c84c15170c9751,Unknown Source,D,98,High,72,MONITORING,2026-06-30 11:15:18,2026-08-01 11:15:18,Global,"Synthetic defensive cybersecurity observation related to credential threat. This record is for awareness, analysis, and defensive security monitoring.",Exfiltration,Valid Accounts,
THR-2026-0060,2026-04-28 07:54:18,Social Engineering Attempt,Account Security,URL,https://login-check.example.org/verify,Internal SOC,A,49,Medium,56,UNDER_REVIEW,2026-04-08 07:54:18,2026-05-03 07:54:18,India,"Synthetic defensive cybersecurity observation related to account security. This record is for awareness, analysis, and defensive security monitoring.",Persistence,User Execution,
THR-2026-0061,2026-07-28 06:35:18,Suspicious Malware Indicator,Vulnerability Exposure,Domain,update-service.invalid,Public Threat Feed,B,94,High,75,UNDER_REVIEW,2026-06-29 06:35:18,2026-07-31 06:35:18,Global,"Synthetic defensive cybersecurity observation related to vulnerability exposure. This record is for awareness, analysis, and defensive security monitoring.",Execution,Data from Information Repositories,CVE-2023-53706
THR-2026-0062,2026-06-11 00:08:18,Suspicious Malware Indicator,Vulnerability Exposure,Email/Sender Domain,alerts@identity-check.example.com,Public Threat Feed,B,75,Medium,56,CLOSED,2026-05-19 00:08:18,2026-06-16 00:08:18,India,"Synthetic defensive cybersecurity observation related to vulnerability exposure. This record is for awareness, analysis, and defensive security monitoring.",Discovery,Network Service Scanning,CVE-2026-25344
THR-2026-0063,2026-04-21 22:44:18,Social Engineering Attempt,Network Threat,Email/Sender Domain,alerts@login-check.invalid,Internal SOC,A,33,Medium,59,UNDER_REVIEW,2026-04-17 22:44:18,2026-04-21 22:44:18,Singapore,"Synthetic defensive cybersecurity observation related to network threat. This record is for awareness, analysis, and defensive security monitoring.",Execution,Credential Phishing,
THR-2026-0064,2026-06-20 15:45:18,Suspicious Web Activity,Social Engineering,URL,https://login-check.example.org/verify,Community Submission,C,94,High,78,UNDER_REVIEW,2026-05-25 15:45:18,2026-06-23 15:45:18,Germany,"Synthetic defensive cybersecurity observation related to social engineering. This record is for awareness, analysis, and defensive security monitoring.",Credential Access,Valid Accounts,
THR-2026-0065,2026-07-27 05:44:18,Account Security Event,Network Threat,IP,192.0.2.13,Internal SOC,A,72,High,75,MONITORING,2026-06-27 05:44:18,2026-07-30 05:44:18,United States,"Synthetic defensive cybersecurity observation related to network threat. This record is for awareness, analysis, and defensive security monitoring.",Execution,Data from Information Repositories,
THR-2026-0066,2026-07-13 07:01:18,Ransomware Activity Pattern,Account Security,Domain,security-alert.example.org,Internal SOC,A,95,Medium,59,UNDER_REVIEW,2026-06-15 07:01:18,2026-07-17 07:01:18,India,"Synthetic defensive cybersecurity observation related to account security. This record is for awareness, analysis, and defensive security monitoring.",Command and Control,Data from Information Repositories,
THR-2026-0067,2026-07-30 10:43:18,Suspicious Malware Indicator,Phishing,Domain,update-service.example.net,Community Submission,C,55,Medium,43,MONITORING,2026-07-07 10:43:18,2026-08-02 10:43:18,Singapore,"Synthetic defensive cybersecurity observation related to phishing. This record is for awareness, analysis, and defensive security monitoring.",,,
THR-2026-0068,2026-07-19 21:10:18,Vulnerability Exposure,Account Security,IP,198.51.100.176,Internal SOC,A,53,High,66,NEW,2026-06-19 21:10:18,2026-07-19 21:10:18,Germany,"Synthetic defensive cybersecurity observation related to account security. This record is for awareness, analysis, and defensive security monitoring.",Command and Control,Credential Phishing,
THR-2026-0069,2026-04-25 17:16:18,Potential Data Exposure,Malware,IP,198.51.100.117,Research Report,B,43,Medium,52,FALSE_POSITIVE,2026-04-03 17:16:18,2026-04-27 17:16:18,Singapore,"Synthetic defensive cybersecurity observation related to malware. This record is for awareness, analysis, and defensive security monitoring.",Credential Access,Phishing,
THR-2026-0070,2026-08-07 22:30:18,Vulnerability Exposure,Malware,CVE,CVE-2023-44588,Research Report,B,95,High,78,MONITORING,2026-07-12 22:30:18,2026-08-10 22:30:18,United Kingdom,"Synthetic defensive cybersecurity observation related to malware. This record is for awareness, analysis, and defensive security monitoring.",Execution,Application Layer Protocol,CVE-2021-21483
THR-2026-0071,2026-09-01 18:48:18,Suspicious Malware Indicator,Social Engineering,IP,198.51.100.91,Community Submission,C,35,Medium,42,CLOSED,2026-08-14 18:48:18,2026-09-05 18:48:18,Global,"Synthetic defensive cybersecurity observation related to social engineering. This record is for awareness, analysis, and defensive security monitoring.",Command and Control,Phishing,
THR-2026-0072,2026-04-19 20:37:18,Network Threat Observation,Web Threat,Email/Sender Domain,alerts@login-check.example.org,Public Threat Feed,B,38,Medium,53,FALSE_POSITIVE,2026-03-23 20:37:18,2026-04-19 20:37:18,United States,"Synthetic defensive cybersecurity observation related to web threat. This record is for awareness, analysis, and defensive security monitoring.",Exfiltration,Credential Phishing,
THR-2026-0073,2026-09-28 06:34:18,Ransomware Activity Pattern,Data Exposure,Email/Sender Domain,alerts@cloud-security.example.com,Public Threat Feed,B,96,High,78,FALSE_POSITIVE,2026-09-06 06:34:18,2026-09-30 06:34:18,Australia,"Synthetic defensive cybersecurity observation related to data exposure. This record is for awareness, analysis, and defensive security monitoring.",Credential Access,Phishing,
THR-2026-0074,2026-06-19 21:30:18,Suspicious Malware Indicator,Ransomware,CVE,CVE-2021-11196,Public Threat Feed,B,28,Medium,57,UNDER_REVIEW,2026-06-14 21:30:18,2026-06-21 21:30:18,Global,"Synthetic defensive cybersecurity observation related to ransomware. This record is for awareness, analysis, and defensive security monitoring.",Discovery,Phishing,CVE-2025-40074
THR-2026-0075,2026-07-28 05:03:18,Suspicious Web Activity,Malware,URL,https://identity-check.example.net/verify,Public Threat Feed,B,79,High,69,FALSE_POSITIVE,2026-07-12 05:03:18,2026-07-28 05:03:18,Australia,"Synthetic defensive cybersecurity observation related to malware. This record is for awareness, analysis, and defensive security monitoring.",Persistence,Phishing,
THR-2026-0076,2026-08-31 03:33:18,Vulnerability Exposure,Credential Threat,SHA-256,e2c6cc6e6937c712819069efe4625f7f77838c07823c12b4d8a2a52012522ed5,Internal SOC,A,32,Medium,58,UNDER_REVIEW,2026-08-21 03:33:18,2026-08-31 03:33:18,Germany,"Synthetic defensive cybersecurity observation related to credential threat. This record is for awareness, analysis, and defensive security monitoring.",Discovery,Application Layer Protocol,
THR-2026-0077,2026-06-16 11:22:18,Account Security Event,Credential Threat,Email/Sender Domain,alerts@update-service.example.net,Public Threat Feed,B,70,High,66,MONITORING,2026-05-18 11:22:18,2026-06-16 11:22:18,India,"Synthetic defensive cybersecurity observation related to credential threat. This record is for awareness, analysis, and defensive security monitoring.",Credential Access,Phishing,
THR-2026-0078,2026-09-08 04:24:18,Suspicious Web Activity,Network Threat,Domain,identity-check.example.org,Community Submission,C,83,High,76,UNDER_REVIEW,2026-08-21 04:24:18,2026-09-11 04:24:18,United Kingdom,"Synthetic defensive cybersecurity observation related to network threat. This record is for awareness, analysis, and defensive security monitoring.",,,
THR-2026-0079,2026-07-07 11:59:18,Suspicious Web Activity,Ransomware,IP,192.0.2.45,Security Vendor,A,39,High,63,FALSE_POSITIVE,2026-06-17 11:59:18,2026-07-08 11:59:18,United States,"Synthetic defensive cybersecurity observation related to ransomware. This record is for awareness, analysis, and defensive security monitoring.",,,
THR-2026-0080,2026-06-12 13:52:18,Account Security Event,Malware,Domain,account-verify.example.org,Unknown Source,D,88,Critical,88,UNDER_REVIEW,2026-05-15 13:52:18,2026-06-16 13:52:18,Germany,"Synthetic defensive cybersecurity observation related to malware. This record is for awareness, analysis, and defensive security monitoring.",Initial Access,Credential Phishing,
THR-2026-0081,2026-09-17 02:22:18,Suspicious Malware Indicator,Social Engineering,CVE,CVE-2025-39933,Internal SOC,A,60,Medium,59,FALSE_POSITIVE,2026-09-03 02:22:18,2026-09-17 02:22:18,Germany,"Synthetic defensive cybersecurity observation related to social engineering. This record is for awareness, analysis, and defensive security monitoring.",Credential Access,Network Service Scanning,CVE-2023-6028
THR-2026-0082,2026-07-14 16:21:18,Suspicious Malware Indicator,Data Exposure,CVE,CVE-2025-43344,Internal SOC,A,82,Critical,86,UNDER_REVIEW,2026-06-28 16:21:18,2026-07-15 16:21:18,India,"Synthetic defensive cybersecurity observation related to data exposure. This record is for awareness, analysis, and defensive security monitoring.",Execution,Application Layer Protocol,CVE-2023-47813
THR-2026-0083,2026-06-27 22:02:18,Network Threat Observation,Social Engineering,SHA-256,4e6047229a4b2677697b36738e68e3064253062c7d982ec1d690acb4354991e9,Community Submission,C,45,High,65,MONITORING,2026-06-17 22:02:18,2026-07-02 22:02:18,India,"Synthetic defensive cybersecurity observation related to social engineering. This record is for awareness, analysis, and defensive security monitoring.",,,
THR-2026-0084,2026-07-12 09:14:18,Vulnerability Exposure,Data Exposure,CVE,CVE-2022-39996,Public Threat Feed,B,57,High,65,NEW,2026-06-21 09:14:18,2026-07-13 09:14:18,United Kingdom,"Synthetic defensive cybersecurity observation related to data exposure. This record is for awareness, analysis, and defensive security monitoring.",Discovery,Credential Phishing,CVE-2026-46775
THR-2026-0085,2026-10-01 00:32:18,Social Engineering Attempt,Network Threat,Domain,security-alert.example.com,Public Threat Feed,B,92,High,73,UNDER_REVIEW,2026-09-26 00:32:18,2026-10-02 00:32:18,United States,"Synthetic defensive cybersecurity observation related to network threat. This record is for awareness, analysis, and defensive security monitoring.",Initial Access,User Execution,
THR-2026-0086,2026-09-01 16:27:18,Account Security Event,Malware,Email/Sender Domain,alerts@cloud-security.example.com,Security Vendor,A,92,High,78,CLOSED,2026-08-28 16:27:18,2026-09-02 16:27:18,India,"Synthetic defensive cybersecurity observation related to malware. This record is for awareness, analysis, and defensive security monitoring.",Credential Access,User Execution,
THR-2026-0087,2026-06-07 05:28:18,Suspicious Web Activity,Credential Threat,SHA-256,c2faa611ef4ed54e332b09aa6dad3b4cbbcb32c3aec883b021b43b74678f1176,Research Report,B,82,High,71,FALSE_POSITIVE,2026-05-17 05:28:18,2026-06-11 05:28:18,Singapore,"Synthetic defensive cybersecurity observation related to credential threat. This record is for awareness, analysis, and defensive security monitoring.",Credential Access,Valid Accounts,
THR-2026-0088,2026-05-17 08:06:18,Ransomware Activity Pattern,Credential Threat,Email/Sender Domain,alerts@account-verify.example.net,Internal SOC,A,57,Medium,52,FALSE_POSITIVE,2026-04-20 08:06:18,2026-05-21 08:06:18,United States,"Synthetic defensive cybersecurity observation related to credential threat. This record is for awareness, analysis, and defensive security monitoring.",Exfiltration,Credential Phishing,
THR-2026-0089,2026-06-25 19:28:18,Synthetic Credential Phishing Campaign,Malware,Domain,account-verify.invalid,Internal SOC,A,69,High,66,MONITORING,2026-06-18 19:28:18,2026-06-28 19:28:18,Global,"Synthetic defensive cybersecurity observation related to malware. This record is for awareness, analysis, and defensive security monitoring.",Execution,Valid Accounts,
THR-2026-0090,2026-06-12 16:51:18,Ransomware Activity Pattern,Phishing,URL,https://secure-login.example.net/verify,Internal SOC,A,85,Critical,83,NEW,2026-05-15 16:51:18,2026-06-12 16:51:18,Global,"Synthetic defensive cybersecurity observation related to phishing. This record is for awareness, analysis, and defensive security monitoring.",Persistence,Valid Accounts,
THR-2026-0091,2026-09-06 20:13:18,Credential Theft Observation,Web Threat,IP,203.0.113.37,Unknown Source,D,78,Medium,54,MONITORING,2026-08-20 20:13:18,2026-09-06 20:13:18,Germany,"Synthetic defensive cybersecurity observation related to web threat. This record is for awareness, analysis, and defensive security monitoring.",Initial Access,Network Service Scanning,
THR-2026-0092,2026-09-17 19:17:18,Social Engineering Attempt,Network Threat,Domain,login-check.example.net,Community Submission,C,48,High,64,MONITORING,2026-09-01 19:17:18,2026-09-21 19:17:18,United Kingdom,"Synthetic defensive cybersecurity observation related to network threat. This record is for awareness, analysis, and defensive security monitoring.",,,
THR-2026-0093,2026-07-12 07:49:18,Ransomware Activity Pattern,Phishing,URL,https://cloud-security.example.net/verify,Public Threat Feed,B,69,High,72,CLOSED,2026-07-01 07:49:18,2026-07-16 07:49:18,Australia,"Synthetic defensive cybersecurity observation related to phishing. This record is for awareness, analysis, and defensive security monitoring.",Execution,Data from Information Repositories,
THR-2026-0094,2026-08-15 10:31:18,Potential Data Exposure,Ransomware,IP,198.51.100.65,Community Submission,C,83,High,63,NEW,2026-07-17 10:31:18,2026-08-17 10:31:18,Global,"Synthetic defensive cybersecurity observation related to ransomware. This record is for awareness, analysis, and defensive security monitoring.",Command and Control,Valid Accounts,
THR-2026-0095,2026-07-02 21:55:18,Vulnerability Exposure,Web Threat,URL,https://account-verify.example.com/verify,Research Report,B,31,High,66,CLOSED,2026-06-20 21:55:18,2026-07-07 21:55:18,Australia,"Synthetic defensive cybersecurity observation related to web threat. This record is for awareness, analysis, and defensive security monitoring.",Credential Access,User Execution,
THR-2026-0096,2026-05-19 02:31:18,Suspicious Web Activity,Data Exposure,URL,https://update-service.example.net/verify,Public Threat Feed,B,79,High,69,UNDER_REVIEW,2026-05-16 02:31:18,2026-05-19 02:31:18,Australia,"Synthetic defensive cybersecurity observation related to data exposure. This record is for awareness, analysis, and defensive security monitoring.",Credential Access,User Execution,
THR-2026-0097,2026-09-15 14:11:18,Ransomware Activity Pattern,Social Engineering,IP,192.0.2.37,Community Submission,C,70,High,68,FALSE_POSITIVE,2026-09-03 14:11:18,2026-09-17 14:11:18,Australia,"Synthetic defensive cybersecurity observation related to social engineering. This record is for awareness, analysis, and defensive security monitoring.",Exfiltration,Credential Phishing,
THR-2026-0098,2026-09-26 16:42:18,Suspicious Malware Indicator,Phishing,Domain,secure-login.example.com,Public Threat Feed,B,71,High,61,FALSE_POSITIVE,2026-09-05 16:42:18,2026-09-29 16:42:18,United Kingdom,"Synthetic defensive cybersecurity observation related to phishing. This record is for awareness, analysis, and defensive security monitoring.",Credential Access,User Execution,
THR-2026-0099,2026-06-27 18:44:18,Account Security Event,Web Threat,Domain,account-verify.example.net,Unknown Source,D,28,High,69,UNDER_REVIEW,2026-06-19 18:44:18,2026-06-29 18:44:18,India,"Synthetic defensive cybersecurity observation related to web threat. This record is for awareness, analysis, and defensive security monitoring.",Execution,Data from Information Repositories,
THR-2026-0100,2026-09-18 18:17:18,Ransomware Activity Pattern,Malware,SHA-256,30f879ebecb0f4e99a30e7dca03052bd08000565d8498bff1b12553e92923bdd,Security Vendor,A,81,Medium,55,FALSE_POSITIVE,2026-09-09 18:17:18,2026-09-20 18:17:18,United States,"Synthetic defensive cybersecurity observation related to malware. This record is for awareness, analysis, and defensive security monitoring.",Initial Access,Valid Accounts,
THR-2026-0101,2026-06-07 18:43:18,Social Engineering Attempt,Ransomware,Domain,secure-login.example.net,Internal SOC,A,28,High,62,CLOSED,2026-05-19 18:43:18,2026-06-07 18:43:18,Global,"Synthetic defensive cybersecurity observation related to ransomware. This record is for awareness, analysis, and defensive security monitoring.",Discovery,Phishing,
THR-2026-0102,2026-05-16 15:14:18,Synthetic Credential Phishing Campaign,Ransomware,URL,https://cloud-security.invalid/verify,Research Report,B,82,High,72,FALSE_POSITIVE,2026-05-11 15:14:18,2026-05-17 15:14:18,United States,"Synthetic defensive cybersecurity observation related to ransomware. This record is for awareness, analysis, and defensive security monitoring.",Persistence,Valid Accounts,
THR-2026-0103,2026-09-15 03:39:18,Suspicious Web Activity,Ransomware,URL,https://secure-login.invalid/verify,Public Threat Feed,B,53,High,75,FALSE_POSITIVE,2026-08-26 03:39:18,2026-09-19 03:39:18,Australia,"Synthetic defensive cybersecurity observation related to ransomware. This record is for awareness, analysis, and defensive security monitoring.",,,
THR-2026-0104,2026-07-10 17:49:18,Account Security Event,Ransomware,Email/Sender Domain,alerts@account-verify.example.com,Internal SOC,A,44,High,75,FALSE_POSITIVE,2026-06-14 17:49:18,2026-07-10 17:49:18,Germany,"Synthetic defensive cybersecurity observation related to ransomware. This record is for awareness, analysis, and defensive security monitoring.",,,
THR-2026-0105,2026-04-12 23:32:18,Social Engineering Attempt,Account Security,CVE,CVE-2024-14370,Unknown Source,D,94,Medium,53,MONITORING,2026-03-29 23:32:18,2026-04-12 23:32:18,Singapore,"Synthetic defensive cybersecurity observation related to account security. This record is for awareness, analysis, and defensive security monitoring.",,,CVE-2024-28238
THR-2026-0106,2026-07-02 19:16:18,Suspicious Web Activity,Ransomware,URL,https://update-service.example.com/verify,Security Vendor,A,65,High,74,UNDER_REVIEW,2026-06-29 19:16:18,2026-07-04 19:16:18,India,"Synthetic defensive cybersecurity observation related to ransomware. This record is for awareness, analysis, and defensive security monitoring.",Initial Access,User Execution,
THR-2026-0107,2026-07-17 05:03:18,Synthetic Credential Phishing Campaign,Vulnerability Exposure,Email/Sender Domain,alerts@login-check.example.net,Community Submission,C,45,High,65,FALSE_POSITIVE,2026-07-12 05:03:18,2026-07-20 05:03:18,Germany,"Synthetic defensive cybersecurity observation related to vulnerability exposure. This record is for awareness, analysis, and defensive security monitoring.",Execution,Valid Accounts,CVE-2023-33595
THR-2026-0108,2026-07-23 18:51:18,Suspicious Web Activity,Account Security,URL,https://identity-check.example.org/verify,Research Report,B,61,Medium,56,CLOSED,2026-06-26 18:51:18,2026-07-23 18:51:18,United Kingdom,"Synthetic defensive cybersecurity observation related to account security. This record is for awareness, analysis, and defensive security monitoring.",,,
THR-2026-0109,2026-09-16 23:19:18,Account Security Event,Phishing,SHA-256,ecff3565e795fc0e1701ad6a739ce7f5da3c57a8c83a8c662ce4292095345318,Public Threat Feed,B,96,Medium,59,FALSE_POSITIVE,2026-09-02 23:19:18,2026-09-20 23:19:18,India,"Synthetic defensive cybersecurity observation related to phishing. This record is for awareness, analysis, and defensive security monitoring.",Execution,Phishing,
THR-2026-0110,2026-08-15 16:19:18,Network Threat Observation,Vulnerability Exposure,URL,https://cloud-security.example.net/verify,Internal SOC,A,68,High,70,FALSE_POSITIVE,2026-08-03 16:19:18,2026-08-19 16:19:18,Germany,"Synthetic defensive cybersecurity observation related to vulnerability exposure. This record is for awareness, analysis, and defensive security monitoring.",,,CVE-2022-47765
THR-2026-0111,2026-06-26 16:04:18,Potential Data Exposure,Ransomware,Email/Sender Domain,alerts@secure-login.example.net,Community Submission,C,42,High,68,FALSE_POSITIVE,2026-05-31 16:04:18,2026-06-28 16:04:18,United Kingdom,"Synthetic defensive cybersecurity observation related to ransomware. This record is for awareness, analysis, and defensive security monitoring.",Credential Access,Data from Information Repositories,
THR-2026-0112,2026-09-28 16:21:18,Synthetic Credential Phishing Campaign,Phishing,URL,https://secure-login.example.net/verify,Community Submission,C,39,Medium,60,UNDER_REVIEW,2026-09-20 16:21:18,2026-10-03 16:21:18,Singapore,"Synthetic defensive cybersecurity observation related to phishing. This record is for awareness, analysis, and defensive security monitoring.",Command and Control,Application Layer Protocol,
THR-2026-0113,2026-08-18 11:23:18,Credential Theft Observation,Account Security,SHA-256,2050b996b3a985d5adcac0aa668e92bd0b0eeac91dd70afdffae39eb4e856d26,Security Vendor,A,56,Medium,50,FALSE_POSITIVE,2026-08-08 11:23:18,2026-08-21 11:23:18,Global,"Synthetic defensive cybersecurity observation related to account security. This record is for awareness, analysis, and defensive security monitoring.",Discovery,Credential Phishing,
THR-2026-0114,2026-05-23 23:31:18,Network Threat Observation,Phishing,CVE,CVE-2026-51593,Research Report,B,51,Medium,54,MONITORING,2026-04-23 23:31:18,2026-05-24 23:31:18,Singapore,"Synthetic defensive cybersecurity observation related to phishing. This record is for awareness, analysis, and defensive security monitoring.",Credential Access,Valid Accounts,CVE-2023-36800
THR-2026-0115,2026-04-08 05:07:18,Potential Data Exposure,Credential Threat,URL,https://cloud-security.example.org/verify,Public Threat Feed,B,53,High,71,MONITORING,2026-03-17 05:07:18,2026-04-11 05:07:18,India,"Synthetic defensive cybersecurity observation related to credential threat. This record is for awareness, analysis, and defensive security monitoring.",Discovery,Application Layer Protocol,
THR-2026-0116,2026-07-23 10:33:18,Social Engineering Attempt,Data Exposure,SHA-256,b37381a0fac2ba3800d1b5c6dc42bc0820c7db86a48f13e3c57895b2972c6de5,Internal SOC,A,75,High,80,MONITORING,2026-06-23 10:33:18,2026-07-28 10:33:18,Australia,"Synthetic defensive cybersecurity observation related to data exposure. This record is for awareness, analysis, and defensive security monitoring.",Credential Access,Valid Accounts,
THR-2026-0117,2026-04-30 12:14:18,Potential Data Exposure,Credential Threat,Email/Sender Domain,alerts@security-alert.example.com,Internal SOC,A,96,High,65,NEW,2026-04-23 12:14:18,2026-05-01 12:14:18,India,"Synthetic defensive cybersecurity observation related to credential threat. This record is for awareness, analysis, and defensive security monitoring.",Credential Access,User Execution,
THR-2026-0118,2026-06-22 14:52:18,Suspicious Web Activity,Social Engineering,IP,198.51.100.74,Research Report,B,42,High,62,NEW,2026-05-25 14:52:18,2026-06-25 14:52:18,Global,"Synthetic defensive cybersecurity observation related to social engineering. This record is for awareness, analysis, and defensive security monitoring.",Initial Access,Application Layer Protocol,
THR-2026-0119,2026-09-25 23:01:18,Suspicious Web Activity,Account Security,Domain,login-check.invalid,Unknown Source,D,29,Medium,59,MONITORING,2026-09-10 23:01:18,2026-09-26 23:01:18,Singapore,"Synthetic defensive cybersecurity observation related to account security. This record is for awareness, analysis, and defensive security monitoring.",Discovery,Phishing,
THR-2026-0120,2026-05-28 21:34:18,Social Engineering Attempt,Network Threat,URL,https://identity-check.example.org/verify,Public Threat Feed,B,94,High,71,UNDER_REVIEW,2026-05-22 21:34:18,2026-05-28 21:34:18,India,"Synthetic defensive cybersecurity observation related to network threat. This record is for awareness, analysis, and defensive security monitoring.",,,
THR-2026-0121,2026-06-17 19:31:18,Ransomware Activity Pattern,Network Threat,URL,https://update-service.example.org/verify,Unknown Source,D,49,High,69,UNDER_REVIEW,2026-06-15 19:31:18,2026-06-20 19:31:18,India,"Synthetic defensive cybersecurity observation related to network threat. This record is for awareness, analysis, and defensive security monitoring.",,,
THR-2026-0122,2026-10-03 03:10:18,Suspicious Malware Indicator,Web Threat,SHA-256,972efa8070135992ce40d7cf96b89e5fbc2f8d839b28de86b0196e3d2b3dcca6,Security Vendor,A,59,High,62,MONITORING,2026-09-22 03:10:18,2026-10-08 03:10:18,United States,"Synthetic defensive cybersecurity observation related to web threat. This record is for awareness, analysis, and defensive security monitoring.",,,
THR-2026-0123,2026-07-02 16:37:18,Network Threat Observation,Vulnerability Exposure,CVE,CVE-2024-47002,Research Report,B,64,High,68,FALSE_POSITIVE,2026-06-25 16:37:18,2026-07-03 16:37:18,Germany,"Synthetic defensive cybersecurity observation related to vulnerability exposure. This record is for awareness, analysis, and defensive security monitoring.",,,CVE-2026-40697
THR-2026-0124,2026-05-23 21:18:18,Potential Data Exposure,Data Exposure,CVE,CVE-2025-14248,Internal SOC,A,56,High,71,FALSE_POSITIVE,2026-05-01 21:18:18,2026-05-25 21:18:18,Singapore,"Synthetic defensive cybersecurity observation related to data exposure. This record is for awareness, analysis, and defensive security monitoring.",Execution,Valid Accounts,CVE-2021-5047
THR-2026-0125,2026-05-27 21:00:18,Social Engineering Attempt,Network Threat,Email/Sender Domain,alerts@secure-login.invalid,Security Vendor,A,51,Medium,60,FALSE_POSITIVE,2026-05-26 21:00:18,2026-05-30 21:00:18,Germany,"Synthetic defensive cybersecurity observation related to network threat. This record is for awareness, analysis, and defensive security monitoring.",Command and Control,Data from Information Repositories,
THR-2026-0126,2026-05-10 09:49:18,Suspicious Malware Indicator,Web Threat,CVE,CVE-2024-3079,Unknown Source,D,57,Medium,46,MONITORING,2026-04-27 09:49:18,2026-05-12 09:49:18,Germany,"Synthetic defensive cybersecurity observation related to web threat. This record is for awareness, analysis, and defensive security monitoring.",,,CVE-2021-59603
THR-2026-0127,2026-07-01 09:08:18,Network Threat Observation,Ransomware,Domain,login-check.example.com,Community Submission,C,78,High,72,FALSE_POSITIVE,2026-06-01 09:08:18,2026-07-06 09:08:18,Germany,"Synthetic defensive cybersecurity observation related to ransomware. This record is for awareness, analysis, and defensive security monitoring.",,,
THR-2026-0128,2026-07-20 21:08:18,Credential Theft Observation,Data Exposure,Domain,security-alert.example.net,Research Report,B,53,High,63,MONITORING,2026-06-27 21:08:18,2026-07-24 21:08:18,United States,"Synthetic defensive cybersecurity observation related to data exposure. This record is for awareness, analysis, and defensive security monitoring.",Persistence,Valid Accounts,
THR-2026-0129,2026-09-18 08:13:18,Synthetic Credential Phishing Campaign,Malware,IP,192.0.2.190,Community Submission,C,78,High,66,NEW,2026-09-17 08:13:18,2026-09-21 08:13:18,Germany,"Synthetic defensive cybersecurity observation related to malware. This record is for awareness, analysis, and defensive security monitoring.",Credential Access,Valid Accounts,
THR-2026-0130,2026-05-11 01:15:18,Ransomware Activity Pattern,Data Exposure,Domain,identity-check.example.com,Public Threat Feed,B,32,Medium,57,CLOSED,2026-04-22 01:15:18,2026-05-16 01:15:18,United Kingdom,"Synthetic defensive cybersecurity observation related to data exposure. This record is for awareness, analysis, and defensive security monitoring.",,,
THR-2026-0131,2026-09-23 00:10:18,Vulnerability Exposure,Web Threat,IP,198.51.100.39,Community Submission,C,47,High,69,MONITORING,2026-09-02 00:10:18,2026-09-26 00:10:18,Germany,"Synthetic defensive cybersecurity observation related to web threat. This record is for awareness, analysis, and defensive security monitoring.",Execution,Data from Information Repositories,
THR-2026-0132,2026-09-20 18:25:18,Vulnerability Exposure,Data Exposure,SHA-256,a9ae23b54a4c337eb72c910cc734f028e7a6d0aa157e18a01749a7bdfcb84d27,Community Submission,C,53,Medium,58,MONITORING,2026-08-21 18:25:18,2026-09-23 18:25:18,United States,"Synthetic defensive cybersecurity observation related to data exposure. This record is for awareness, analysis, and defensive security monitoring.",Persistence,Application Layer Protocol,
THR-2026-0133,2026-06-30 14:13:18,Account Security Event,Malware,SHA-256,78513f304cf047caa87721171871e7d5d168ffef049cdbede6d376e2bc0f94bc,Internal SOC,A,36,Medium,57,FALSE_POSITIVE,2026-06-11 14:13:18,2026-06-30 14:13:18,United States,"Synthetic defensive cybersecurity observation related to malware. This record is for awareness, analysis, and defensive security monitoring.",,,
THR-2026-0134,2026-09-04 12:03:18,Credential Theft Observation,Social Engineering,Domain,update-service.example.com,Unknown Source,D,67,High,66,FALSE_POSITIVE,2026-08-20 12:03:18,2026-09-05 12:03:18,United Kingdom,"Synthetic defensive cybersecurity observation related to social engineering. This record is for awareness, analysis, and defensive security monitoring.",Exfiltration,User Execution,
THR-2026-0135,2026-05-30 21:45:18,Network Threat Observation,Vulnerability Exposure,SHA-256,46fcf4631ba713579eb0edf745e3cd30c8e0e34d6c592342d7af731ba9353b96,Research Report,B,70,High,69,CLOSED,2026-05-05 21:45:18,2026-06-04 21:45:18,India,"Synthetic defensive cybersecurity observation related to vulnerability exposure. This record is for awareness, analysis, and defensive security monitoring.",Discovery,Data from Information Repositories,CVE-2023-14312
THR-2026-0136,2026-07-22 07:39:18,Potential Data Exposure,Credential Threat,CVE,CVE-2026-45882,Research Report,B,58,Medium,58,MONITORING,2026-07-12 07:39:18,2026-07-23 07:39:18,United Kingdom,"Synthetic defensive cybersecurity observation related to credential threat. This record is for awareness, analysis, and defensive security monitoring.",Exfiltration,Data from Information Repositories,CVE-2022-33722
THR-2026-0137,2026-08-23 07:05:18,Synthetic Credential Phishing Campaign,Social Engineering,CVE,CVE-2025-3216,Security Vendor,A,87,High,74,NEW,2026-08-06 07:05:18,2026-08-26 07:05:18,Global,"Synthetic defensive cybersecurity observation related to social engineering. This record is for awareness, analysis, and defensive security monitoring.",Command and Control,Phishing,CVE-2025-43061
THR-2026-0138,2026-05-28 21:28:18,Account Security Event,Phishing,SHA-256,d2bf3d60e52f6535681535b77e6b65ec4601d56926aeeb4cb3794b3d4b388786,Unknown Source,D,54,Low,40,CLOSED,2026-05-27 21:28:18,2026-06-01 21:28:18,India,"Synthetic defensive cybersecurity observation related to phishing. This record is for awareness, analysis, and defensive security monitoring.",Initial Access,Network Service Scanning,
THR-2026-0139,2026-09-30 18:59:18,Ransomware Activity Pattern,Data Exposure,SHA-256,caf28da0f2c2f6b806164132939f6b70725c95d6daac3a9ea3c9a63502f765ef,Research Report,B,92,Medium,57,NEW,2026-09-08 18:59:18,2026-10-05 18:59:18,Singapore,"Synthetic defensive cybersecurity observation related to data exposure. This record is for awareness, analysis, and defensive security monitoring.",Execution,Valid Accounts,
THR-2026-0140,2026-06-23 21:15:18,Suspicious Malware Indicator,Credential Threat,Email/Sender Domain,alerts@identity-check.invalid,Security Vendor,A,70,High,67,NEW,2026-06-16 21:15:18,2026-06-28 21:15:18,Germany,"Synthetic defensive cybersecurity observation related to credential threat. This record is for awareness, analysis, and defensive security monitoring.",Credential Access,Credential Phishing,
THR-2026-0141,2026-06-15 15:01:18,Synthetic Credential Phishing Campaign,Data Exposure,SHA-256,dfd67aceb476655d8b0b9fd8960451d885f80e20464801555fa5d39204de9cfa,Internal SOC,A,26,Medium,44,UNDER_REVIEW,2026-06-05 15:01:18,2026-06-19 15:01:18,Global,"Synthetic defensive cybersecurity observation related to data exposure. This record is for awareness, analysis, and defensive security monitoring.",Command and Control,Network Service Scanning,
THR-2026-0142,2026-05-13 14:49:18,Account Security Event,Social Engineering,URL,https://security-alert.example.net/verify,Internal SOC,A,34,Medium,48,NEW,2026-05-08 14:49:18,2026-05-15 14:49:18,United Kingdom,"Synthetic defensive cybersecurity observation related to social engineering. This record is for awareness, analysis, and defensive security monitoring.",Execution,Network Service Scanning,
THR-2026-0143,2026-08-30 13:05:18,Synthetic Credential Phishing Campaign,Credential Threat,Email/Sender Domain,alerts@login-check.example.net,Unknown Source,D,74,High,75,UNDER_REVIEW,2026-08-28 13:05:18,2026-09-03 13:05:18,Global,"Synthetic defensive cybersecurity observation related to credential threat. This record is for awareness, analysis, and defensive security monitoring.",Initial Access,User Execution,
THR-2026-0144,2026-06-11 20:37:18,Account Security Event,Account Security,Email/Sender Domain,alerts@identity-check.example.net,Research Report,B,75,High,76,NEW,2026-05-31 20:37:18,2026-06-15 20:37:18,Global,"Synthetic defensive cybersecurity observation related to account security. This record is for awareness, analysis, and defensive security monitoring.",Discovery,User Execution,
THR-2026-0145,2026-06-28 01:28:18,Suspicious Web Activity,Credential Threat,CVE,CVE-2021-9683,Internal SOC,A,59,Medium,49,NEW,2026-06-25 01:28:18,2026-06-28 01:28:18,United States,"Synthetic defensive cybersecurity observation related to credential threat. This record is for awareness, analysis, and defensive security monitoring.",Credential Access,Credential Phishing,CVE-2024-24587
THR-2026-0146,2026-09-11 16:13:18,Vulnerability Exposure,Data Exposure,Email/Sender Domain,alerts@update-service.invalid,Research Report,B,38,Medium,56,FALSE_POSITIVE,2026-08-17 16:13:18,2026-09-13 16:13:18,United States,"Synthetic defensive cybersecurity observation related to data exposure. This record is for awareness, analysis, and defensive security monitoring.",,,
THR-2026-0147,2026-07-28 20:42:18,Suspicious Web Activity,Account Security,Email/Sender Domain,alerts@update-service.invalid,Research Report,B,73,Medium,48,MONITORING,2026-07-26 20:42:18,2026-07-29 20:42:18,United Kingdom,"Synthetic defensive cybersecurity observation related to account security. This record is for awareness, analysis, and defensive security monitoring.",Execution,Application Layer Protocol,
THR-2026-0148,2026-06-26 00:58:18,Vulnerability Exposure,Social Engineering,Email/Sender Domain,alerts@cloud-security.example.com,Public Threat Feed,B,83,High,62,MONITORING,2026-06-07 00:58:18,2026-06-29 00:58:18,United Kingdom,"Synthetic defensive cybersecurity observation related to social engineering. This record is for awareness, analysis, and defensive security monitoring.",Discovery,Application Layer Protocol,
THR-2026-0149,2026-05-11 04:31:18,Account Security Event,Credential Threat,SHA-256,abb788df6b2e826fc88dff9f256118416ea082180c46323b96770eb242a6f19f,Research Report,B,75,High,65,FALSE_POSITIVE,2026-04-29 04:31:18,2026-05-13 04:31:18,Singapore,"Synthetic defensive cybersecurity observation related to credential threat. This record is for awareness, analysis, and defensive security monitoring.",Execution,Application Layer Protocol,
THR-2026-0150,2026-04-11 08:59:18,Suspicious Web Activity,Data Exposure,IP,192.0.2.65,Unknown Source,D,84,Critical,82,UNDER_REVIEW,2026-03-15 08:59:18,2026-04-14 08:59:18,Australia,"Synthetic defensive cybersecurity observation related to data exposure. This record is for awareness, analysis, and defensive security monitoring.",Credential Access,Data from Information Repositories,
THR-2026-0151,2026-04-10 22:17:18,Suspicious Malware Indicator,Vulnerability Exposure,IP,192.0.2.197,Unknown Source,D,86,High,71,UNDER_REVIEW,2026-04-09 22:17:18,2026-04-12 22:17:18,Australia,"Synthetic defensive cybersecurity observation related to vulnerability exposure. This record is for awareness, analysis, and defensive security monitoring.",Command and Control,User Execution,CVE-2025-39916
THR-2026-0152,2026-06-17 08:51:18,Account Security Event,Ransomware,CVE,CVE-2026-38698,Security Vendor,A,97,Critical,81,UNDER_REVIEW,2026-06-14 08:51:18,2026-06-19 08:51:18,Germany,"Synthetic defensive cybersecurity observation related to ransomware. This record is for awareness, analysis, and defensive security monitoring.",Persistence,Credential Phishing,CVE-2025-37568
THR-2026-0153,2026-09-09 02:25:18,Network Threat Observation,Social Engineering,CVE,CVE-2023-23483,Internal SOC,A,89,High,71,CLOSED,2026-08-11 02:25:18,2026-09-09 02:25:18,Global,"Synthetic defensive cybersecurity observation related to social engineering. This record is for awareness, analysis, and defensive security monitoring.",Execution,Network Service Scanning,CVE-2026-10284
THR-2026-0154,2026-07-21 10:00:18,Suspicious Malware Indicator,Social Engineering,URL,https://identity-check.example.com/verify,Internal SOC,A,81,High,65,UNDER_REVIEW,2026-06-29 10:00:18,2026-07-21 10:00:18,Singapore,"Synthetic defensive cybersecurity observation related to social engineering. This record is for awareness, analysis, and defensive security monitoring.",Execution,Network Service Scanning,
THR-2026-0155,2026-08-18 15:09:18,Credential Theft Observation,Ransomware,URL,https://update-service.example.net/verify,Internal SOC,A,84,High,71,CLOSED,2026-08-05 15:09:18,2026-08-21 15:09:18,India,"Synthetic defensive cybersecurity observation related to ransomware. This record is for awareness, analysis, and defensive security monitoring.",Command and Control,Valid Accounts,
THR-2026-0156,2026-08-19 00:31:18,Social Engineering Attempt,Credential Threat,URL,https://secure-login.example.org/verify,Internal SOC,A,33,High,63,FALSE_POSITIVE,2026-08-13 00:31:18,2026-08-22 00:31:18,Germany,"Synthetic defensive cybersecurity observation related to credential threat. This record is for awareness, analysis, and defensive security monitoring.",Discovery,Credential Phishing,
THR-2026-0157,2026-04-30 17:46:18,Suspicious Web Activity,Account Security,IP,192.0.2.47,Public Threat Feed,B,83,High,67,MONITORING,2026-04-09 17:46:18,2026-05-01 17:46:18,Australia,"Synthetic defensive cybersecurity observation related to account security. This record is for awareness, analysis, and defensive security monitoring.",,,
THR-2026-0158,2026-06-02 15:17:18,Social Engineering Attempt,Ransomware,Email/Sender Domain,alerts@account-verify.example.com,Security Vendor,A,42,Medium,55,UNDER_REVIEW,2026-05-11 15:17:18,2026-06-07 15:17:18,United Kingdom,"Synthetic defensive cybersecurity observation related to ransomware. This record is for awareness, analysis, and defensive security monitoring.",Exfiltration,Credential Phishing,
THR-2026-0159,2026-05-14 19:10:18,Social Engineering Attempt,Account Security,IP,198.51.100.43,Unknown Source,D,26,High,61,NEW,2026-04-29 19:10:18,2026-05-17 19:10:18,Singapore,"Synthetic defensive cybersecurity observation related to account security. This record is for awareness, analysis, and defensive security monitoring.",Initial Access,Data from Information Repositories,
THR-2026-0160,2026-05-13 12:02:18,Account Security Event,Credential Threat,URL,https://login-check.example.org/verify,Community Submission,C,53,Medium,46,FALSE_POSITIVE,2026-04-19 12:02:18,2026-05-16 12:02:18,Global,"Synthetic defensive cybersecurity observation related to credential threat. This record is for awareness, analysis, and defensive security monitoring.",Persistence,Network Service Scanning,
THR-2026-0161,2026-07-21 10:23:18,Credential Theft Observation,Phishing,CVE,CVE-2022-54130,Internal SOC,A,52,Medium,55,FALSE_POSITIVE,2026-07-13 10:23:18,2026-07-23 10:23:18,Australia,"Synthetic defensive cybersecurity observation related to phishing. This record is for awareness, analysis, and defensive security monitoring.",Persistence,Data from Information Repositories,CVE-2021-51831
THR-2026-0162,2026-09-19 17:29:18,Suspicious Web Activity,Account Security,CVE,CVE-2023-38534,Community Submission,C,42,Medium,57,MONITORING,2026-09-02 17:29:18,2026-09-21 17:29:18,Global,"Synthetic defensive cybersecurity observation related to account security. This record is for awareness, analysis, and defensive security monitoring.",Discovery,Application Layer Protocol,CVE-2023-47140
THR-2026-0163,2026-04-09 07:36:18,Vulnerability Exposure,Malware,Domain,update-service.example.com,Public Threat Feed,B,77,High,74,FALSE_POSITIVE,2026-04-05 07:36:18,2026-04-14 07:36:18,Australia,"Synthetic defensive cybersecurity observation related to malware. This record is for awareness, analysis, and defensive security monitoring.",Persistence,Application Layer Protocol,
THR-2026-0164,2026-04-11 00:22:18,Social Engineering Attempt,Vulnerability Exposure,SHA-256,3e07e4b13a70822beca06020b4e1b0d18d980ff40dbc669aa4d5ac590af2898c,Public Threat Feed,B,36,Medium,56,MONITORING,2026-03-12 00:22:18,2026-04-14 00:22:18,Global,"Synthetic defensive cybersecurity observation related to vulnerability exposure. This record is for awareness, analysis, and defensive security monitoring.",Initial Access,Data from Information Repositories,CVE-2026-7104
THR-2026-0165,2026-07-15 02:30:18,Social Engineering Attempt,Data Exposure,SHA-256,3628b5d59192c4ea1dd0518ded8942f22a7dcb940be957c7248a13d0ddcf77bf,Security Vendor,A,79,High,66,NEW,2026-06-28 02:30:18,2026-07-19 02:30:18,India,"Synthetic defensive cybersecurity observation related to data exposure. This record is for awareness, analysis, and defensive security monitoring.",Initial Access,Application Layer Protocol,
THR-2026-0166,2026-08-14 12:53:18,Suspicious Web Activity,Social Engineering,IP,192.0.2.168,Public Threat Feed,B,45,Medium,48,MONITORING,2026-08-10 12:53:18,2026-08-19 12:53:18,United Kingdom,"Synthetic defensive cybersecurity observation related to social engineering. This record is for awareness, analysis, and defensive security monitoring.",,,
THR-2026-0167,2026-04-09 04:24:18,Credential Theft Observation,Malware,URL,https://update-service.invalid/verify,Unknown Source,D,46,High,61,UNDER_REVIEW,2026-03-20 04:24:18,2026-04-09 04:24:18,Singapore,"Synthetic defensive cybersecurity observation related to malware. This record is for awareness, analysis, and defensive security monitoring.",,,
THR-2026-0168,2026-06-18 13:43:18,Suspicious Malware Indicator,Credential Threat,Email/Sender Domain,alerts@login-check.example.org,Security Vendor,A,26,Medium,54,MONITORING,2026-06-03 13:43:18,2026-06-18 13:43:18,United Kingdom,"Synthetic defensive cybersecurity observation related to credential threat. This record is for awareness, analysis, and defensive security monitoring.",Execution,Credential Phishing,
THR-2026-0169,2026-05-01 15:41:18,Vulnerability Exposure,Ransomware,CVE,CVE-2025-45994,Unknown Source,D,43,High,64,CLOSED,2026-04-17 15:41:18,2026-05-03 15:41:18,Global,"Synthetic defensive cybersecurity observation related to ransomware. This record is for awareness, analysis, and defensive security monitoring.",,,CVE-2026-10920
THR-2026-0170,2026-07-07 22:31:18,Suspicious Malware Indicator,Credential Threat,IP,192.0.2.142,Security Vendor,A,42,High,70,FALSE_POSITIVE,2026-06-12 22:31:18,2026-07-08 22:31:18,Singapore,"Synthetic defensive cybersecurity observation related to credential threat. This record is for awareness, analysis, and defensive security monitoring.",Command and Control,Network Service Scanning,
THR-2026-0171,2026-08-17 12:26:18,Vulnerability Exposure,Web Threat,CVE,CVE-2021-16799,Internal SOC,A,63,Medium,52,CLOSED,2026-08-08 12:26:18,2026-08-22 12:26:18,Australia,"Synthetic defensive cybersecurity observation related to web threat. This record is for awareness, analysis, and defensive security monitoring.",Discovery,Phishing,CVE-2022-33432
THR-2026-0172,2026-06-20 00:17:18,Suspicious Malware Indicator,Data Exposure,IP,192.0.2.151,Research Report,B,65,High,78,NEW,2026-05-30 00:17:18,2026-06-21 00:17:18,India,"Synthetic defensive cybersecurity observation related to data exposure. This record is for awareness, analysis, and defensive security monitoring.",Persistence,Valid Accounts,
THR-2026-0173,2026-06-20 22:07:18,Account Security Event,Phishing,IP,192.0.2.72,Unknown Source,D,75,High,80,NEW,2026-06-08 22:07:18,2026-06-20 22:07:18,United Kingdom,"Synthetic defensive cybersecurity observation related to phishing. This record is for awareness, analysis, and defensive security monitoring.",Initial Access,Network Service Scanning,
THR-2026-0174,2026-08-05 10:36:18,Account Security Event,Credential Threat,Domain,login-check.example.org,Internal SOC,A,75,High,69,UNDER_REVIEW,2026-08-03 10:36:18,2026-08-08 10:36:18,India,"Synthetic defensive cybersecurity observation related to credential threat. This record is for awareness, analysis, and defensive security monitoring.",Initial Access,Application Layer Protocol,
THR-2026-0175,2026-07-31 06:28:18,Synthetic Credential Phishing Campaign,Ransomware,CVE,CVE-2023-53894,Public Threat Feed,B,88,High,62,CLOSED,2026-07-27 06:28:18,2026-08-05 06:28:18,United Kingdom,"Synthetic defensive cybersecurity observation related to ransomware. This record is for awareness, analysis, and defensive security monitoring.",Discovery,Phishing,CVE-2021-51556
THR-2026-0176,2026-09-20 19:57:18,Account Security Event,Web Threat,CVE,CVE-2026-48368,Public Threat Feed,B,34,High,69,NEW,2026-09-02 19:57:18,2026-09-21 19:57:18,United States,"Synthetic defensive cybersecurity observation related to web threat. This record is for awareness, analysis, and defensive security monitoring.",,,CVE-2021-59606
THR-2026-0177,2026-06-29 07:40:18,Vulnerability Exposure,Data Exposure,IP,192.0.2.83,Community Submission,C,26,Low,34,UNDER_REVIEW,2026-05-31 07:40:18,2026-06-29 07:40:18,Germany,"Synthetic defensive cybersecurity observation related to data exposure. This record is for awareness, analysis, and defensive security monitoring.",Command and Control,User Execution,
THR-2026-0178,2026-05-26 10:26:18,Suspicious Web Activity,Web Threat,IP,198.51.100.23,Public Threat Feed,B,40,Medium,56,FALSE_POSITIVE,2026-05-24 10:26:18,2026-05-29 10:26:18,Germany,"Synthetic defensive cybersecurity observation related to web threat. This record is for awareness, analysis, and defensive security monitoring.",Initial Access,User Execution,
THR-2026-0179,2026-07-02 17:20:18,Credential Theft Observation,Credential Threat,URL,https://security-alert.invalid/verify,Unknown Source,D,63,High,75,CLOSED,2026-06-08 17:20:18,2026-07-03 17:20:18,India,"Synthetic defensive cybersecurity observation related to credential threat. This record is for awareness, analysis, and defensive security monitoring.",Execution,Network Service Scanning,
THR-2026-0180,2026-07-19 08:38:18,Suspicious Web Activity,Network Threat,CVE,CVE-2021-3877,Research Report,B,26,High,61,UNDER_REVIEW,2026-07-03 08:38:18,2026-07-20 08:38:18,Global,"Synthetic defensive cybersecurity observation related to network threat. This record is for awareness, analysis, and defensive security monitoring.",Discovery,Credential Phishing,CVE-2021-10330
THR-2026-0181,2026-04-24 23:47:18,Ransomware Activity Pattern,Network Threat,SHA-256,8f377860ea2b4162032ef9c785af3e2cc01ae3ae06717b6cd064db6418583074,Internal SOC,A,35,High,63,MONITORING,2026-04-06 23:47:18,2026-04-28 23:47:18,United Kingdom,"Synthetic defensive cybersecurity observation related to network threat. This record is for awareness, analysis, and defensive security monitoring.",Exfiltration,User Execution,
THR-2026-0182,2026-09-16 05:43:18,Social Engineering Attempt,Vulnerability Exposure,CVE,CVE-2023-27641,Internal SOC,A,66,High,66,NEW,2026-08-23 05:43:18,2026-09-20 05:43:18,Singapore,"Synthetic defensive cybersecurity observation related to vulnerability exposure. This record is for awareness, analysis, and defensive security monitoring.",,,CVE-2022-30462
THR-2026-0183,2026-04-13 01:59:18,Network Threat Observation,Network Threat,Domain,security-alert.invalid,Community Submission,C,84,Medium,56,UNDER_REVIEW,2026-03-22 01:59:18,2026-04-18 01:59:18,United Kingdom,"Synthetic defensive cybersecurity observation related to network threat. This record is for awareness, analysis, and defensive security monitoring.",,,
THR-2026-0184,2026-06-11 18:04:18,Synthetic Credential Phishing Campaign,Vulnerability Exposure,Email/Sender Domain,alerts@login-check.example.com,Internal SOC,A,63,Medium,43,UNDER_REVIEW,2026-05-25 18:04:18,2026-06-12 18:04:18,United States,"Synthetic defensive cybersecurity observation related to vulnerability exposure. This record is for awareness, analysis, and defensive security monitoring.",Exfiltration,Credential Phishing,CVE-2022-8959
THR-2026-0185,2026-09-30 09:39:18,Network Threat Observation,Network Threat,CVE,CVE-2021-3798,Research Report,B,35,High,61,CLOSED,2026-09-02 09:39:18,2026-10-05 09:39:18,India,"Synthetic defensive cybersecurity observation related to network threat. This record is for awareness, analysis, and defensive security monitoring.",Execution,Network Service Scanning,CVE-2021-56527
THR-2026-0186,2026-08-12 06:34:18,Credential Theft Observation,Vulnerability Exposure,CVE,CVE-2026-20340,Security Vendor,A,28,Medium,51,CLOSED,2026-08-04 06:34:18,2026-08-15 06:34:18,Germany,"Synthetic defensive cybersecurity observation related to vulnerability exposure. This record is for awareness, analysis, and defensive security monitoring.",,,CVE-2025-41434
THR-2026-0187,2026-04-23 19:36:18,Network Threat Observation,Data Exposure,SHA-256,019df82941f59614ec17f1f018424f32566028eaffd34b9ce5af0c9c2adfca17,Internal SOC,A,60,Medium,47,FALSE_POSITIVE,2026-04-03 19:36:18,2026-04-27 19:36:18,Global,"Synthetic defensive cybersecurity observation related to data exposure. This record is for awareness, analysis, and defensive security monitoring.",Credential Access,User Execution,
THR-2026-0188,2026-08-10 10:54:18,Social Engineering Attempt,Account Security,Email/Sender Domain,alerts@secure-login.example.org,Internal SOC,A,59,Medium,55,FALSE_POSITIVE,2026-07-16 10:54:18,2026-08-12 10:54:18,United States,"Synthetic defensive cybersecurity observation related to account security. This record is for awareness, analysis, and defensive security monitoring.",Execution,Phishing,
THR-2026-0189,2026-05-10 23:29:18,Network Threat Observation,Credential Threat,CVE,CVE-2025-2848,Security Vendor,A,93,High,68,MONITORING,2026-04-11 23:29:18,2026-05-11 23:29:18,Singapore,"Synthetic defensive cybersecurity observation related to credential threat. This record is for awareness, analysis, and defensive security monitoring.",,,CVE-2023-53835
THR-2026-0190,2026-08-21 20:49:18,Synthetic Credential Phishing Campaign,Account Security,Domain,secure-login.example.net,Security Vendor,A,49,High,70,NEW,2026-08-19 20:49:18,2026-08-21 20:49:18,United Kingdom,"Synthetic defensive cybersecurity observation related to account security. This record is for awareness, analysis, and defensive security monitoring.",Discovery,Valid Accounts,
THR-2026-0191,2026-04-08 07:02:18,Network Threat Observation,Ransomware,URL,https://identity-check.example.net/verify,Public Threat Feed,B,66,High,62,FALSE_POSITIVE,2026-04-05 07:02:18,2026-04-12 07:02:18,India,"Synthetic defensive cybersecurity observation related to ransomware. This record is for awareness, analysis, and defensive security monitoring.",Persistence,User Execution,
THR-2026-0192,2026-08-21 13:16:18,Account Security Event,Network Threat,Domain,cloud-security.example.com,Public Threat Feed,B,80,Critical,84,CLOSED,2026-07-30 13:16:18,2026-08-25 13:16:18,United Kingdom,"Synthetic defensive cybersecurity observation related to network threat. This record is for awareness, analysis, and defensive security monitoring.",,,
THR-2026-0193,2026-09-27 06:13:18,Suspicious Malware Indicator,Web Threat,Domain,update-service.example.com,Security Vendor,A,25,Medium,54,MONITORING,2026-09-17 06:13:18,2026-10-01 06:13:18,Australia,"Synthetic defensive cybersecurity observation related to web threat. This record is for awareness, analysis, and defensive security monitoring.",Initial Access,Valid Accounts,
THR-2026-0194,2026-07-30 05:36:18,Suspicious Malware Indicator,Network Threat,URL,https://identity-check.invalid/verify,Public Threat Feed,B,36,Medium,45,NEW,2026-07-08 05:36:18,2026-07-30 05:36:18,Germany,"Synthetic defensive cybersecurity observation related to network threat. This record is for awareness, analysis, and defensive security monitoring.",Credential Access,Application Layer Protocol,
THR-2026-0195,2026-07-01 07:58:18,Social Engineering Attempt,Vulnerability Exposure,Domain,login-check.invalid,Unknown Source,D,88,Critical,87,MONITORING,2026-06-16 07:58:18,2026-07-05 07:58:18,India,"Synthetic defensive cybersecurity observation related to vulnerability exposure. This record is for awareness, analysis, and defensive security monitoring.",Persistence,User Execution,CVE-2022-11659
THR-2026-0196,2026-07-10 16:12:18,Ransomware Activity Pattern,Malware,IP,203.0.113.228,Unknown Source,D,73,Medium,54,CLOSED,2026-06-12 16:12:18,2026-07-13 16:12:18,United States,"Synthetic defensive cybersecurity observation related to malware. This record is for awareness, analysis, and defensive security monitoring.",,,
THR-2026-0197,2026-07-29 14:33:18,Account Security Event,Phishing,IP,203.0.113.216,Internal SOC,A,49,High,64,CLOSED,2026-07-20 14:33:18,2026-07-30 14:33:18,United States,"Synthetic defensive cybersecurity observation related to phishing. This record is for awareness, analysis, and defensive security monitoring.",,,
THR-2026-0198,2026-08-15 08:50:18,Suspicious Malware Indicator,Phishing,URL,https://update-service.invalid/verify,Unknown Source,D,36,Medium,47,MONITORING,2026-08-09 08:50:18,2026-08-16 08:50:18,Global,"Synthetic defensive cybersecurity observation related to phishing. This record is for awareness, analysis, and defensive security monitoring.",Credential Access,Credential Phishing,
THR-2026-0199,2026-07-03 06:23:18,Suspicious Web Activity,Social Engineering,CVE,CVE-2025-5039,Research Report,B,94,High,66,UNDER_REVIEW,2026-07-02 06:23:18,2026-07-05 06:23:18,Global,"Synthetic defensive cybersecurity observation related to social engineering. This record is for awareness, analysis, and defensive security monitoring.",Command and Control,Application Layer Protocol,CVE-2022-55858
THR-2026-0200,2026-09-19 22:59:18,Social Engineering Attempt,Malware,IP,203.0.113.226,Community Submission,C,94,High,80,UNDER_REVIEW,2026-09-03 22:59:18,2026-09-22 22:59:18,Germany,"Synthetic defensive cybersecurity observation related to malware. This record is for awareness, analysis, and defensive security monitoring.",Persistence,Phishing,
THR-2026-0201,2026-04-14 16:42:18,Credential Theft Observation,Vulnerability Exposure,CVE,CVE-2022-3796,Security Vendor,A,98,High,69,CLOSED,2026-04-11 16:42:18,2026-04-17 16:42:18,India,"Synthetic defensive cybersecurity observation related to vulnerability exposure. This record is for awareness, analysis, and defensive security monitoring.",Command and Control,Credential Phishing,CVE-2022-14886
THR-2026-0202,2026-05-15 23:16:18,Account Security Event,Credential Threat,CVE,CVE-2025-35246,Community Submission,C,58,Medium,45,CLOSED,2026-05-05 23:16:18,2026-05-17 23:16:18,India,"Synthetic defensive cybersecurity observation related to credential threat. This record is for awareness, analysis, and defensive security monitoring.",Credential Access,Valid Accounts,CVE-2021-52547
THR-2026-0203,2026-07-23 17:55:18,Social Engineering Attempt,Ransomware,Email/Sender Domain,alerts@secure-login.example.net,Public Threat Feed,B,37,High,61,NEW,2026-07-12 17:55:18,2026-07-26 17:55:18,United States,"Synthetic defensive cybersecurity observation related to ransomware. This record is for awareness, analysis, and defensive security monitoring.",Persistence,Credential Phishing,
THR-2026-0204,2026-04-12 04:48:18,Synthetic Credential Phishing Campaign,Ransomware,Email/Sender Domain,alerts@account-verify.example.org,Public Threat Feed,B,76,High,71,MONITORING,2026-03-20 04:48:18,2026-04-15 04:48:18,United Kingdom,"Synthetic defensive cybersecurity observation related to ransomware. This record is for awareness, analysis, and defensive security monitoring.",Exfiltration,Credential Phishing,
THR-2026-0205,2026-05-03 15:46:18,Vulnerability Exposure,Malware,Domain,identity-check.example.net,Security Vendor,A,81,Medium,60,FALSE_POSITIVE,2026-04-27 15:46:18,2026-05-06 15:46:18,Global,"Synthetic defensive cybersecurity observation related to malware. This record is for awareness, analysis, and defensive security monitoring.",Persistence,Data from Information Repositories,
THR-2026-0206,2026-05-23 17:50:18,Credential Theft Observation,Phishing,Email/Sender Domain,alerts@login-check.example.net,Security Vendor,A,33,Medium,58,NEW,2026-05-18 17:50:18,2026-05-24 17:50:18,United Kingdom,"Synthetic defensive cybersecurity observation related to phishing. This record is for awareness, analysis, and defensive security monitoring.",Command and Control,Valid Accounts,
THR-2026-0207,2026-08-05 00:20:18,Social Engineering Attempt,Web Threat,URL,https://secure-login.example.org/verify,Security Vendor,A,89,High,69,MONITORING,2026-07-17 00:20:18,2026-08-08 00:20:18,United States,"Synthetic defensive cybersecurity observation related to web threat. This record is for awareness, analysis, and defensive security monitoring.",Exfiltration,User Execution,
THR-2026-0208,2026-08-09 15:37:18,Potential Data Exposure,Malware,URL,https://login-check.invalid/verify,Public Threat Feed,B,31,Medium,41,CLOSED,2026-07-19 15:37:18,2026-08-10 15:37:18,United States,"Synthetic defensive cybersecurity observation related to malware. This record is for awareness, analysis, and defensive security monitoring.",Command and Control,Valid Accounts,
THR-2026-0209,2026-07-07 21:35:18,Account Security Event,Account Security,IP,198.51.100.150,Public Threat Feed,B,64,High,63,NEW,2026-07-01 21:35:18,2026-07-10 21:35:18,India,"Synthetic defensive cybersecurity observation related to account security. This record is for awareness, analysis, and defensive security monitoring.",Discovery,Application Layer Protocol,
THR-2026-0210,2026-07-11 03:11:18,Suspicious Web Activity,Network Threat,Email/Sender Domain,alerts@security-alert.example.com,Public Threat Feed,B,61,Medium,60,FALSE_POSITIVE,2026-07-01 03:11:18,2026-07-13 03:11:18,Global,"Synthetic defensive cybersecurity observation related to network threat. This record is for awareness, analysis, and defensive security monitoring.",Execution,Phishing,
THR-2026-0211,2026-07-22 02:53:18,Account Security Event,Account Security,SHA-256,6ef8f8eb0bd6b4580bb52ef0f59d8f0a275ce79ebb38dea99ef783330a5ff560,Research Report,B,42,High,65,FALSE_POSITIVE,2026-07-09 02:53:18,2026-07-25 02:53:18,Global,"Synthetic defensive cybersecurity observation related to account security. This record is for awareness, analysis, and defensive security monitoring.",Execution,User Execution,
THR-2026-0212,2026-08-22 13:55:18,Suspicious Web Activity,Credential Threat,CVE,CVE-2026-53975,Public Threat Feed,B,85,High,78,FALSE_POSITIVE,2026-08-05 13:55:18,2026-08-23 13:55:18,Global,"Synthetic defensive cybersecurity observation related to credential threat. This record is for awareness, analysis, and defensive security monitoring.",,,CVE-2022-49556
THR-2026-0213,2026-06-20 01:28:18,Synthetic Credential Phishing Campaign,Ransomware,CVE,CVE-2026-39245,Public Threat Feed,B,36,High,63,FALSE_POSITIVE,2026-06-12 01:28:18,2026-06-24 01:28:18,Singapore,"Synthetic defensive cybersecurity observation related to ransomware. This record is for awareness, analysis, and defensive security monitoring.",Initial Access,Credential Phishing,CVE-2021-31837
THR-2026-0214,2026-08-28 07:39:18,Social Engineering Attempt,Credential Threat,Email/Sender Domain,alerts@security-alert.example.org,Community Submission,C,73,Medium,52,UNDER_REVIEW,2026-08-18 07:39:18,2026-08-31 07:39:18,Global,"Synthetic defensive cybersecurity observation related to credential threat. This record is for awareness, analysis, and defensive security monitoring.",Initial Access,Credential Phishing,
THR-2026-0215,2026-07-27 05:03:18,Suspicious Malware Indicator,Network Threat,CVE,CVE-2022-41270,Community Submission,C,65,High,71,CLOSED,2026-07-03 05:03:18,2026-07-28 05:03:18,Australia,"Synthetic defensive cybersecurity observation related to network threat. This record is for awareness, analysis, and defensive security monitoring.",Credential Access,Credential Phishing,CVE-2024-52459
THR-2026-0216,2026-10-02 01:03:18,Credential Theft Observation,Vulnerability Exposure,SHA-256,22580d7252cc0257b026f86ffd7d2fa64b09b69bfbc5ec94d6d8fb2555c50bab,Security Vendor,A,29,Medium,53,MONITORING,2026-09-06 01:03:18,2026-10-06 01:03:18,United Kingdom,"Synthetic defensive cybersecurity observation related to vulnerability exposure. This record is for awareness, analysis, and defensive security monitoring.",,,CVE-2021-42070
THR-2026-0217,2026-07-21 02:22:18,Vulnerability Exposure,Ransomware,IP,203.0.113.35,Community Submission,C,64,Medium,53,MONITORING,2026-06-28 02:22:18,2026-07-25 02:22:18,Germany,"Synthetic defensive cybersecurity observation related to ransomware. This record is for awareness, analysis, and defensive security monitoring.",Persistence,Data from Information Repositories,
THR-2026-0218,2026-08-11 12:50:18,Synthetic Credential Phishing Campaign,Credential Threat,Domain,update-service.example.org,Security Vendor,A,76,High,68,FALSE_POSITIVE,2026-07-24 12:50:18,2026-08-15 12:50:18,Singapore,"Synthetic defensive cybersecurity observation related to credential threat. This record is for awareness, analysis, and defensive security monitoring.",,,
THR-2026-0219,2026-06-20 21:27:18,Ransomware Activity Pattern,Phishing,Email/Sender Domain,alerts@security-alert.invalid,Public Threat Feed,B,38,Medium,60,MONITORING,2026-06-17 21:27:18,2026-06-24 21:27:18,Germany,"Synthetic defensive cybersecurity observation related to phishing. This record is for awareness, analysis, and defensive security monitoring.",Command and Control,Phishing,
THR-2026-0220,2026-09-05 02:44:18,Credential Theft Observation,Data Exposure,URL,https://cloud-security.example.org/verify,Research Report,B,42,High,63,FALSE_POSITIVE,2026-08-11 02:44:18,2026-09-05 02:44:18,United States,"Synthetic defensive cybersecurity observation related to data exposure. This record is for awareness, analysis, and defensive security monitoring.",,,
THR-2026-0221,2026-04-11 20:30:18,Account Security Event,Network Threat,CVE,CVE-2026-33381,Internal SOC,A,45,Medium,53,UNDER_REVIEW,2026-04-04 20:30:18,2026-04-11 20:30:18,India,"Synthetic defensive cybersecurity observation related to network threat. This record is for awareness, analysis, and defensive security monitoring.",Exfiltration,Network Service Scanning,CVE-2021-55737
THR-2026-0222,2026-07-29 21:48:18,Network Threat Observation,Malware,CVE,CVE-2024-49400,Internal SOC,A,57,High,66,NEW,2026-07-26 21:48:18,2026-07-30 21:48:18,India,"Synthetic defensive cybersecurity observation related to malware. This record is for awareness, analysis, and defensive security monitoring.",Exfiltration,Data from Information Repositories,CVE-2023-53533
THR-2026-0223,2026-04-29 02:55:18,Ransomware Activity Pattern,Phishing,IP,192.0.2.103,Public Threat Feed,B,46,High,73,CLOSED,2026-04-06 02:55:18,2026-04-29 02:55:18,Germany,"Synthetic defensive cybersecurity observation related to phishing. This record is for awareness, analysis, and defensive security monitoring.",Persistence,Data from Information Repositories,
THR-2026-0224,2026-04-09 12:48:18,Account Security Event,Vulnerability Exposure,CVE,CVE-2026-29715,Internal SOC,A,78,High,73,UNDER_REVIEW,2026-03-10 12:48:18,2026-04-10 12:48:18,Singapore,"Synthetic defensive cybersecurity observation related to vulnerability exposure. This record is for awareness, analysis, and defensive security monitoring.",Credential Access,Data from Information Repositories,CVE-2025-32632
THR-2026-0225,2026-06-15 10:47:18,Potential Data Exposure,Network Threat,Email/Sender Domain,alerts@cloud-security.example.com,Public Threat Feed,B,41,Medium,44,MONITORING,2026-06-07 10:47:18,2026-06-20 10:47:18,Singapore,"Synthetic defensive cybersecurity observation related to network threat. This record is for awareness, analysis, and defensive security monitoring.",,,
THR-2026-0226,2026-04-18 14:10:18,Synthetic Credential Phishing Campaign,Data Exposure,CVE,CVE-2026-11284,Community Submission,C,37,Medium,60,FALSE_POSITIVE,2026-04-06 14:10:18,2026-04-19 14:10:18,Global,"Synthetic defensive cybersecurity observation related to data exposure. This record is for awareness, analysis, and defensive security monitoring.",Credential Access,Data from Information Repositories,CVE-2025-4576
THR-2026-0227,2026-09-22 19:37:18,Credential Theft Observation,Social Engineering,Domain,login-check.example.net,Research Report,B,87,Medium,55,CLOSED,2026-09-05 19:37:18,2026-09-27 19:37:18,Global,"Synthetic defensive cybersecurity observation related to social engineering. This record is for awareness, analysis, and defensive security monitoring.",Discovery,Credential Phishing,
THR-2026-0228,2026-06-22 10:16:18,Account Security Event,Malware,SHA-256,2f9f1c0348b548e84bfd2b7c2deecedb7ea449154d26cde542e5f6c5d13b3d17,Internal SOC,A,40,Medium,50,MONITORING,2026-06-05 10:16:18,2026-06-22 10:16:18,Singapore,"Synthetic defensive cybersecurity observation related to malware. This record is for awareness, analysis, and defensive security monitoring.",Discovery,Valid Accounts,
THR-2026-0229,2026-07-12 18:02:18,Network Threat Observation,Social Engineering,URL,https://identity-check.example.net/verify,Research Report,B,31,Medium,59,NEW,2026-06-23 18:02:18,2026-07-16 18:02:18,India,"Synthetic defensive cybersecurity observation related to social engineering. This record is for awareness, analysis, and defensive security monitoring.",Exfiltration,Application Layer Protocol,
THR-2026-0230,2026-09-24 06:20:18,Suspicious Malware Indicator,Credential Threat,IP,198.51.100.157,Unknown Source,D,62,Medium,60,UNDER_REVIEW,2026-09-20 06:20:18,2026-09-29 06:20:18,United States,"Synthetic defensive cybersecurity observation related to credential threat. This record is for awareness, analysis, and defensive security monitoring.",Initial Access,Data from Information Repositories,
THR-2026-0231,2026-09-23 14:58:18,Account Security Event,Vulnerability Exposure,Domain,secure-login.example.com,Internal SOC,A,49,Medium,58,CLOSED,2026-09-02 14:58:18,2026-09-27 14:58:18,India,"Synthetic defensive cybersecurity observation related to vulnerability exposure. This record is for awareness, analysis, and defensive security monitoring.",Discovery,Application Layer Protocol,CVE-2024-30975
THR-2026-0232,2026-04-10 17:40:18,Account Security Event,Phishing,Email/Sender Domain,alerts@secure-login.example.org,Internal SOC,A,86,Critical,86,FALSE_POSITIVE,2026-03-18 17:40:18,2026-04-11 17:40:18,Germany,"Synthetic defensive cybersecurity observation related to phishing. This record is for awareness, analysis, and defensive security monitoring.",Credential Access,Network Service Scanning,
THR-2026-0233,2026-08-30 22:13:18,Potential Data Exposure,Credential Threat,URL,https://cloud-security.example.org/verify,Community Submission,C,68,High,61,FALSE_POSITIVE,2026-08-08 22:13:18,2026-09-04 22:13:18,Australia,"Synthetic defensive cybersecurity observation related to credential threat. This record is for awareness, analysis, and defensive security monitoring.",Execution,Valid Accounts,
THR-2026-0234,2026-05-29 18:07:18,Network Threat Observation,Credential Threat,Email/Sender Domain,alerts@secure-login.example.net,Unknown Source,D,69,High,71,FALSE_POSITIVE,2026-05-09 18:07:18,2026-05-31 18:07:18,Singapore,"Synthetic defensive cybersecurity observation related to credential threat. This record is for awareness, analysis, and defensive security monitoring.",,,
THR-2026-0235,2026-05-25 08:50:18,Ransomware Activity Pattern,Vulnerability Exposure,CVE,CVE-2023-45786,Internal SOC,A,93,High,73,MONITORING,2026-05-13 08:50:18,2026-05-26 08:50:18,United States,"Synthetic defensive cybersecurity observation related to vulnerability exposure. This record is for awareness, analysis, and defensive security monitoring.",Exfiltration,Phishing,CVE-2022-18496
THR-2026-0236,2026-04-15 12:16:18,Vulnerability Exposure,Web Threat,Domain,security-alert.example.org,Unknown Source,D,29,High,61,NEW,2026-03-19 12:16:18,2026-04-16 12:16:18,Germany,"Synthetic defensive cybersecurity observation related to web threat. This record is for awareness, analysis, and defensive security monitoring.",Credential Access,Credential Phishing,
THR-2026-0237,2026-08-08 15:06:18,Potential Data Exposure,Network Threat,Email/Sender Domain,alerts@identity-check.example.com,Public Threat Feed,B,57,Medium,57,UNDER_REVIEW,2026-07-17 15:06:18,2026-08-13 15:06:18,United Kingdom,"Synthetic defensive cybersecurity observation related to network threat. This record is for awareness, analysis, and defensive security monitoring.",Credential Access,Valid Accounts,
THR-2026-0238,2026-07-25 18:35:18,Synthetic Credential Phishing Campaign,Malware,Domain,account-verify.example.net,Community Submission,C,90,High,76,UNDER_REVIEW,2026-07-21 18:35:18,2026-07-26 18:35:18,India,"Synthetic defensive cybersecurity observation related to malware. This record is for awareness, analysis, and defensive security monitoring.",Execution,User Execution,
THR-2026-0239,2026-09-16 13:31:18,Potential Data Exposure,Account Security,IP,192.0.2.107,Security Vendor,A,63,High,72,FALSE_POSITIVE,2026-08-31 13:31:18,2026-09-17 13:31:18,Singapore,"Synthetic defensive cybersecurity observation related to account security. This record is for awareness, analysis, and defensive security monitoring.",Credential Access,Phishing,
THR-2026-0240,2026-04-29 19:21:18,Network Threat Observation,Network Threat,Domain,update-service.example.com,Internal SOC,A,67,High,72,FALSE_POSITIVE,2026-04-12 19:21:18,2026-05-04 19:21:18,Singapore,"Synthetic defensive cybersecurity observation related to network threat. This record is for awareness, analysis, and defensive security monitoring.",,,
THR-2026-0241,2026-05-19 12:33:18,Potential Data Exposure,Credential Threat,IP,198.51.100.125,Public Threat Feed,B,66,High,64,NEW,2026-05-19 12:33:18,2026-05-23 12:33:18,United Kingdom,"Synthetic defensive cybersecurity observation related to credential threat. This record is for awareness, analysis, and defensive security monitoring.",Command and Control,Valid Accounts,
THR-2026-0242,2026-04-28 09:38:18,Vulnerability Exposure,Network Threat,Email/Sender Domain,alerts@cloud-security.invalid,Security Vendor,A,37,Medium,42,UNDER_REVIEW,2026-04-07 09:38:18,2026-05-03 09:38:18,Singapore,"Synthetic defensive cybersecurity observation related to network threat. This record is for awareness, analysis, and defensive security monitoring.",Exfiltration,Application Layer Protocol,
THR-2026-0243,2026-07-13 10:46:18,Account Security Event,Vulnerability Exposure,CVE,CVE-2022-17950,Security Vendor,A,34,Medium,60,CLOSED,2026-07-11 10:46:18,2026-07-13 10:46:18,Germany,"Synthetic defensive cybersecurity observation related to vulnerability exposure. This record is for awareness, analysis, and defensive security monitoring.",Credential Access,Application Layer Protocol,CVE-2025-5616
THR-2026-0244,2026-04-23 12:12:18,Potential Data Exposure,Vulnerability Exposure,SHA-256,f5619da9e067baeeab302fdd067dd47eb078b8cf53ce576a2006af747db7c6c4,Community Submission,C,74,Medium,59,MONITORING,2026-04-21 12:12:18,2026-04-28 12:12:18,Global,"Synthetic defensive cybersecurity observation related to vulnerability exposure. This record is for awareness, analysis, and defensive security monitoring.",,,CVE-2021-24442
THR-2026-0245,2026-06-06 06:17:18,Potential Data Exposure,Web Threat,Email/Sender Domain,alerts@account-verify.example.com,Unknown Source,D,81,Medium,56,MONITORING,2026-05-30 06:17:18,2026-06-07 06:17:18,Australia,"Synthetic defensive cybersecurity observation related to web threat. This record is for awareness, analysis, and defensive security monitoring.",Exfiltration,Data from Information Repositories,
THR-2026-0246,2026-05-11 16:26:18,Network Threat Observation,Network Threat,IP,192.0.2.106,Internal SOC,A,96,High,64,FALSE_POSITIVE,2026-04-24 16:26:18,2026-05-15 16:26:18,United States,"Synthetic defensive cybersecurity observation related to network threat. This record is for awareness, analysis, and defensive security monitoring.",Execution,Valid Accounts,
THR-2026-0247,2026-09-21 18:22:18,Suspicious Malware Indicator,Credential Threat,Email/Sender Domain,alerts@account-verify.invalid,Internal SOC,A,49,High,64,UNDER_REVIEW,2026-09-01 18:22:18,2026-09-25 18:22:18,Australia,"Synthetic defensive cybersecurity observation related to credential threat. This record is for awareness, analysis, and defensive security monitoring.",Discovery,Credential Phishing,
THR-2026-0248,2026-08-17 01:20:18,Account Security Event,Network Threat,URL,https://security-alert.example.org/verify,Community Submission,C,55,Medium,44,MONITORING,2026-08-03 01:20:18,2026-08-19 01:20:18,Germany,"Synthetic defensive cybersecurity observation related to network threat. This record is for awareness, analysis, and defensive security monitoring.",Execution,Phishing,
THR-2026-0249,2026-06-04 21:23:18,Ransomware Activity Pattern,Network Threat,Domain,identity-check.invalid,Research Report,B,80,High,69,MONITORING,2026-05-24 21:23:18,2026-06-06 21:23:18,Global,"Synthetic defensive cybersecurity observation related to network threat. This record is for awareness, analysis, and defensive security monitoring.",Exfiltration,Valid Accounts,
THR-2026-0250,2026-05-28 15:50:18,Account Security Event,Data Exposure,Domain,security-alert.invalid,Community Submission,C,34,Medium,51,FALSE_POSITIVE,2026-05-02 15:50:18,2026-06-01 15:50:18,United Kingdom,"Synthetic defensive cybersecurity observation related to data exposure. This record is for awareness, analysis, and defensive security monitoring.",Discovery,Network Service Scanning,
THR-2026-0251,2026-07-23 07:22:18,Credential Theft Observation,Social Engineering,CVE,CVE-2025-45837,Internal SOC,A,71,High,74,UNDER_REVIEW,2026-07-07 07:22:18,2026-07-27 07:22:18,Global,"Synthetic defensive cybersecurity observation related to social engineering. This record is for awareness, analysis, and defensive security monitoring.",Discovery,Valid Accounts,CVE-2025-1694
THR-2026-0252,2026-07-06 10:37:18,Network Threat Observation,Social Engineering,Domain,security-alert.invalid,Security Vendor,A,97,High,65,UNDER_REVIEW,2026-06-12 10:37:18,2026-07-09 10:37:18,Singapore,"Synthetic defensive cybersecurity observation related to social engineering. This record is for awareness, analysis, and defensive security monitoring.",,,
THR-2026-0253,2026-09-08 13:18:18,Potential Data Exposure,Network Threat,SHA-256,14e1d25e8bc1e37ed5f187924a0611fb8e0a1db1011e6375d057449dc010c988,Unknown Source,D,83,High,63,UNDER_REVIEW,2026-08-19 13:18:18,2026-09-10 13:18:18,Germany,"Synthetic defensive cybersecurity observation related to network threat. This record is for awareness, analysis, and defensive security monitoring.",Command and Control,Credential Phishing,
THR-2026-0254,2026-05-25 23:29:18,Account Security Event,Network Threat,Email/Sender Domain,alerts@login-check.example.com,Research Report,B,34,Medium,58,CLOSED,2026-04-29 23:29:18,2026-05-27 23:29:18,United States,"Synthetic defensive cybersecurity observation related to network threat. This record is for awareness, analysis, and defensive security monitoring.",Execution,Phishing,
THR-2026-0255,2026-09-04 14:37:18,Social Engineering Attempt,Data Exposure,CVE,CVE-2022-39718,Unknown Source,D,44,Medium,54,UNDER_REVIEW,2026-08-22 14:37:18,2026-09-06 14:37:18,Australia,"Synthetic defensive cybersecurity observation related to data exposure. This record is for awareness, analysis, and defensive security monitoring.",,,CVE-2026-32379
THR-2026-0256,2026-04-26 19:49:18,Potential Data Exposure,Vulnerability Exposure,IP,198.51.100.154,Security Vendor,A,41,Medium,55,FALSE_POSITIVE,2026-03-29 19:49:18,2026-04-30 19:49:18,Australia,"Synthetic defensive cybersecurity observation related to vulnerability exposure. This record is for awareness, analysis, and defensive security monitoring.",,,CVE-2023-12798
THR-2026-0257,2026-05-02 19:56:18,Account Security Event,Phishing,CVE,CVE-2022-41842,Security Vendor,A,61,High,69,FALSE_POSITIVE,2026-04-17 19:56:18,2026-05-03 19:56:18,United Kingdom,"Synthetic defensive cybersecurity observation related to phishing. This record is for awareness, analysis, and defensive security monitoring.",Execution,Application Layer Protocol,CVE-2025-10352
THR-2026-0258,2026-09-08 11:39:18,Ransomware Activity Pattern,Network Threat,SHA-256,af1802ff7e1fa7b2e686533f60d8c89862c7df4000442e2a23c3ab97631a965a,Unknown Source,D,33,Medium,56,NEW,2026-08-23 11:39:18,2026-09-12 11:39:18,United States,"Synthetic defensive cybersecurity observation related to network threat. This record is for awareness, analysis, and defensive security monitoring.",Credential Access,Network Service Scanning,
THR-2026-0259,2026-04-20 06:54:18,Vulnerability Exposure,Account Security,IP,203.0.113.108,Internal SOC,A,93,High,79,MONITORING,2026-04-01 06:54:18,2026-04-24 06:54:18,Global,"Synthetic defensive cybersecurity observation related to account security. This record is for awareness, analysis, and defensive security monitoring.",Initial Access,Application Layer Protocol,
THR-2026-0260,2026-04-09 17:45:18,Credential Theft Observation,Data Exposure,SHA-256,791beae13b97cecc55628886831efd50fe69612437d80ab16f731d27f26a33f9,Public Threat Feed,B,86,High,72,MONITORING,2026-03-27 17:45:18,2026-04-10 17:45:18,Singapore,"Synthetic defensive cybersecurity observation related to data exposure. This record is for awareness, analysis, and defensive security monitoring.",Discovery,Credential Phishing,
THR-2026-0261,2026-10-03 23:10:18,Suspicious Malware Indicator,Web Threat,Domain,security-alert.example.net,Public Threat Feed,B,25,Medium,43,FALSE_POSITIVE,2026-09-27 23:10:18,2026-10-08 23:10:18,United Kingdom,"Synthetic defensive cybersecurity observation related to web threat. This record is for awareness, analysis, and defensive security monitoring.",Persistence,Data from Information Repositories,
THR-2026-0262,2026-06-21 18:01:18,Potential Data Exposure,Data Exposure,SHA-256,6689b1d567c3188c5640ba15d205a4361f62b26d9f42532c7f58bad272ce7318,Security Vendor,A,60,High,70,MONITORING,2026-06-04 18:01:18,2026-06-24 18:01:18,United Kingdom,"Synthetic defensive cybersecurity observation related to data exposure. This record is for awareness, analysis, and defensive security monitoring.",Discovery,User Execution,
THR-2026-0263,2026-09-10 05:19:18,Synthetic Credential Phishing Campaign,Vulnerability Exposure,CVE,CVE-2022-26500,Community Submission,C,40,Medium,46,NEW,2026-08-29 05:19:18,2026-09-12 05:19:18,Global,"Synthetic defensive cybersecurity observation related to vulnerability exposure. This record is for awareness, analysis, and defensive security monitoring.",Initial Access,Data from Information Repositories,CVE-2026-47320
THR-2026-0264,2026-07-03 09:13:18,Vulnerability Exposure,Ransomware,SHA-256,8963dc0aeecd11e137faa878a71d290c6a84f0ab725e1e09ffc93cefb838cb9b,Research Report,B,80,High,68,FALSE_POSITIVE,2026-07-02 09:13:18,2026-07-08 09:13:18,United Kingdom,"Synthetic defensive cybersecurity observation related to ransomware. This record is for awareness, analysis, and defensive security monitoring.",Command and Control,Network Service Scanning,
THR-2026-0265,2026-07-24 05:49:18,Credential Theft Observation,Phishing,Domain,secure-login.example.com,Community Submission,C,81,High,71,NEW,2026-06-29 05:49:18,2026-07-28 05:49:18,United Kingdom,"Synthetic defensive cybersecurity observation related to phishing. This record is for awareness, analysis, and defensive security monitoring.",Execution,Application Layer Protocol,
THR-2026-0266,2026-06-23 17:39:18,Suspicious Malware Indicator,Phishing,Domain,secure-login.example.org,Unknown Source,D,60,Medium,56,FALSE_POSITIVE,2026-06-07 17:39:18,2026-06-23 17:39:18,Singapore,"Synthetic defensive cybersecurity observation related to phishing. This record is for awareness, analysis, and defensive security monitoring.",Persistence,User Execution,
THR-2026-0267,2026-07-31 06:25:18,Suspicious Web Activity,Web Threat,Domain,account-verify.invalid,Community Submission,C,49,High,62,FALSE_POSITIVE,2026-07-15 06:25:18,2026-07-31 06:25:18,United Kingdom,"Synthetic defensive cybersecurity observation related to web threat. This record is for awareness, analysis, and defensive security monitoring.",,,
THR-2026-0268,2026-07-10 21:08:18,Suspicious Web Activity,Data Exposure,Email/Sender Domain,alerts@login-check.example.net,Internal SOC,A,81,High,66,UNDER_REVIEW,2026-06-26 21:08:18,2026-07-14 21:08:18,Australia,"Synthetic defensive cybersecurity observation related to data exposure. This record is for awareness, analysis, and defensive security monitoring.",Command and Control,Valid Accounts,
THR-2026-0269,2026-08-03 02:46:18,Suspicious Malware Indicator,Network Threat,SHA-256,2e30cf96293cb82d1c407dcba07661820d6bbdab479ec2a157e69382b2e349df,Unknown Source,D,91,High,78,UNDER_REVIEW,2026-07-22 02:46:18,2026-08-08 02:46:18,Germany,"Synthetic defensive cybersecurity observation related to network threat. This record is for awareness, analysis, and defensive security monitoring.",Persistence,User Execution,
THR-2026-0270,2026-07-30 05:37:18,Suspicious Malware Indicator,Credential Threat,Email/Sender Domain,alerts@login-check.invalid,Community Submission,C,49,Medium,53,CLOSED,2026-07-24 05:37:18,2026-07-31 05:37:18,Singapore,"Synthetic defensive cybersecurity observation related to credential threat. This record is for awareness, analysis, and defensive security monitoring.",Initial Access,Data from Information Repositories,
THR-2026-0271,2026-07-26 20:40:18,Account Security Event,Data Exposure,IP,192.0.2.14,Public Threat Feed,B,72,High,75,FALSE_POSITIVE,2026-07-02 20:40:18,2026-07-30 20:40:18,Global,"Synthetic defensive cybersecurity observation related to data exposure. This record is for awareness, analysis, and defensive security monitoring.",Credential Access,Credential Phishing,
THR-2026-0272,2026-04-09 19:22:18,Credential Theft Observation,Data Exposure,IP,198.51.100.149,Internal SOC,A,75,High,70,NEW,2026-03-30 19:22:18,2026-04-14 19:22:18,United Kingdom,"Synthetic defensive cybersecurity observation related to data exposure. This record is for awareness, analysis, and defensive security monitoring.",,,
THR-2026-0273,2026-06-06 16:30:18,Vulnerability Exposure,Network Threat,Email/Sender Domain,alerts@identity-check.example.org,Research Report,B,48,High,68,MONITORING,2026-05-26 16:30:18,2026-06-07 16:30:18,Global,"Synthetic defensive cybersecurity observation related to network threat. This record is for awareness, analysis, and defensive security monitoring.",Credential Access,User Execution,
THR-2026-0274,2026-07-28 04:16:18,Ransomware Activity Pattern,Social Engineering,Domain,update-service.invalid,Security Vendor,A,98,High,77,UNDER_REVIEW,2026-07-15 04:16:18,2026-07-31 04:16:18,Germany,"Synthetic defensive cybersecurity observation related to social engineering. This record is for awareness, analysis, and defensive security monitoring.",,,
THR-2026-0275,2026-07-21 03:16:18,Ransomware Activity Pattern,Social Engineering,Domain,login-check.example.com,Internal SOC,A,91,Critical,86,MONITORING,2026-06-24 03:16:18,2026-07-25 03:16:18,Germany,"Synthetic defensive cybersecurity observation related to social engineering. This record is for awareness, analysis, and defensive security monitoring.",Exfiltration,Application Layer Protocol,
THR-2026-0276,2026-08-01 00:50:18,Account Security Event,Malware,SHA-256,eff740d33d91d90b4370dc2a411ee619c7f3aaae3bd4ad110f63b033c349fcf4,Public Threat Feed,B,58,High,70,FALSE_POSITIVE,2026-07-19 00:50:18,2026-08-01 00:50:18,Singapore,"Synthetic defensive cybersecurity observation related to malware. This record is for awareness, analysis, and defensive security monitoring.",Command and Control,Application Layer Protocol,
THR-2026-0277,2026-06-02 12:23:18,Social Engineering Attempt,Data Exposure,Domain,identity-check.example.com,Research Report,B,61,High,76,UNDER_REVIEW,2026-05-05 12:23:18,2026-06-02 12:23:18,Australia,"Synthetic defensive cybersecurity observation related to data exposure. This record is for awareness, analysis, and defensive security monitoring.",Exfiltration,User Execution,
THR-2026-0278,2026-07-10 04:31:18,Vulnerability Exposure,Vulnerability Exposure,CVE,CVE-2023-59175,Public Threat Feed,B,76,High,67,CLOSED,2026-06-30 04:31:18,2026-07-15 04:31:18,Global,"Synthetic defensive cybersecurity observation related to vulnerability exposure. This record is for awareness, analysis, and defensive security monitoring.",Exfiltration,User Execution,CVE-2025-43247
THR-2026-0279,2026-09-02 12:36:18,Suspicious Malware Indicator,Account Security,Email/Sender Domain,alerts@security-alert.example.com,Unknown Source,D,77,High,71,CLOSED,2026-08-12 12:36:18,2026-09-04 12:36:18,India,"Synthetic defensive cybersecurity observation related to account security. This record is for awareness, analysis, and defensive security monitoring.",Initial Access,Phishing,
THR-2026-0280,2026-04-30 07:46:18,Suspicious Web Activity,Social Engineering,Email/Sender Domain,alerts@update-service.example.com,Public Threat Feed,B,75,Medium,50,UNDER_REVIEW,2026-04-10 07:46:18,2026-05-03 07:46:18,Singapore,"Synthetic defensive cybersecurity observation related to social engineering. This record is for awareness, analysis, and defensive security monitoring.",,,
THR-2026-0281,2026-06-07 17:52:18,Potential Data Exposure,Ransomware,IP,192.0.2.152,Research Report,B,70,Medium,58,FALSE_POSITIVE,2026-05-30 17:52:18,2026-06-11 17:52:18,Germany,"Synthetic defensive cybersecurity observation related to ransomware. This record is for awareness, analysis, and defensive security monitoring.",,,
THR-2026-0282,2026-08-08 09:23:18,Suspicious Web Activity,Account Security,SHA-256,f6c95f63d3ddcddfec51293149bd331575887c488019df1438c9ffa71673b05a,Research Report,B,93,High,77,NEW,2026-07-30 09:23:18,2026-08-10 09:23:18,Singapore,"Synthetic defensive cybersecurity observation related to account security. This record is for awareness, analysis, and defensive security monitoring.",Exfiltration,Data from Information Repositories,
THR-2026-0283,2026-07-21 11:02:18,Synthetic Credential Phishing Campaign,Ransomware,URL,https://secure-login.example.org/verify,Community Submission,C,93,High,71,UNDER_REVIEW,2026-07-08 11:02:18,2026-07-23 11:02:18,Germany,"Synthetic defensive cybersecurity observation related to ransomware. This record is for awareness, analysis, and defensive security monitoring.",,,
THR-2026-0284,2026-08-10 03:46:18,Account Security Event,Data Exposure,SHA-256,3570f2f846a68c9dd4fc9397c28c251ac6559106ed176a8bcf19bdbba7e8702e,Security Vendor,A,45,High,62,MONITORING,2026-07-28 03:46:18,2026-08-15 03:46:18,United Kingdom,"Synthetic defensive cybersecurity observation related to data exposure. This record is for awareness, analysis, and defensive security monitoring.",Command and Control,Application Layer Protocol,
THR-2026-0285,2026-04-24 21:12:18,Credential Theft Observation,Data Exposure,URL,https://account-verify.invalid/verify,Unknown Source,D,33,Medium,44,UNDER_REVIEW,2026-04-10 21:12:18,2026-04-26 21:12:18,India,"Synthetic defensive cybersecurity observation related to data exposure. This record is for awareness, analysis, and defensive security monitoring.",Discovery,Phishing,
THR-2026-0286,2026-08-07 09:42:18,Suspicious Web Activity,Ransomware,IP,198.51.100.96,Security Vendor,A,41,Medium,56,CLOSED,2026-08-07 09:42:18,2026-08-10 09:42:18,Australia,"Synthetic defensive cybersecurity observation related to ransomware. This record is for awareness, analysis, and defensive security monitoring.",Exfiltration,Phishing,
THR-2026-0287,2026-09-16 18:21:18,Synthetic Credential Phishing Campaign,Network Threat,IP,192.0.2.250,Public Threat Feed,B,43,High,61,UNDER_REVIEW,2026-09-11 18:21:18,2026-09-17 18:21:18,Germany,"Synthetic defensive cybersecurity observation related to network threat. This record is for awareness, analysis, and defensive security monitoring.",Exfiltration,Credential Phishing,
THR-2026-0288,2026-06-05 23:08:18,Potential Data Exposure,Credential Threat,CVE,CVE-2025-9004,Public Threat Feed,B,50,High,66,MONITORING,2026-05-06 23:08:18,2026-06-07 23:08:18,Germany,"Synthetic defensive cybersecurity observation related to credential threat. This record is for awareness, analysis, and defensive security monitoring.",,,CVE-2026-3764
THR-2026-0289,2026-04-25 22:31:18,Vulnerability Exposure,Web Threat,Domain,cloud-security.example.com,Public Threat Feed,B,31,Medium,51,NEW,2026-04-25 22:31:18,2026-04-26 22:31:18,India,"Synthetic defensive cybersecurity observation related to web threat. This record is for awareness, analysis, and defensive security monitoring.",Discovery,Data from Information Repositories,
THR-2026-0290,2026-05-31 09:08:18,Ransomware Activity Pattern,Social Engineering,CVE,CVE-2026-36150,Unknown Source,D,72,High,66,NEW,2026-05-12 09:08:18,2026-06-02 09:08:18,United States,"Synthetic defensive cybersecurity observation related to social engineering. This record is for awareness, analysis, and defensive security monitoring.",,,CVE-2023-43242
THR-2026-0291,2026-08-17 11:07:18,Synthetic Credential Phishing Campaign,Social Engineering,Domain,update-service.example.net,Unknown Source,D,96,High,76,FALSE_POSITIVE,2026-08-05 11:07:18,2026-08-19 11:07:18,United Kingdom,"Synthetic defensive cybersecurity observation related to social engineering. This record is for awareness, analysis, and defensive security monitoring.",,,
THR-2026-0292,2026-06-08 02:56:18,Social Engineering Attempt,Data Exposure,CVE,CVE-2023-54701,Community Submission,C,97,High,68,MONITORING,2026-05-13 02:56:18,2026-06-12 02:56:18,Singapore,"Synthetic defensive cybersecurity observation related to data exposure. This record is for awareness, analysis, and defensive security monitoring.",,,CVE-2025-11159
THR-2026-0293,2026-04-30 00:02:18,Potential Data Exposure,Network Threat,SHA-256,fe81ee97e6dda87913216ceb17c33fafe5452b6c1ed1e9a33bbabca7052bdc56,Public Threat Feed,B,89,Medium,51,UNDER_REVIEW,2026-04-11 00:02:18,2026-05-01 00:02:18,Singapore,"Synthetic defensive cybersecurity observation related to network threat. This record is for awareness, analysis, and defensive security monitoring.",Command and Control,Credential Phishing,
THR-2026-0294,2026-05-24 14:47:18,Credential Theft Observation,Data Exposure,Domain,login-check.example.net,Security Vendor,A,66,High,63,UNDER_REVIEW,2026-05-23 14:47:18,2026-05-25 14:47:18,India,"Synthetic defensive cybersecurity observation related to data exposure. This record is for awareness, analysis, and defensive security monitoring.",Initial Access,Network Service Scanning,
THR-2026-0295,2026-09-17 10:52:18,Synthetic Credential Phishing Campaign,Vulnerability Exposure,CVE,CVE-2023-37570,Unknown Source,D,57,Medium,57,CLOSED,2026-08-19 10:52:18,2026-09-18 10:52:18,Global,"Synthetic defensive cybersecurity observation related to vulnerability exposure. This record is for awareness, analysis, and defensive security monitoring.",Persistence,Data from Information Repositories,CVE-2021-31674
THR-2026-0296,2026-09-16 05:18:18,Vulnerability Exposure,Phishing,Email/Sender Domain,alerts@security-alert.example.com,Unknown Source,D,30,Medium,53,FALSE_POSITIVE,2026-09-13 05:18:18,2026-09-16 05:18:18,Australia,"Synthetic defensive cybersecurity observation related to phishing. This record is for awareness, analysis, and defensive security monitoring.",,,
THR-2026-0297,2026-04-24 17:29:18,Suspicious Malware Indicator,Credential Threat,Email/Sender Domain,alerts@security-alert.example.com,Unknown Source,D,47,High,64,FALSE_POSITIVE,2026-04-03 17:29:18,2026-04-27 17:29:18,Germany,"Synthetic defensive cybersecurity observation related to credential threat. This record is for awareness, analysis, and defensive security monitoring.",Discovery,User Execution,
THR-2026-0298,2026-05-18 00:57:18,Network Threat Observation,Ransomware,Email/Sender Domain,alerts@secure-login.example.com,Unknown Source,D,81,Critical,86,FALSE_POSITIVE,2026-05-07 00:57:18,2026-05-21 00:57:18,Singapore,"Synthetic defensive cybersecurity observation related to ransomware. This record is for awareness, analysis, and defensive security monitoring.",Execution,Credential Phishing,
THR-2026-0299,2026-07-24 16:50:18,Network Threat Observation,Data Exposure,CVE,CVE-2021-51562,Public Threat Feed,B,82,Medium,59,MONITORING,2026-07-08 16:50:18,2026-07-25 16:50:18,Singapore,"Synthetic defensive cybersecurity observation related to data exposure. This record is for awareness, analysis, and defensive security monitoring.",,,CVE-2022-15078
THR-2026-0300,2026-07-06 07:43:18,Suspicious Web Activity,Data Exposure,Email/Sender Domain,alerts@cloud-security.example.org,Community Submission,C,98,High,70,NEW,2026-06-28 07:43:18,2026-07-08 07:43:18,Singapore,"Synthetic defensive cybersecurity observation related to data exposure. This record is for awareness, analysis, and defensive security monitoring.",,,
THR-2026-0301,2026-08-21 19:59:18,Suspicious Web Activity,Vulnerability Exposure,Email/Sender Domain,alerts@login-check.example.net,Unknown Source,D,34,High,73,NEW,2026-07-24 19:59:18,2026-08-26 19:59:18,Global,"Synthetic defensive cybersecurity observation related to vulnerability exposure. This record is for awareness, analysis, and defensive security monitoring.",Initial Access,Data from Information Repositories,CVE-2021-40009
THR-2026-0302,2026-04-20 15:52:18,Suspicious Web Activity,Network Threat,URL,https://secure-login.invalid/verify,Unknown Source,D,80,High,76,MONITORING,2026-04-20 15:52:18,2026-04-25 15:52:18,Singapore,"Synthetic defensive cybersecurity observation related to network threat. This record is for awareness, analysis, and defensive security monitoring.",Discovery,Valid Accounts,
THR-2026-0303,2026-05-10 19:46:18,Ransomware Activity Pattern,Network Threat,Email/Sender Domain,alerts@security-alert.example.org,Public Threat Feed,B,44,High,63,NEW,2026-05-03 19:46:18,2026-05-13 19:46:18,Germany,"Synthetic defensive cybersecurity observation related to network threat. This record is for awareness, analysis, and defensive security monitoring.",Discovery,Application Layer Protocol,
THR-2026-0304,2026-08-31 20:16:18,Credential Theft Observation,Phishing,Email/Sender Domain,alerts@secure-login.example.com,Research Report,B,35,Medium,52,UNDER_REVIEW,2026-08-25 20:16:18,2026-09-03 20:16:18,India,"Synthetic defensive cybersecurity observation related to phishing. This record is for awareness, analysis, and defensive security monitoring.",Persistence,Data from Information Repositories,
THR-2026-0305,2026-06-19 00:29:18,Suspicious Web Activity,Vulnerability Exposure,URL,https://security-alert.example.org/verify,Public Threat Feed,B,98,High,73,FALSE_POSITIVE,2026-06-13 00:29:18,2026-06-21 00:29:18,Global,"Synthetic defensive cybersecurity observation related to vulnerability exposure. This record is for awareness, analysis, and defensive security monitoring.",Exfiltration,Credential Phishing,CVE-2021-51441
THR-2026-0306,2026-09-06 12:48:18,Suspicious Web Activity,Account Security,Domain,login-check.example.org,Security Vendor,A,54,Medium,51,NEW,2026-08-30 12:48:18,2026-09-10 12:48:18,United Kingdom,"Synthetic defensive cybersecurity observation related to account security. This record is for awareness, analysis, and defensive security monitoring.",Credential Access,Credential Phishing,
THR-2026-0307,2026-07-30 18:21:18,Synthetic Credential Phishing Campaign,Phishing,URL,https://update-service.invalid/verify,Security Vendor,A,93,High,67,MONITORING,2026-07-11 18:21:18,2026-08-04 18:21:18,United States,"Synthetic defensive cybersecurity observation related to phishing. This record is for awareness, analysis, and defensive security monitoring.",Initial Access,User Execution,
THR-2026-0308,2026-04-19 03:09:18,Vulnerability Exposure,Credential Threat,CVE,CVE-2022-25949,Public Threat Feed,B,31,Medium,54,FALSE_POSITIVE,2026-03-23 03:09:18,2026-04-24 03:09:18,Australia,"Synthetic defensive cybersecurity observation related to credential threat. This record is for awareness, analysis, and defensive security monitoring.",Initial Access,User Execution,CVE-2021-20168
THR-2026-0309,2026-09-30 10:36:18,Vulnerability Exposure,Social Engineering,Email/Sender Domain,alerts@identity-check.example.com,Public Threat Feed,B,48,High,67,NEW,2026-09-01 10:36:18,2026-10-04 10:36:18,United Kingdom,"Synthetic defensive cybersecurity observation related to social engineering. This record is for awareness, analysis, and defensive security monitoring.",Command and Control,User Execution,
THR-2026-0310,2026-06-28 11:16:18,Ransomware Activity Pattern,Network Threat,CVE,CVE-2021-48834,Security Vendor,A,89,High,62,CLOSED,2026-05-29 11:16:18,2026-06-30 11:16:18,Singapore,"Synthetic defensive cybersecurity observation related to network threat. This record is for awareness, analysis, and defensive security monitoring.",,,CVE-2024-44052
THR-2026-0311,2026-07-17 16:30:18,Potential Data Exposure,Account Security,CVE,CVE-2026-53435,Security Vendor,A,78,High,72,UNDER_REVIEW,2026-07-03 16:30:18,2026-07-21 16:30:18,Global,"Synthetic defensive cybersecurity observation related to account security. This record is for awareness, analysis, and defensive security monitoring.",,,CVE-2022-39078
THR-2026-0312,2026-04-20 16:53:18,Suspicious Malware Indicator,Ransomware,URL,https://security-alert.example.org/verify,Internal SOC,A,92,High,74,UNDER_REVIEW,2026-04-15 16:53:18,2026-04-22 16:53:18,Australia,"Synthetic defensive cybersecurity observation related to ransomware. This record is for awareness, analysis, and defensive security monitoring.",Initial Access,Data from Information Repositories,
THR-2026-0313,2026-09-08 07:40:18,Account Security Event,Network Threat,SHA-256,906368ee1ff71f13d514c4382fe5edc2f5bfacfea56dda1034a38df9c435f586,Community Submission,C,63,High,69,UNDER_REVIEW,2026-09-08 07:40:18,2026-09-12 07:40:18,Singapore,"Synthetic defensive cybersecurity observation related to network threat. This record is for awareness, analysis, and defensive security monitoring.",Execution,Valid Accounts,
THR-2026-0314,2026-06-06 13:10:18,Ransomware Activity Pattern,Phishing,URL,https://security-alert.example.com/verify,Research Report,B,86,High,64,UNDER_REVIEW,2026-05-26 13:10:18,2026-06-07 13:10:18,India,"Synthetic defensive cybersecurity observation related to phishing. This record is for awareness, analysis, and defensive security monitoring.",Credential Access,Data from Information Repositories,
THR-2026-0315,2026-09-19 05:52:18,Network Threat Observation,Phishing,URL,https://cloud-security.example.net/verify,Community Submission,C,53,High,73,UNDER_REVIEW,2026-08-20 05:52:18,2026-09-22 05:52:18,Germany,"Synthetic defensive cybersecurity observation related to phishing. This record is for awareness, analysis, and defensive security monitoring.",Credential Access,Data from Information Repositories,
THR-2026-0316,2026-05-11 16:17:18,Potential Data Exposure,Phishing,Email/Sender Domain,alerts@login-check.example.net,Unknown Source,D,73,High,76,CLOSED,2026-04-25 16:17:18,2026-05-16 16:17:18,Global,"Synthetic defensive cybersecurity observation related to phishing. This record is for awareness, analysis, and defensive security monitoring.",Initial Access,Valid Accounts,
THR-2026-0317,2026-09-23 05:33:18,Suspicious Web Activity,Data Exposure,Email/Sender Domain,alerts@update-service.example.com,Public Threat Feed,B,30,Medium,58,CLOSED,2026-09-09 05:33:18,2026-09-26 05:33:18,United Kingdom,"Synthetic defensive cybersecurity observation related to data exposure. This record is for awareness, analysis, and defensive security monitoring.",Discovery,Phishing,
THR-2026-0318,2026-05-08 13:17:18,Synthetic Credential Phishing Campaign,Data Exposure,Domain,security-alert.example.net,Research Report,B,82,Medium,60,FALSE_POSITIVE,2026-05-04 13:17:18,2026-05-11 13:17:18,Australia,"Synthetic defensive cybersecurity observation related to data exposure. This record is for awareness, analysis, and defensive security monitoring.",Execution,Credential Phishing,
THR-2026-0319,2026-04-07 21:11:18,Potential Data Exposure,Malware,URL,https://secure-login.example.com/verify,Community Submission,C,45,Medium,50,CLOSED,2026-03-27 21:11:18,2026-04-07 21:11:18,Singapore,"Synthetic defensive cybersecurity observation related to malware. This record is for awareness, analysis, and defensive security monitoring.",Credential Access,Phishing,
THR-2026-0320,2026-06-20 02:32:18,Suspicious Malware Indicator,Ransomware,URL,https://security-alert.example.com/verify,Public Threat Feed,B,44,Medium,52,NEW,2026-05-28 02:32:18,2026-06-23 02:32:18,Singapore,"Synthetic defensive cybersecurity observation related to ransomware. This record is for awareness, analysis, and defensive security monitoring.",Exfiltration,User Execution,
THR-2026-0321,2026-08-06 05:14:18,Suspicious Malware Indicator,Phishing,SHA-256,84032fac781f951336f896d3a9a7f5662bfc85272ac83fb19519af7d77af5ff7,Research Report,B,88,High,66,FALSE_POSITIVE,2026-07-16 05:14:18,2026-08-09 05:14:18,India,"Synthetic defensive cybersecurity observation related to phishing. This record is for awareness, analysis, and defensive security monitoring.",Execution,Network Service Scanning,
THR-2026-0322,2026-04-21 00:49:18,Account Security Event,Web Threat,Email/Sender Domain,alerts@account-verify.example.org,Unknown Source,D,51,Medium,54,NEW,2026-04-17 00:49:18,2026-04-21 00:49:18,India,"Synthetic defensive cybersecurity observation related to web threat. This record is for awareness, analysis, and defensive security monitoring.",Initial Access,Credential Phishing,
THR-2026-0323,2026-05-09 23:52:18,Vulnerability Exposure,Ransomware,Domain,cloud-security.invalid,Public Threat Feed,B,98,Critical,82,CLOSED,2026-05-08 23:52:18,2026-05-09 23:52:18,Global,"Synthetic defensive cybersecurity observation related to ransomware. This record is for awareness, analysis, and defensive security monitoring.",Discovery,Phishing,
THR-2026-0324,2026-08-12 13:38:18,Potential Data Exposure,Web Threat,SHA-256,d948c677b7573829d948945e309d9a4663e649bc1400de19a37cf1418efa8991,Internal SOC,A,60,Medium,56,CLOSED,2026-07-24 13:38:18,2026-08-12 13:38:18,Australia,"Synthetic defensive cybersecurity observation related to web threat. This record is for awareness, analysis, and defensive security monitoring.",Command and Control,Network Service Scanning,
THR-2026-0325,2026-07-07 07:12:18,Social Engineering Attempt,Web Threat,SHA-256,89423d3513de34f6728dc366db3e97521acfd1c3449ee5a80ad1d48adab1a507,Community Submission,C,65,High,73,UNDER_REVIEW,2026-06-19 07:12:18,2026-07-10 07:12:18,Singapore,"Synthetic defensive cybersecurity observation related to web threat. This record is for awareness, analysis, and defensive security monitoring.",Execution,Application Layer Protocol,
THR-2026-0326,2026-08-12 16:25:18,Credential Theft Observation,Web Threat,Domain,login-check.example.com,Public Threat Feed,B,28,Medium,43,MONITORING,2026-07-30 16:25:18,2026-08-12 16:25:18,United Kingdom,"Synthetic defensive cybersecurity observation related to web threat. This record is for awareness, analysis, and defensive security monitoring.",Exfiltration,Phishing,
THR-2026-0327,2026-07-09 23:05:18,Credential Theft Observation,Web Threat,URL,https://account-verify.example.org/verify,Internal SOC,A,66,High,65,CLOSED,2026-06-21 23:05:18,2026-07-13 23:05:18,Germany,"Synthetic defensive cybersecurity observation related to web threat. This record is for awareness, analysis, and defensive security monitoring.",Exfiltration,Phishing,
THR-2026-0328,2026-06-08 21:52:18,Network Threat Observation,Ransomware,SHA-256,92a8106152fbec2f3b2a7adcf45565cc1e2faeb32ea94b77c2cdddf6383fd81b,Community Submission,C,83,High,68,FALSE_POSITIVE,2026-05-16 21:52:18,2026-06-08 21:52:18,India,"Synthetic defensive cybersecurity observation related to ransomware. This record is for awareness, analysis, and defensive security monitoring.",Execution,Network Service Scanning,
THR-2026-0329,2026-04-27 17:58:18,Account Security Event,Network Threat,URL,https://login-check.example.org/verify,Community Submission,C,44,Medium,42,MONITORING,2026-04-22 17:58:18,2026-05-01 17:58:18,Australia,"Synthetic defensive cybersecurity observation related to network threat. This record is for awareness, analysis, and defensive security monitoring.",Initial Access,User Execution,
THR-2026-0330,2026-08-10 19:32:18,Social Engineering Attempt,Vulnerability Exposure,IP,203.0.113.7,Public Threat Feed,B,55,High,61,CLOSED,2026-08-05 19:32:18,2026-08-10 19:32:18,Singapore,"Synthetic defensive cybersecurity observation related to vulnerability exposure. This record is for awareness, analysis, and defensive security monitoring.",Execution,Valid Accounts,CVE-2022-7068
THR-2026-0331,2026-05-25 14:43:18,Potential Data Exposure,Network Threat,SHA-256,c20d3f6d3ade52f1af7c3bab80d20945195fe31f5f7350470dc41c83c811b794,Internal SOC,A,92,High,69,NEW,2026-05-19 14:43:18,2026-05-30 14:43:18,United Kingdom,"Synthetic defensive cybersecurity observation related to network threat. This record is for awareness, analysis, and defensive security monitoring.",Initial Access,Application Layer Protocol,
THR-2026-0332,2026-09-29 17:03:18,Credential Theft Observation,Account Security,IP,198.51.100.71,Security Vendor,A,30,Medium,53,FALSE_POSITIVE,2026-09-20 17:03:18,2026-10-04 17:03:18,United Kingdom,"Synthetic defensive cybersecurity observation related to account security. This record is for awareness, analysis, and defensive security monitoring.",Exfiltration,Credential Phishing,
THR-2026-0333,2026-05-27 08:38:18,Ransomware Activity Pattern,Malware,URL,https://identity-check.example.org/verify,Community Submission,C,60,Medium,49,FALSE_POSITIVE,2026-05-10 08:38:18,2026-05-29 08:38:18,United States,"Synthetic defensive cybersecurity observation related to malware. This record is for awareness, analysis, and defensive security monitoring.",Execution,Phishing,
THR-2026-0334,2026-06-06 14:48:18,Vulnerability Exposure,Web Threat,Email/Sender Domain,alerts@security-alert.example.net,Internal SOC,A,94,High,72,FALSE_POSITIVE,2026-06-03 14:48:18,2026-06-09 14:48:18,United Kingdom,"Synthetic defensive cybersecurity observation related to web threat. This record is for awareness, analysis, and defensive security monitoring.",,,
THR-2026-0335,2026-09-11 13:22:18,Social Engineering Attempt,Web Threat,URL,https://update-service.example.com/verify,Public Threat Feed,B,93,High,72,UNDER_REVIEW,2026-09-08 13:22:18,2026-09-14 13:22:18,United States,"Synthetic defensive cybersecurity observation related to web threat. This record is for awareness, analysis, and defensive security monitoring.",Exfiltration,Network Service Scanning,
THR-2026-0336,2026-09-28 09:21:18,Ransomware Activity Pattern,Web Threat,URL,https://account-verify.example.org/verify,Research Report,B,67,High,66,FALSE_POSITIVE,2026-09-25 09:21:18,2026-09-30 09:21:18,Singapore,"Synthetic defensive cybersecurity observation related to web threat. This record is for awareness, analysis, and defensive security monitoring.",Execution,Network Service Scanning,
THR-2026-0337,2026-07-19 18:22:18,Credential Theft Observation,Malware,SHA-256,519ad6443bcae3f2fc66081b2cd5ed68320b5987e0157e4345bd4ae3789c12db,Research Report,B,38,High,61,UNDER_REVIEW,2026-07-07 18:22:18,2026-07-23 18:22:18,Germany,"Synthetic defensive cybersecurity observation related to malware. This record is for awareness, analysis, and defensive security monitoring.",,,
THR-2026-0338,2026-05-18 13:36:18,Social Engineering Attempt,Vulnerability Exposure,IP,192.0.2.152,Unknown Source,D,80,High,70,FALSE_POSITIVE,2026-05-13 13:36:18,2026-05-23 13:36:18,Germany,"Synthetic defensive cybersecurity observation related to vulnerability exposure. This record is for awareness, analysis, and defensive security monitoring.",,,CVE-2026-38630
THR-2026-0339,2026-05-05 08:08:18,Synthetic Credential Phishing Campaign,Network Threat,Email/Sender Domain,alerts@login-check.example.com,Research Report,B,81,Medium,51,UNDER_REVIEW,2026-04-09 08:08:18,2026-05-09 08:08:18,Singapore,"Synthetic defensive cybersecurity observation related to network threat. This record is for awareness, analysis, and defensive security monitoring.",Exfiltration,Application Layer Protocol,
THR-2026-0340,2026-05-10 21:39:18,Suspicious Web Activity,Phishing,Domain,update-service.example.org,Public Threat Feed,B,82,High,76,NEW,2026-05-04 21:39:18,2026-05-15 21:39:18,Singapore,"Synthetic defensive cybersecurity observation related to phishing. This record is for awareness, analysis, and defensive security monitoring.",Initial Access,Network Service Scanning,
THR-2026-0341,2026-09-22 11:06:18,Synthetic Credential Phishing Campaign,Data Exposure,SHA-256,b1551d745785fdd459325edc5faec3600521ee9204459e155976f526cd09f65a,Internal SOC,A,62,High,70,CLOSED,2026-09-05 11:06:18,2026-09-24 11:06:18,Australia,"Synthetic defensive cybersecurity observation related to data exposure. This record is for awareness, analysis, and defensive security monitoring.",Discovery,Credential Phishing,
THR-2026-0342,2026-06-06 07:39:18,Ransomware Activity Pattern,Network Threat,CVE,CVE-2022-1760,Public Threat Feed,B,73,High,62,NEW,2026-05-20 07:39:18,2026-06-09 07:39:18,Australia,"Synthetic defensive cybersecurity observation related to network threat. This record is for awareness, analysis, and defensive security monitoring.",Initial Access,Valid Accounts,CVE-2022-19905
THR-2026-0343,2026-06-10 13:13:18,Potential Data Exposure,Social Engineering,CVE,CVE-2024-26212,Community Submission,C,42,Medium,51,MONITORING,2026-05-12 13:13:18,2026-06-13 13:13:18,United States,"Synthetic defensive cybersecurity observation related to social engineering. This record is for awareness, analysis, and defensive security monitoring.",,,CVE-2025-28795
THR-2026-0344,2026-07-28 21:52:18,Synthetic Credential Phishing Campaign,Ransomware,SHA-256,6d52d809a7c2ff1edc1ef262d458b0a1286aa4da13788658867adc796b470695,Public Threat Feed,B,98,High,80,CLOSED,2026-07-11 21:52:18,2026-08-01 21:52:18,Australia,"Synthetic defensive cybersecurity observation related to ransomware. This record is for awareness, analysis, and defensive security monitoring.",,,
THR-2026-0345,2026-06-07 19:46:18,Suspicious Malware Indicator,Network Threat,IP,203.0.113.163,Internal SOC,A,35,High,62,FALSE_POSITIVE,2026-05-22 19:46:18,2026-06-11 19:46:18,Global,"Synthetic defensive cybersecurity observation related to network threat. This record is for awareness, analysis, and defensive security monitoring.",,,
THR-2026-0346,2026-05-26 20:15:18,Suspicious Web Activity,Account Security,URL,https://account-verify.example.com/verify,Research Report,B,68,High,68,NEW,2026-05-03 20:15:18,2026-05-28 20:15:18,Australia,"Synthetic defensive cybersecurity observation related to account security. This record is for awareness, analysis, and defensive security monitoring.",Discovery,Application Layer Protocol,
THR-2026-0347,2026-08-22 17:48:18,Suspicious Malware Indicator,Web Threat,CVE,CVE-2022-34134,Unknown Source,D,58,High,70,NEW,2026-08-01 17:48:18,2026-08-24 17:48:18,Global,"Synthetic defensive cybersecurity observation related to web threat. This record is for awareness, analysis, and defensive security monitoring.",Exfiltration,User Execution,CVE-2023-32769
THR-2026-0348,2026-05-04 05:53:18,Network Threat Observation,Web Threat,Domain,cloud-security.example.com,Security Vendor,A,60,High,64,MONITORING,2026-04-16 05:53:18,2026-05-09 05:53:18,Global,"Synthetic defensive cybersecurity observation related to web threat. This record is for awareness, analysis, and defensive security monitoring.",Command and Control,Valid Accounts,
THR-2026-0349,2026-08-26 20:03:18,Ransomware Activity Pattern,Social Engineering,Domain,security-alert.example.org,Security Vendor,A,29,Medium,56,NEW,2026-08-13 20:03:18,2026-08-29 20:03:18,Australia,"Synthetic defensive cybersecurity observation related to social engineering. This record is for awareness, analysis, and defensive security monitoring.",Persistence,Data from Information Repositories,
THR-2026-0350,2026-08-06 23:08:18,Potential Data Exposure,Malware,IP,198.51.100.4,Research Report,B,76,Medium,59,MONITORING,2026-07-15 23:08:18,2026-08-09 23:08:18,Global,"Synthetic defensive cybersecurity observation related to malware. This record is for awareness, analysis, and defensive security monitoring.",Credential Access,Credential Phishing,
THR-2026-0351,2026-06-16 15:53:18,Suspicious Malware Indicator,Network Threat,Email/Sender Domain,alerts@account-verify.example.net,Public Threat Feed,B,30,Medium,60,CLOSED,2026-05-27 15:53:18,2026-06-18 15:53:18,Global,"Synthetic defensive cybersecurity observation related to network threat. This record is for awareness, analysis, and defensive security monitoring.",Command and Control,Application Layer Protocol,
THR-2026-0352,2026-07-16 18:51:18,Suspicious Malware Indicator,Credential Threat,CVE,CVE-2026-30225,Internal SOC,A,49,High,65,MONITORING,2026-06-25 18:51:18,2026-07-16 18:51:18,United States,"Synthetic defensive cybersecurity observation related to credential threat. This record is for awareness, analysis, and defensive security monitoring.",,,CVE-2021-35423
THR-2026-0353,2026-04-20 05:13:18,Suspicious Malware Indicator,Web Threat,URL,https://cloud-security.example.com/verify,Unknown Source,D,28,Medium,43,CLOSED,2026-03-31 05:13:18,2026-04-20 05:13:18,Australia,"Synthetic defensive cybersecurity observation related to web threat. This record is for awareness, analysis, and defensive security monitoring.",Exfiltration,Application Layer Protocol,
THR-2026-0354,2026-04-24 20:52:18,Network Threat Observation,Account Security,Domain,account-verify.example.com,Unknown Source,D,48,High,64,NEW,2026-04-16 20:52:18,2026-04-27 20:52:18,United Kingdom,"Synthetic defensive cybersecurity observation related to account security. This record is for awareness, analysis, and defensive security monitoring.",Exfiltration,Phishing,
THR-2026-0355,2026-09-17 19:52:18,Ransomware Activity Pattern,Vulnerability Exposure,SHA-256,3bff35c83011245c4b8ac8d8e46303573ca2b969ec4c56b9c25135f0cf6564a5,Research Report,B,32,Medium,49,CLOSED,2026-09-11 19:52:18,2026-09-21 19:52:18,United States,"Synthetic defensive cybersecurity observation related to vulnerability exposure. This record is for awareness, analysis, and defensive security monitoring.",,,CVE-2024-8106
THR-2026-0356,2026-09-17 09:15:18,Synthetic Credential Phishing Campaign,Account Security,CVE,CVE-2021-44555,Research Report,B,81,Medium,53,CLOSED,2026-08-25 09:15:18,2026-09-19 09:15:18,United Kingdom,"Synthetic defensive cybersecurity observation related to account security. This record is for awareness, analysis, and defensive security monitoring.",,,CVE-2024-10755
THR-2026-0357,2026-06-04 22:26:18,Social Engineering Attempt,Ransomware,CVE,CVE-2021-38174,Internal SOC,A,75,High,63,FALSE_POSITIVE,2026-05-08 22:26:18,2026-06-09 22:26:18,United Kingdom,"Synthetic defensive cybersecurity observation related to ransomware. This record is for awareness, analysis, and defensive security monitoring.",Persistence,Application Layer Protocol,CVE-2021-26193
THR-2026-0358,2026-09-14 21:03:18,Potential Data Exposure,Web Threat,SHA-256,6049c44c791844e19aaa70a0d63ec4ad4c9d86718ef44383551d3a86d679f1ff,Unknown Source,D,36,Medium,50,CLOSED,2026-08-21 21:03:18,2026-09-16 21:03:18,Australia,"Synthetic defensive cybersecurity observation related to web threat. This record is for awareness, analysis, and defensive security monitoring.",,,
THR-2026-0359,2026-04-26 21:04:18,Account Security Event,Credential Threat,URL,https://security-alert.example.net/verify,Internal SOC,A,38,High,61,CLOSED,2026-04-20 21:04:18,2026-04-27 21:04:18,India,"Synthetic defensive cybersecurity observation related to credential threat. This record is for awareness, analysis, and defensive security monitoring.",,,
THR-2026-0360,2026-07-11 10:30:18,Potential Data Exposure,Data Exposure,CVE,CVE-2024-45438,Internal SOC,A,93,High,66,FALSE_POSITIVE,2026-06-16 10:30:18,2026-07-16 10:30:18,United States,"Synthetic defensive cybersecurity observation related to data exposure. This record is for awareness, analysis, and defensive security monitoring.",Command and Control,Network Service Scanning,CVE-2022-53894
THR-2026-0361,2026-09-24 04:07:18,Synthetic Credential Phishing Campaign,Credential Threat,IP,198.51.100.211,Internal SOC,A,43,Medium,43,NEW,2026-09-04 04:07:18,2026-09-25 04:07:18,Germany,"Synthetic defensive cybersecurity observation related to credential threat. This record is for awareness, analysis, and defensive security monitoring.",,,
THR-2026-0362,2026-05-05 16:37:18,Vulnerability Exposure,Account Security,Domain,account-verify.invalid,Research Report,B,33,High,61,FALSE_POSITIVE,2026-05-03 16:37:18,2026-05-06 16:37:18,Singapore,"Synthetic defensive cybersecurity observation related to account security. This record is for awareness, analysis, and defensive security monitoring.",Execution,User Execution,
THR-2026-0363,2026-06-21 06:07:18,Account Security Event,Credential Threat,IP,192.0.2.35,Security Vendor,A,67,Medium,59,NEW,2026-06-10 06:07:18,2026-06-25 06:07:18,Global,"Synthetic defensive cybersecurity observation related to credential threat. This record is for awareness, analysis, and defensive security monitoring.",Exfiltration,Application Layer Protocol,
THR-2026-0364,2026-10-04 05:52:18,Suspicious Web Activity,Account Security,SHA-256,83e5b42f013c4254d7836b1eb7c6c0fdc89b8a54fc4cb4f2b746abed2bfeaba0,Unknown Source,D,27,Medium,58,CLOSED,2026-10-02 05:52:18,2026-10-09 05:52:18,Australia,"Synthetic defensive cybersecurity observation related to account security. This record is for awareness, analysis, and defensive security monitoring.",Execution,Valid Accounts,
THR-2026-0365,2026-05-01 13:49:18,Suspicious Web Activity,Ransomware,CVE,CVE-2023-28445,Unknown Source,D,82,High,65,NEW,2026-04-12 13:49:18,2026-05-02 13:49:18,Singapore,"Synthetic defensive cybersecurity observation related to ransomware. This record is for awareness, analysis, and defensive security monitoring.",Execution,Valid Accounts,CVE-2021-42103
THR-2026-0366,2026-06-08 15:09:18,Ransomware Activity Pattern,Malware,Email/Sender Domain,alerts@identity-check.example.net,Internal SOC,A,71,Critical,81,CLOSED,2026-06-02 15:09:18,2026-06-10 15:09:18,United States,"Synthetic defensive cybersecurity observation related to malware. This record is for awareness, analysis, and defensive security monitoring.",,,
THR-2026-0367,2026-06-16 03:30:18,Ransomware Activity Pattern,Ransomware,CVE,CVE-2022-52478,Internal SOC,A,31,High,65,NEW,2026-05-28 03:30:18,2026-06-19 03:30:18,Germany,"Synthetic defensive cybersecurity observation related to ransomware. This record is for awareness, analysis, and defensive security monitoring.",,,CVE-2021-36216
THR-2026-0368,2026-07-13 22:39:18,Suspicious Malware Indicator,Data Exposure,IP,198.51.100.59,Public Threat Feed,B,55,Medium,59,NEW,2026-06-20 22:39:18,2026-07-18 22:39:18,United States,"Synthetic defensive cybersecurity observation related to data exposure. This record is for awareness, analysis, and defensive security monitoring.",,,
THR-2026-0369,2026-09-21 22:42:18,Social Engineering Attempt,Vulnerability Exposure,Domain,identity-check.example.com,Research Report,B,53,Medium,59,MONITORING,2026-09-15 22:42:18,2026-09-25 22:42:18,United Kingdom,"Synthetic defensive cybersecurity observation related to vulnerability exposure. This record is for awareness, analysis, and defensive security monitoring.",,,CVE-2023-9939
THR-2026-0370,2026-06-07 21:25:18,Account Security Event,Credential Threat,URL,https://security-alert.example.com/verify,Security Vendor,A,97,Medium,52,FALSE_POSITIVE,2026-06-02 21:25:18,2026-06-09 21:25:18,Singapore,"Synthetic defensive cybersecurity observation related to credential threat. This record is for awareness, analysis, and defensive security monitoring.",Exfiltration,Valid Accounts,
THR-2026-0371,2026-06-09 03:51:18,Credential Theft Observation,Malware,SHA-256,2fd46ddbc27329c14278671df1a18356e55254ea04be2e0dcef95c7ac293eb6c,Unknown Source,D,87,Critical,85,CLOSED,2026-05-17 03:51:18,2026-06-12 03:51:18,Singapore,"Synthetic defensive cybersecurity observation related to malware. This record is for awareness, analysis, and defensive security monitoring.",Execution,Network Service Scanning,
THR-2026-0372,2026-09-26 22:18:18,Social Engineering Attempt,Ransomware,Email/Sender Domain,alerts@update-service.example.com,Unknown Source,D,78,High,72,NEW,2026-09-14 22:18:18,2026-09-29 22:18:18,Singapore,"Synthetic defensive cybersecurity observation related to ransomware. This record is for awareness, analysis, and defensive security monitoring.",Exfiltration,Phishing,
THR-2026-0373,2026-04-17 02:41:18,Social Engineering Attempt,Vulnerability Exposure,Domain,cloud-security.example.com,Community Submission,C,62,Medium,47,CLOSED,2026-03-26 02:41:18,2026-04-20 02:41:18,United States,"Synthetic defensive cybersecurity observation related to vulnerability exposure. This record is for awareness, analysis, and defensive security monitoring.",Exfiltration,Data from Information Repositories,CVE-2021-30808
THR-2026-0374,2026-04-12 01:18:18,Potential Data Exposure,Network Threat,CVE,CVE-2025-53066,Research Report,B,25,Medium,57,UNDER_REVIEW,2026-04-11 01:18:18,2026-04-14 01:18:18,Global,"Synthetic defensive cybersecurity observation related to network threat. This record is for awareness, analysis, and defensive security monitoring.",Command and Control,Phishing,CVE-2026-41140
THR-2026-0375,2026-09-06 23:28:18,Ransomware Activity Pattern,Account Security,URL,https://identity-check.invalid/verify,Internal SOC,A,32,Medium,60,FALSE_POSITIVE,2026-08-23 23:28:18,2026-09-10 23:28:18,Australia,"Synthetic defensive cybersecurity observation related to account security. This record is for awareness, analysis, and defensive security monitoring.",Exfiltration,Valid Accounts,
THR-2026-0376,2026-04-09 05:03:18,Suspicious Web Activity,Ransomware,URL,https://secure-login.example.net/verify,Public Threat Feed,B,39,High,63,MONITORING,2026-03-17 05:03:18,2026-04-10 05:03:18,India,"Synthetic defensive cybersecurity observation related to ransomware. This record is for awareness, analysis, and defensive security monitoring.",Initial Access,User Execution,
THR-2026-0377,2026-04-14 17:54:18,Suspicious Malware Indicator,Network Threat,SHA-256,481adcce3bbd179f9e1a3a42d584c8f98809a7d70816feef026ca3cd73cdbdf1,Community Submission,C,92,High,71,CLOSED,2026-04-05 17:54:18,2026-04-17 17:54:18,India,"Synthetic defensive cybersecurity observation related to network threat. This record is for awareness, analysis, and defensive security monitoring.",Initial Access,Credential Phishing,
THR-2026-0378,2026-04-10 07:20:18,Synthetic Credential Phishing Campaign,Ransomware,URL,https://account-verify.example.net/verify,Community Submission,C,34,Medium,57,FALSE_POSITIVE,2026-04-06 07:20:18,2026-04-11 07:20:18,United States,"Synthetic defensive cybersecurity observation related to ransomware. This record is for awareness, analysis, and defensive security monitoring.",Credential Access,User Execution,
THR-2026-0379,2026-08-06 19:10:18,Network Threat Observation,Vulnerability Exposure,SHA-256,3b3be94e1c541cb9764b680b494243442acbbd752503f9a17935797a54af2e67,Community Submission,C,27,Medium,49,FALSE_POSITIVE,2026-07-27 19:10:18,2026-08-09 19:10:18,Australia,"Synthetic defensive cybersecurity observation related to vulnerability exposure. This record is for awareness, analysis, and defensive security monitoring.",Command and Control,Network Service Scanning,CVE-2026-52565
THR-2026-0380,2026-08-07 20:28:18,Social Engineering Attempt,Data Exposure,SHA-256,cbad6a577e6098c3d4c910d0e61705ae6bbf2b6eb27ad8ac50044fa3c1f24ce1,Security Vendor,A,97,High,63,FALSE_POSITIVE,2026-07-29 20:28:18,2026-08-07 20:28:18,United States,"Synthetic defensive cybersecurity observation related to data exposure. This record is for awareness, analysis, and defensive security monitoring.",Command and Control,Network Service Scanning,
THR-2026-0381,2026-07-15 17:43:18,Potential Data Exposure,Web Threat,Domain,identity-check.invalid,Public Threat Feed,B,44,Medium,59,MONITORING,2026-07-01 17:43:18,2026-07-17 17:43:18,United Kingdom,"Synthetic defensive cybersecurity observation related to web threat. This record is for awareness, analysis, and defensive security monitoring.",,,
THR-2026-0382,2026-06-23 20:02:18,Potential Data Exposure,Ransomware,URL,https://secure-login.example.org/verify,Public Threat Feed,B,45,Medium,50,MONITORING,2026-06-19 20:02:18,2026-06-26 20:02:18,Germany,"Synthetic defensive cybersecurity observation related to ransomware. This record is for awareness, analysis, and defensive security monitoring.",,,
THR-2026-0383,2026-06-05 10:43:18,Vulnerability Exposure,Web Threat,Email/Sender Domain,alerts@secure-login.example.com,Internal SOC,A,97,High,77,CLOSED,2026-05-15 10:43:18,2026-06-09 10:43:18,United Kingdom,"Synthetic defensive cybersecurity observation related to web threat. This record is for awareness, analysis, and defensive security monitoring.",Initial Access,User Execution,
THR-2026-0384,2026-09-13 17:57:18,Potential Data Exposure,Phishing,Email/Sender Domain,alerts@update-service.example.com,Unknown Source,D,92,High,66,CLOSED,2026-08-30 17:57:18,2026-09-18 17:57:18,United Kingdom,"Synthetic defensive cybersecurity observation related to phishing. This record is for awareness, analysis, and defensive security monitoring.",Discovery,Network Service Scanning,
THR-2026-0385,2026-07-02 23:28:18,Social Engineering Attempt,Data Exposure,IP,203.0.113.23,Public Threat Feed,B,71,High,76,UNDER_REVIEW,2026-07-02 23:28:18,2026-07-04 23:28:18,Australia,"Synthetic defensive cybersecurity observation related to data exposure. This record is for awareness, analysis, and defensive security monitoring.",Credential Access,Application Layer Protocol,
THR-2026-0386,2026-05-05 09:42:18,Suspicious Malware Indicator,Vulnerability Exposure,SHA-256,1625f497dab25fdcc30a53df37738645fbceaa86633284cbcb7897ad2a6409ee,Research Report,B,79,High,69,CLOSED,2026-04-29 09:42:18,2026-05-07 09:42:18,India,"Synthetic defensive cybersecurity observation related to vulnerability exposure. This record is for awareness, analysis, and defensive security monitoring.",Initial Access,Credential Phishing,CVE-2025-22981
THR-2026-0387,2026-08-15 05:58:18,Suspicious Web Activity,Web Threat,SHA-256,7267dcf49a00d596bf9e2b2647904b53f3763cc9bef32c9452edeb72c378f49c,Community Submission,C,84,High,63,MONITORING,2026-08-03 05:58:18,2026-08-17 05:58:18,Germany,"Synthetic defensive cybersecurity observation related to web threat. This record is for awareness, analysis, and defensive security monitoring.",Discovery,Application Layer Protocol,
THR-2026-0388,2026-09-03 15:09:18,Credential Theft Observation,Social Engineering,Domain,login-check.invalid,Research Report,B,25,Low,36,MONITORING,2026-08-06 15:09:18,2026-09-05 15:09:18,Germany,"Synthetic defensive cybersecurity observation related to social engineering. This record is for awareness, analysis, and defensive security monitoring.",,,
THR-2026-0389,2026-04-27 14:21:18,Account Security Event,Malware,Email/Sender Domain,alerts@login-check.example.org,Public Threat Feed,B,86,High,78,UNDER_REVIEW,2026-04-05 14:21:18,2026-04-27 14:21:18,Singapore,"Synthetic defensive cybersecurity observation related to malware. This record is for awareness, analysis, and defensive security monitoring.",Initial Access,Valid Accounts,
THR-2026-0390,2026-07-04 22:11:18,Potential Data Exposure,Network Threat,SHA-256,5bfe925cbc5ac47f83a2bfec74223648373591a91525a9e90d3d1ed43fb8331f,Internal SOC,A,42,High,62,NEW,2026-06-05 22:11:18,2026-07-06 22:11:18,Singapore,"Synthetic defensive cybersecurity observation related to network threat. This record is for awareness, analysis, and defensive security monitoring.",Execution,Data from Information Repositories,
THR-2026-0391,2026-04-13 02:34:18,Potential Data Exposure,Ransomware,IP,203.0.113.91,Unknown Source,D,46,High,67,UNDER_REVIEW,2026-03-23 02:34:18,2026-04-18 02:34:18,India,"Synthetic defensive cybersecurity observation related to ransomware. This record is for awareness, analysis, and defensive security monitoring.",Execution,Network Service Scanning,
THR-2026-0392,2026-08-26 19:37:18,Potential Data Exposure,Web Threat,URL,https://cloud-security.invalid/verify,Community Submission,C,77,High,64,CLOSED,2026-07-31 19:37:18,2026-08-27 19:37:18,Germany,"Synthetic defensive cybersecurity observation related to web threat. This record is for awareness, analysis, and defensive security monitoring.",Initial Access,Phishing,
THR-2026-0393,2026-05-05 19:03:18,Suspicious Malware Indicator,Ransomware,IP,192.0.2.33,Unknown Source,D,64,High,63,UNDER_REVIEW,2026-04-25 19:03:18,2026-05-06 19:03:18,Australia,"Synthetic defensive cybersecurity observation related to ransomware. This record is for awareness, analysis, and defensive security monitoring.",Execution,User Execution,
THR-2026-0394,2026-06-03 22:49:18,Potential Data Exposure,Ransomware,Domain,secure-login.invalid,Internal SOC,A,35,Low,36,CLOSED,2026-05-28 22:49:18,2026-06-03 22:49:18,India,"Synthetic defensive cybersecurity observation related to ransomware. This record is for awareness, analysis, and defensive security monitoring.",Persistence,Phishing,
THR-2026-0395,2026-08-13 16:54:18,Suspicious Malware Indicator,Malware,URL,https://security-alert.example.org/verify,Unknown Source,D,37,High,68,FALSE_POSITIVE,2026-08-07 16:54:18,2026-08-14 16:54:18,United Kingdom,"Synthetic defensive cybersecurity observation related to malware. This record is for awareness, analysis, and defensive security monitoring.",Persistence,Valid Accounts,
THR-2026-0396,2026-10-01 19:38:18,Suspicious Malware Indicator,Data Exposure,CVE,CVE-2022-34042,Public Threat Feed,B,89,High,73,CLOSED,2026-09-09 19:38:18,2026-10-02 19:38:18,United Kingdom,"Synthetic defensive cybersecurity observation related to data exposure. This record is for awareness, analysis, and defensive security monitoring.",,,CVE-2025-1283
THR-2026-0397,2026-08-11 19:37:18,Suspicious Malware Indicator,Account Security,Domain,secure-login.example.com,Public Threat Feed,B,38,Medium,52,CLOSED,2026-07-29 19:37:18,2026-08-11 19:37:18,Global,"Synthetic defensive cybersecurity observation related to account security. This record is for awareness, analysis, and defensive security monitoring.",,,
THR-2026-0398,2026-06-29 02:22:18,Potential Data Exposure,Network Threat,CVE,CVE-2024-20044,Public Threat Feed,B,30,Medium,46,CLOSED,2026-06-10 02:22:18,2026-07-04 02:22:18,United States,"Synthetic defensive cybersecurity observation related to network threat. This record is for awareness, analysis, and defensive security monitoring.",Exfiltration,Phishing,CVE-2024-15802
THR-2026-0399,2026-06-25 21:18:18,Account Security Event,Social Engineering,CVE,CVE-2021-49590,Internal SOC,A,26,Medium,54,UNDER_REVIEW,2026-06-04 21:18:18,2026-06-30 21:18:18,India,"Synthetic defensive cybersecurity observation related to social engineering. This record is for awareness, analysis, and defensive security monitoring.",,,CVE-2024-27255
THR-2026-0400,2026-05-31 03:03:18,Vulnerability Exposure,Network Threat,Domain,account-verify.example.net,Community Submission,C,76,High,63,FALSE_POSITIVE,2026-05-09 03:03:18,2026-06-04 03:03:18,Germany,"Synthetic defensive cybersecurity observation related to network threat. This record is for awareness, analysis, and defensive security monitoring.",Credential Access,Network Service Scanning,
THR-2026-0401,2026-08-06 15:43:18,Suspicious Malware Indicator,Web Threat,Domain,update-service.invalid,Unknown Source,D,38,Medium,60,UNDER_REVIEW,2026-08-06 15:43:18,2026-08-06 15:43:18,Germany,"Synthetic defensive cybersecurity observation related to web threat. This record is for awareness, analysis, and defensive security monitoring.",,,
THR-2026-0402,2026-04-18 19:02:18,Potential Data Exposure,Account Security,CVE,CVE-2023-36549,Security Vendor,A,63,Medium,60,MONITORING,2026-04-03 19:02:18,2026-04-21 19:02:18,Global,"Synthetic defensive cybersecurity observation related to account security. This record is for awareness, analysis, and defensive security monitoring.",Exfiltration,Network Service Scanning,CVE-2024-33129
THR-2026-0403,2026-07-16 23:23:18,Suspicious Web Activity,Data Exposure,IP,203.0.113.43,Internal SOC,A,29,High,63,CLOSED,2026-07-02 23:23:18,2026-07-16 23:23:18,Germany,"Synthetic defensive cybersecurity observation related to data exposure. This record is for awareness, analysis, and defensive security monitoring.",,,
THR-2026-0404,2026-04-19 18:08:18,Ransomware Activity Pattern,Ransomware,URL,https://secure-login.invalid/verify,Research Report,B,87,High,77,CLOSED,2026-04-02 18:08:18,2026-04-23 18:08:18,United Kingdom,"Synthetic defensive cybersecurity observation related to ransomware. This record is for awareness, analysis, and defensive security monitoring.",Credential Access,Network Service Scanning,
THR-2026-0405,2026-09-24 06:58:18,Vulnerability Exposure,Vulnerability Exposure,Email/Sender Domain,alerts@login-check.example.net,Unknown Source,D,61,High,63,MONITORING,2026-09-13 06:58:18,2026-09-26 06:58:18,United Kingdom,"Synthetic defensive cybersecurity observation related to vulnerability exposure. This record is for awareness, analysis, and defensive security monitoring.",Credential Access,User Execution,CVE-2026-23364
THR-2026-0406,2026-04-12 08:56:18,Synthetic Credential Phishing Campaign,Phishing,CVE,CVE-2024-44107,Public Threat Feed,B,55,Medium,58,CLOSED,2026-04-03 08:56:18,2026-04-12 08:56:18,Singapore,"Synthetic defensive cybersecurity observation related to phishing. This record is for awareness, analysis, and defensive security monitoring.",,,CVE-2025-22372
THR-2026-0407,2026-05-11 23:31:18,Credential Theft Observation,Data Exposure,SHA-256,f46726417b8dd0918b1dc9bc34154d3b2f64ff222ea82514a469a17a53fb86c7,Research Report,B,85,High,63,CLOSED,2026-04-23 23:31:18,2026-05-11 23:31:18,Singapore,"Synthetic defensive cybersecurity observation related to data exposure. This record is for awareness, analysis, and defensive security monitoring.",,,
THR-2026-0408,2026-05-21 05:33:18,Vulnerability Exposure,Network Threat,Domain,cloud-security.example.com,Public Threat Feed,B,71,High,65,FALSE_POSITIVE,2026-05-13 05:33:18,2026-05-21 05:33:18,Australia,"Synthetic defensive cybersecurity observation related to network threat. This record is for awareness, analysis, and defensive security monitoring.",Initial Access,Application Layer Protocol,
THR-2026-0409,2026-06-05 22:38:18,Potential Data Exposure,Account Security,IP,198.51.100.111,Unknown Source,D,59,High,71,FALSE_POSITIVE,2026-05-25 22:38:18,2026-06-05 22:38:18,United Kingdom,"Synthetic defensive cybersecurity observation related to account security. This record is for awareness, analysis, and defensive security monitoring.",Execution,Credential Phishing,
THR-2026-0410,2026-04-27 13:18:18,Social Engineering Attempt,Vulnerability Exposure,URL,https://account-verify.example.net/verify,Community Submission,C,83,High,72,FALSE_POSITIVE,2026-03-31 13:18:18,2026-04-28 13:18:18,Australia,"Synthetic defensive cybersecurity observation related to vulnerability exposure. This record is for awareness, analysis, and defensive security monitoring.",Command and Control,Phishing,CVE-2026-54995
THR-2026-0411,2026-06-15 22:31:18,Vulnerability Exposure,Data Exposure,Domain,account-verify.example.org,Unknown Source,D,43,Medium,52,UNDER_REVIEW,2026-05-19 22:31:18,2026-06-15 22:31:18,United Kingdom,"Synthetic defensive cybersecurity observation related to data exposure. This record is for awareness, analysis, and defensive security monitoring.",,,
THR-2026-0412,2026-07-17 21:20:18,Synthetic Credential Phishing Campaign,Account Security,Domain,security-alert.example.com,Research Report,B,39,Medium,46,MONITORING,2026-06-30 21:20:18,2026-07-20 21:20:18,United States,"Synthetic defensive cybersecurity observation related to account security. This record is for awareness, analysis, and defensive security monitoring.",Initial Access,User Execution,
THR-2026-0413,2026-09-21 09:31:18,Network Threat Observation,Web Threat,CVE,CVE-2026-44085,Internal SOC,A,30,High,62,NEW,2026-09-02 09:31:18,2026-09-23 09:31:18,Germany,"Synthetic defensive cybersecurity observation related to web threat. This record is for awareness, analysis, and defensive security monitoring.",Exfiltration,Application Layer Protocol,CVE-2024-59770
THR-2026-0414,2026-05-24 03:20:18,Network Threat Observation,Ransomware,Domain,account-verify.example.net,Security Vendor,A,89,High,65,UNDER_REVIEW,2026-04-26 03:20:18,2026-05-24 03:20:18,Germany,"Synthetic defensive cybersecurity observation related to ransomware. This record is for awareness, analysis, and defensive security monitoring.",Execution,Valid Accounts,
THR-2026-0415,2026-09-20 20:17:18,Vulnerability Exposure,Malware,Domain,update-service.example.com,Internal SOC,A,60,High,63,MONITORING,2026-09-09 20:17:18,2026-09-25 20:17:18,Global,"Synthetic defensive cybersecurity observation related to malware. This record is for awareness, analysis, and defensive security monitoring.",Execution,User Execution,
THR-2026-0416,2026-04-11 14:36:18,Suspicious Malware Indicator,Social Engineering,CVE,CVE-2025-57816,Research Report,B,64,Medium,54,UNDER_REVIEW,2026-04-03 14:36:18,2026-04-15 14:36:18,Global,"Synthetic defensive cybersecurity observation related to social engineering. This record is for awareness, analysis, and defensive security monitoring.",Credential Access,Credential Phishing,CVE-2026-24780
THR-2026-0417,2026-07-21 04:56:18,Vulnerability Exposure,Phishing,SHA-256,bee403d7b0bfbbdebe7a025232342b2135de57d19fde0a4457a8788eb56f4e26,Research Report,B,57,High,70,MONITORING,2026-06-23 04:56:18,2026-07-22 04:56:18,Global,"Synthetic defensive cybersecurity observation related to phishing. This record is for awareness, analysis, and defensive security monitoring.",Initial Access,Data from Information Repositories,
THR-2026-0418,2026-08-24 13:35:18,Potential Data Exposure,Social Engineering,SHA-256,5b6dc683acb63f866d24a9c2512391cc380200c0a25459957f94f956552981ad,Public Threat Feed,B,67,High,72,MONITORING,2026-08-08 13:35:18,2026-08-24 13:35:18,Germany,"Synthetic defensive cybersecurity observation related to social engineering. This record is for awareness, analysis, and defensive security monitoring.",Command and Control,Phishing,
THR-2026-0419,2026-08-14 15:32:18,Ransomware Activity Pattern,Phishing,CVE,CVE-2025-45941,Internal SOC,A,81,High,71,CLOSED,2026-08-04 15:32:18,2026-08-18 15:32:18,Global,"Synthetic defensive cybersecurity observation related to phishing. This record is for awareness, analysis, and defensive security monitoring.",,,CVE-2022-34840
THR-2026-0420,2026-07-14 02:39:18,Vulnerability Exposure,Network Threat,SHA-256,76175874871de9d676ebd19bcb6c500a3cefdf50eb2b9c12d54e6b7d9e88b8af,Public Threat Feed,B,42,Medium,56,UNDER_REVIEW,2026-07-12 02:39:18,2026-07-17 02:39:18,India,"Synthetic defensive cybersecurity observation related to network threat. This record is for awareness, analysis, and defensive security monitoring.",,,
THR-2026-0421,2026-07-29 12:57:18,Account Security Event,Phishing,Email/Sender Domain,alerts@account-verify.example.com,Research Report,B,54,High,65,NEW,2026-07-24 12:57:18,2026-07-29 12:57:18,United Kingdom,"Synthetic defensive cybersecurity observation related to phishing. This record is for awareness, analysis, and defensive security monitoring.",Execution,Network Service Scanning,
THR-2026-0422,2026-09-05 04:06:18,Social Engineering Attempt,Malware,IP,198.51.100.34,Public Threat Feed,B,80,Critical,81,CLOSED,2026-08-30 04:06:18,2026-09-06 04:06:18,Global,"Synthetic defensive cybersecurity observation related to malware. This record is for awareness, analysis, and defensive security monitoring.",Execution,Network Service Scanning,
THR-2026-0423,2026-09-28 02:35:18,Network Threat Observation,Credential Threat,URL,https://secure-login.example.net/verify,Research Report,B,49,Medium,59,NEW,2026-09-21 02:35:18,2026-10-02 02:35:18,India,"Synthetic defensive cybersecurity observation related to credential threat. This record is for awareness, analysis, and defensive security monitoring.",Credential Access,Valid Accounts,
THR-2026-0424,2026-05-06 03:47:18,Network Threat Observation,Network Threat,CVE,CVE-2025-44960,Internal SOC,A,52,High,64,FALSE_POSITIVE,2026-05-03 03:47:18,2026-05-10 03:47:18,Australia,"Synthetic defensive cybersecurity observation related to network threat. This record is for awareness, analysis, and defensive security monitoring.",,,CVE-2022-31863
THR-2026-0425,2026-09-01 18:49:18,Social Engineering Attempt,Phishing,IP,198.51.100.225,Public Threat Feed,B,73,High,64,CLOSED,2026-08-14 18:49:18,2026-09-02 18:49:18,United States,"Synthetic defensive cybersecurity observation related to phishing. This record is for awareness, analysis, and defensive security monitoring.",,,
THR-2026-0426,2026-09-24 07:20:18,Vulnerability Exposure,Malware,URL,https://account-verify.example.org/verify,Unknown Source,D,80,High,66,FALSE_POSITIVE,2026-08-28 07:20:18,2026-09-26 07:20:18,Global,"Synthetic defensive cybersecurity observation related to malware. This record is for awareness, analysis, and defensive security monitoring.",Exfiltration,User Execution,
THR-2026-0427,2026-05-15 14:11:18,Synthetic Credential Phishing Campaign,Data Exposure,URL,https://security-alert.example.com/verify,Internal SOC,A,46,Medium,56,NEW,2026-04-20 14:11:18,2026-05-18 14:11:18,Germany,"Synthetic defensive cybersecurity observation related to data exposure. This record is for awareness, analysis, and defensive security monitoring.",,,
THR-2026-0428,2026-07-05 13:16:18,Ransomware Activity Pattern,Web Threat,Domain,login-check.example.org,Research Report,B,80,High,70,NEW,2026-06-20 13:16:18,2026-07-08 13:16:18,United States,"Synthetic defensive cybersecurity observation related to web threat. This record is for awareness, analysis, and defensive security monitoring.",,,
THR-2026-0429,2026-08-11 17:51:18,Suspicious Malware Indicator,Web Threat,Domain,security-alert.example.net,Security Vendor,A,90,Critical,81,NEW,2026-07-26 17:51:18,2026-08-15 17:51:18,United Kingdom,"Synthetic defensive cybersecurity observation related to web threat. This record is for awareness, analysis, and defensive security monitoring.",Initial Access,User Execution,
THR-2026-0430,2026-09-14 20:58:18,Suspicious Web Activity,Malware,SHA-256,93f98b6c983e16bd8529c301d886bf61efac91373fb57d5b6e04131f0b7f59d2,Research Report,B,38,Medium,52,NEW,2026-08-23 20:58:18,2026-09-19 20:58:18,United Kingdom,"Synthetic defensive cybersecurity observation related to malware. This record is for awareness, analysis, and defensive security monitoring.",Initial Access,Application Layer Protocol,
THR-2026-0431,2026-04-24 02:31:18,Account Security Event,Account Security,SHA-256,bf5053b85ad0cae1c35297b41a8b78e6299ca6885757ffacb221184d20bdd724,Unknown Source,D,97,High,63,NEW,2026-03-30 02:31:18,2026-04-24 02:31:18,Germany,"Synthetic defensive cybersecurity observation related to account security. This record is for awareness, analysis, and defensive security monitoring.",,,
THR-2026-0432,2026-08-24 23:02:18,Ransomware Activity Pattern,Web Threat,Domain,login-check.example.org,Unknown Source,D,76,Medium,57,CLOSED,2026-08-12 23:02:18,2026-08-26 23:02:18,Global,"Synthetic defensive cybersecurity observation related to web threat. This record is for awareness, analysis, and defensive security monitoring.",Credential Access,Application Layer Protocol,
THR-2026-0433,2026-05-27 05:20:18,Suspicious Malware Indicator,Web Threat,CVE,CVE-2024-54149,Research Report,B,70,High,72,MONITORING,2026-05-13 05:20:18,2026-05-30 05:20:18,Singapore,"Synthetic defensive cybersecurity observation related to web threat. This record is for awareness, analysis, and defensive security monitoring.",Execution,Credential Phishing,CVE-2025-28726
THR-2026-0434,2026-05-31 19:11:18,Social Engineering Attempt,Vulnerability Exposure,IP,198.51.100.39,Internal SOC,A,68,Medium,47,UNDER_REVIEW,2026-05-11 19:11:18,2026-06-04 19:11:18,Australia,"Synthetic defensive cybersecurity observation related to vulnerability exposure. This record is for awareness, analysis, and defensive security monitoring.",Persistence,Data from Information Repositories,CVE-2024-6189
THR-2026-0435,2026-05-27 08:19:18,Account Security Event,Credential Threat,Email/Sender Domain,alerts@cloud-security.example.org,Internal SOC,A,97,High,62,MONITORING,2026-05-14 08:19:18,2026-05-30 08:19:18,United Kingdom,"Synthetic defensive cybersecurity observation related to credential threat. This record is for awareness, analysis, and defensive security monitoring.",Discovery,Phishing,
THR-2026-0436,2026-09-24 09:25:18,Social Engineering Attempt,Data Exposure,IP,203.0.113.116,Public Threat Feed,B,84,Medium,57,FALSE_POSITIVE,2026-08-27 09:25:18,2026-09-29 09:25:18,Global,"Synthetic defensive cybersecurity observation related to data exposure. This record is for awareness, analysis, and defensive security monitoring.",Persistence,User Execution,
THR-2026-0437,2026-10-01 11:26:18,Social Engineering Attempt,Ransomware,Domain,identity-check.example.net,Security Vendor,A,58,Medium,55,FALSE_POSITIVE,2026-09-28 11:26:18,2026-10-01 11:26:18,Australia,"Synthetic defensive cybersecurity observation related to ransomware. This record is for awareness, analysis, and defensive security monitoring.",Credential Access,User Execution,
THR-2026-0438,2026-09-01 11:39:18,Synthetic Credential Phishing Campaign,Account Security,Email/Sender Domain,alerts@security-alert.example.net,Unknown Source,D,75,High,61,UNDER_REVIEW,2026-08-29 11:39:18,2026-09-01 11:39:18,Australia,"Synthetic defensive cybersecurity observation related to account security. This record is for awareness, analysis, and defensive security monitoring.",Execution,Credential Phishing,
THR-2026-0439,2026-09-06 05:54:18,Social Engineering Attempt,Data Exposure,Domain,update-service.invalid,Unknown Source,D,84,Medium,53,CLOSED,2026-09-02 05:54:18,2026-09-11 05:54:18,Singapore,"Synthetic defensive cybersecurity observation related to data exposure. This record is for awareness, analysis, and defensive security monitoring.",Execution,Valid Accounts,
THR-2026-0440,2026-04-26 13:24:18,Potential Data Exposure,Web Threat,Email/Sender Domain,alerts@account-verify.invalid,Unknown Source,D,75,High,61,CLOSED,2026-04-13 13:24:18,2026-04-29 13:24:18,Germany,"Synthetic defensive cybersecurity observation related to web threat. This record is for awareness, analysis, and defensive security monitoring.",Credential Access,Network Service Scanning,
THR-2026-0441,2026-06-18 17:31:18,Social Engineering Attempt,Account Security,CVE,CVE-2021-33426,Public Threat Feed,B,87,High,65,FALSE_POSITIVE,2026-06-01 17:31:18,2026-06-18 17:31:18,Australia,"Synthetic defensive cybersecurity observation related to account security. This record is for awareness, analysis, and defensive security monitoring.",Persistence,Credential Phishing,CVE-2024-59270
THR-2026-0442,2026-05-29 04:14:18,Social Engineering Attempt,Vulnerability Exposure,IP,192.0.2.227,Public Threat Feed,B,49,Medium,48,MONITORING,2026-04-30 04:14:18,2026-06-03 04:14:18,Australia,"Synthetic defensive cybersecurity observation related to vulnerability exposure. This record is for awareness, analysis, and defensive security monitoring.",Command and Control,Credential Phishing,CVE-2026-44054
THR-2026-0443,2026-04-29 05:33:18,Credential Theft Observation,Vulnerability Exposure,CVE,CVE-2022-40698,Internal SOC,A,71,High,75,CLOSED,2026-04-07 05:33:18,2026-05-04 05:33:18,India,"Synthetic defensive cybersecurity observation related to vulnerability exposure. This record is for awareness, analysis, and defensive security monitoring.",Exfiltration,Credential Phishing,CVE-2022-12356
THR-2026-0444,2026-07-05 14:41:18,Network Threat Observation,Social Engineering,URL,https://update-service.invalid/verify,Internal SOC,A,96,Medium,59,FALSE_POSITIVE,2026-06-30 14:41:18,2026-07-09 14:41:18,United States,"Synthetic defensive cybersecurity observation related to social engineering. This record is for awareness, analysis, and defensive security monitoring.",Initial Access,Network Service Scanning,
THR-2026-0445,2026-05-16 02:54:18,Suspicious Malware Indicator,Credential Threat,SHA-256,405198249fc23d0ea419e39db954074235cdf26b04444be2a75635616002075e,Community Submission,C,68,High,63,NEW,2026-05-12 02:54:18,2026-05-21 02:54:18,Germany,"Synthetic defensive cybersecurity observation related to credential threat. This record is for awareness, analysis, and defensive security monitoring.",Exfiltration,Credential Phishing,
THR-2026-0446,2026-09-09 06:11:18,Suspicious Web Activity,Malware,IP,203.0.113.114,Public Threat Feed,B,38,High,68,FALSE_POSITIVE,2026-09-06 06:11:18,2026-09-10 06:11:18,Germany,"Synthetic defensive cybersecurity observation related to malware. This record is for awareness, analysis, and defensive security monitoring.",,,
THR-2026-0447,2026-06-14 22:02:18,Social Engineering Attempt,Malware,Domain,account-verify.example.org,Security Vendor,A,67,High,66,FALSE_POSITIVE,2026-05-21 22:02:18,2026-06-14 22:02:18,United States,"Synthetic defensive cybersecurity observation related to malware. This record is for awareness, analysis, and defensive security monitoring.",Initial Access,User Execution,
THR-2026-0448,2026-06-20 04:43:18,Potential Data Exposure,Network Threat,CVE,CVE-2026-24709,Research Report,B,71,High,71,NEW,2026-05-26 04:43:18,2026-06-23 04:43:18,Germany,"Synthetic defensive cybersecurity observation related to network threat. This record is for awareness, analysis, and defensive security monitoring.",Execution,Data from Information Repositories,CVE-2024-56862
THR-2026-0449,2026-08-23 22:48:18,Synthetic Credential Phishing Campaign,Phishing,CVE,CVE-2026-47751,Unknown Source,D,33,Medium,57,FALSE_POSITIVE,2026-08-11 22:48:18,2026-08-23 22:48:18,United Kingdom,"Synthetic defensive cybersecurity observation related to phishing. This record is for awareness, analysis, and defensive security monitoring.",Credential Access,Credential Phishing,CVE-2022-38654
THR-2026-0450,2026-05-22 15:53:18,Credential Theft Observation,Data Exposure,URL,https://secure-login.example.net/verify,Research Report,B,65,High,69,MONITORING,2026-05-18 15:53:18,2026-05-27 15:53:18,Global,"Synthetic defensive cybersecurity observation related to data exposure. This record is for awareness, analysis, and defensive security monitoring.",Exfiltration,Application Layer Protocol,
THR-2026-0451,2026-09-02 19:17:18,Network Threat Observation,Vulnerability Exposure,Domain,cloud-security.example.com,Internal SOC,A,35,High,65,NEW,2026-08-24 19:17:18,2026-09-03 19:17:18,India,"Synthetic defensive cybersecurity observation related to vulnerability exposure. This record is for awareness, analysis, and defensive security monitoring.",Exfiltration,Network Service Scanning,CVE-2023-35166
THR-2026-0452,2026-09-20 00:35:18,Suspicious Malware Indicator,Account Security,URL,https://update-service.example.org/verify,Public Threat Feed,B,63,High,62,FALSE_POSITIVE,2026-08-31 00:35:18,2026-09-24 00:35:18,Australia,"Synthetic defensive cybersecurity observation related to account security. This record is for awareness, analysis, and defensive security monitoring.",,,
THR-2026-0453,2026-04-17 17:57:18,Account Security Event,Phishing,SHA-256,8edf560df7b8191a16a029a49b324e3cd59043aed15c15ab17ba575caf7a4f41,Public Threat Feed,B,55,High,69,UNDER_REVIEW,2026-03-29 17:57:18,2026-04-18 17:57:18,Australia,"Synthetic defensive cybersecurity observation related to phishing. This record is for awareness, analysis, and defensive security monitoring.",Credential Access,Network Service Scanning,
THR-2026-0454,2026-08-28 13:24:18,Vulnerability Exposure,Credential Threat,IP,192.0.2.122,Internal SOC,A,49,Medium,58,UNDER_REVIEW,2026-08-02 13:24:18,2026-08-31 13:24:18,Germany,"Synthetic defensive cybersecurity observation related to credential threat. This record is for awareness, analysis, and defensive security monitoring.",,,
THR-2026-0455,2026-07-29 17:20:18,Social Engineering Attempt,Malware,URL,https://identity-check.example.net/verify,Research Report,B,76,High,76,UNDER_REVIEW,2026-07-09 17:20:18,2026-08-01 17:20:18,United States,"Synthetic defensive cybersecurity observation related to malware. This record is for awareness, analysis, and defensive security monitoring.",Discovery,Valid Accounts,
THR-2026-0456,2026-06-10 20:49:18,Vulnerability Exposure,Social Engineering,CVE,CVE-2021-8921,Community Submission,C,90,High,70,MONITORING,2026-05-18 20:49:18,2026-06-11 20:49:18,Singapore,"Synthetic defensive cybersecurity observation related to social engineering. This record is for awareness, analysis, and defensive security monitoring.",Persistence,Phishing,CVE-2021-40426
THR-2026-0457,2026-09-28 07:42:18,Suspicious Web Activity,Data Exposure,Domain,account-verify.example.com,Research Report,B,64,Medium,53,UNDER_REVIEW,2026-09-03 07:42:18,2026-10-02 07:42:18,Global,"Synthetic defensive cybersecurity observation related to data exposure. This record is for awareness, analysis, and defensive security monitoring.",,,
THR-2026-0458,2026-05-12 02:15:18,Account Security Event,Social Engineering,IP,192.0.2.196,Research Report,B,69,Medium,49,UNDER_REVIEW,2026-04-28 02:15:18,2026-05-14 02:15:18,Singapore,"Synthetic defensive cybersecurity observation related to social engineering. This record is for awareness, analysis, and defensive security monitoring.",Command and Control,Credential Phishing,
THR-2026-0459,2026-06-22 23:37:18,Social Engineering Attempt,Social Engineering,CVE,CVE-2026-19178,Public Threat Feed,B,66,High,66,NEW,2026-05-25 23:37:18,2026-06-25 23:37:18,Global,"Synthetic defensive cybersecurity observation related to social engineering. This record is for awareness, analysis, and defensive security monitoring.",Execution,Application Layer Protocol,CVE-2026-59329
THR-2026-0460,2026-09-14 05:12:18,Potential Data Exposure,Phishing,Email/Sender Domain,alerts@security-alert.example.net,Internal SOC,A,64,High,70,FALSE_POSITIVE,2026-08-28 05:12:18,2026-09-18 05:12:18,India,"Synthetic defensive cybersecurity observation related to phishing. This record is for awareness, analysis, and defensive security monitoring.",Initial Access,Application Layer Protocol,
THR-2026-0461,2026-06-14 09:00:18,Synthetic Credential Phishing Campaign,Data Exposure,Domain,update-service.invalid,Public Threat Feed,B,60,High,76,MONITORING,2026-05-28 09:00:18,2026-06-18 09:00:18,Germany,"Synthetic defensive cybersecurity observation related to data exposure. This record is for awareness, analysis, and defensive security monitoring.",Execution,Credential Phishing,
THR-2026-0462,2026-08-23 02:42:18,Vulnerability Exposure,Phishing,Email/Sender Domain,alerts@identity-check.example.com,Internal SOC,A,57,Medium,53,NEW,2026-08-18 02:42:18,2026-08-25 02:42:18,Singapore,"Synthetic defensive cybersecurity observation related to phishing. This record is for awareness, analysis, and defensive security monitoring.",,,
THR-2026-0463,2026-08-29 21:54:18,Suspicious Malware Indicator,Network Threat,Domain,login-check.example.com,Research Report,B,32,Low,37,UNDER_REVIEW,2026-08-19 21:54:18,2026-08-31 21:54:18,Global,"Synthetic defensive cybersecurity observation related to network threat. This record is for awareness, analysis, and defensive security monitoring.",Discovery,Network Service Scanning,
THR-2026-0464,2026-07-15 21:16:18,Credential Theft Observation,Credential Threat,SHA-256,92bb0e82ecd539957bf91dfa42a817ebc359f30ba906f47ca01103445869639b,Research Report,B,89,High,66,MONITORING,2026-07-02 21:16:18,2026-07-15 21:16:18,Singapore,"Synthetic defensive cybersecurity observation related to credential threat. This record is for awareness, analysis, and defensive security monitoring.",,,
THR-2026-0465,2026-06-22 21:46:18,Potential Data Exposure,Account Security,CVE,CVE-2022-52250,Community Submission,C,96,High,62,UNDER_REVIEW,2026-05-26 21:46:18,2026-06-27 21:46:18,Singapore,"Synthetic defensive cybersecurity observation related to account security. This record is for awareness, analysis, and defensive security monitoring.",,,CVE-2022-25464
THR-2026-0466,2026-07-22 15:41:18,Vulnerability Exposure,Vulnerability Exposure,Email/Sender Domain,alerts@account-verify.example.com,Research Report,B,25,High,62,FALSE_POSITIVE,2026-07-22 15:41:18,2026-07-22 15:41:18,Global,"Synthetic defensive cybersecurity observation related to vulnerability exposure. This record is for awareness, analysis, and defensive security monitoring.",Discovery,User Execution,CVE-2023-56016
THR-2026-0467,2026-04-10 07:58:18,Vulnerability Exposure,Phishing,Domain,security-alert.example.org,Community Submission,C,97,High,71,MONITORING,2026-04-06 07:58:18,2026-04-15 07:58:18,Australia,"Synthetic defensive cybersecurity observation related to phishing. This record is for awareness, analysis, and defensive security monitoring.",Persistence,Data from Information Repositories,
THR-2026-0468,2026-07-13 10:53:18,Account Security Event,Social Engineering,URL,https://update-service.invalid/verify,Unknown Source,D,66,High,62,NEW,2026-06-21 10:53:18,2026-07-14 10:53:18,Australia,"Synthetic defensive cybersecurity observation related to social engineering. This record is for awareness, analysis, and defensive security monitoring.",Execution,Credential Phishing,
THR-2026-0469,2026-05-21 10:54:18,Vulnerability Exposure,Data Exposure,CVE,CVE-2025-24459,Research Report,B,75,High,67,CLOSED,2026-04-25 10:54:18,2026-05-26 10:54:18,United States,"Synthetic defensive cybersecurity observation related to data exposure. This record is for awareness, analysis, and defensive security monitoring.",Exfiltration,Data from Information Repositories,CVE-2023-54266
THR-2026-0470,2026-07-25 13:53:18,Account Security Event,Phishing,IP,203.0.113.78,Security Vendor,A,49,Medium,47,UNDER_REVIEW,2026-07-03 13:53:18,2026-07-27 13:53:18,United States,"Synthetic defensive cybersecurity observation related to phishing. This record is for awareness, analysis, and defensive security monitoring.",,,
THR-2026-0471,2026-08-15 15:26:18,Ransomware Activity Pattern,Social Engineering,URL,https://secure-login.example.com/verify,Community Submission,C,88,Medium,57,FALSE_POSITIVE,2026-08-12 15:26:18,2026-08-17 15:26:18,Australia,"Synthetic defensive cybersecurity observation related to social engineering. This record is for awareness, analysis, and defensive security monitoring.",Command and Control,Network Service Scanning,
THR-2026-0472,2026-05-13 03:55:18,Synthetic Credential Phishing Campaign,Account Security,Domain,identity-check.example.org,Public Threat Feed,B,41,Medium,44,FALSE_POSITIVE,2026-04-27 03:55:18,2026-05-18 03:55:18,Germany,"Synthetic defensive cybersecurity observation related to account security. This record is for awareness, analysis, and defensive security monitoring.",,,
THR-2026-0473,2026-07-27 08:08:18,Synthetic Credential Phishing Campaign,Phishing,SHA-256,6cb30780712d04f5c3960b59207defcf5b9c328a855561c0b351393e02dd0d0c,Research Report,B,31,High,64,UNDER_REVIEW,2026-07-11 08:08:18,2026-07-30 08:08:18,India,"Synthetic defensive cybersecurity observation related to phishing. This record is for awareness, analysis, and defensive security monitoring.",Persistence,Credential Phishing,
THR-2026-0474,2026-09-28 12:37:18,Credential Theft Observation,Data Exposure,SHA-256,cac549793f83d87515d450be1480f95ccb690124f0c681d4c590507885cfce5c,Internal SOC,A,75,High,62,MONITORING,2026-09-06 12:37:18,2026-10-01 12:37:18,United Kingdom,"Synthetic defensive cybersecurity observation related to data exposure. This record is for awareness, analysis, and defensive security monitoring.",Initial Access,Application Layer Protocol,
THR-2026-0475,2026-08-02 04:45:18,Network Threat Observation,Malware,IP,203.0.113.204,Public Threat Feed,B,28,Medium,60,UNDER_REVIEW,2026-07-18 04:45:18,2026-08-03 04:45:18,India,"Synthetic defensive cybersecurity observation related to malware. This record is for awareness, analysis, and defensive security monitoring.",Exfiltration,Network Service Scanning,
THR-2026-0476,2026-09-26 23:31:18,Synthetic Credential Phishing Campaign,Account Security,SHA-256,cd3340b75e644de89ffcced3ef1efb23d3c054661d0bba97ef6e810679777737,Internal SOC,A,82,High,65,NEW,2026-08-29 23:31:18,2026-10-01 23:31:18,United Kingdom,"Synthetic defensive cybersecurity observation related to account security. This record is for awareness, analysis, and defensive security monitoring.",Discovery,Application Layer Protocol,
THR-2026-0477,2026-06-25 08:12:18,Synthetic Credential Phishing Campaign,Vulnerability Exposure,IP,198.51.100.99,Security Vendor,A,32,Medium,42,CLOSED,2026-06-01 08:12:18,2026-06-28 08:12:18,Global,"Synthetic defensive cybersecurity observation related to vulnerability exposure. This record is for awareness, analysis, and defensive security monitoring.",Credential Access,Network Service Scanning,CVE-2026-41894
THR-2026-0478,2026-08-17 08:45:18,Credential Theft Observation,Account Security,IP,203.0.113.33,Unknown Source,D,28,Medium,57,FALSE_POSITIVE,2026-08-17 08:45:18,2026-08-21 08:45:18,United Kingdom,"Synthetic defensive cybersecurity observation related to account security. This record is for awareness, analysis, and defensive security monitoring.",,,
THR-2026-0479,2026-09-20 07:32:18,Network Threat Observation,Network Threat,SHA-256,9a83c9ecb79670063644e6ccf5b48496905539ab7d7f01635fb86c46c03a4dec,Community Submission,C,81,Medium,55,FALSE_POSITIVE,2026-09-02 07:32:18,2026-09-23 07:32:18,Singapore,"Synthetic defensive cybersecurity observation related to network threat. This record is for awareness, analysis, and defensive security monitoring.",Exfiltration,Valid Accounts,
THR-2026-0480,2026-05-07 14:08:18,Potential Data Exposure,Ransomware,SHA-256,b9a44aa03b92714091a20e1e1309466acfd6c26bb3dd14222308241ced7b34ff,Security Vendor,A,68,Medium,60,CLOSED,2026-05-03 14:08:18,2026-05-07 14:08:18,United Kingdom,"Synthetic defensive cybersecurity observation related to ransomware. This record is for awareness, analysis, and defensive security monitoring.",Execution,Valid Accounts,
THR-2026-0481,2026-05-09 17:30:18,Suspicious Malware Indicator,Credential Threat,IP,198.51.100.225,Research Report,B,85,High,71,NEW,2026-04-20 17:30:18,2026-05-11 17:30:18,Germany,"Synthetic defensive cybersecurity observation related to credential threat. This record is for awareness, analysis, and defensive security monitoring.",Execution,Phishing,
THR-2026-0482,2026-07-01 05:26:18,Potential Data Exposure,Credential Threat,CVE,CVE-2021-10332,Public Threat Feed,B,52,Medium,59,MONITORING,2026-06-26 05:26:18,2026-07-01 05:26:18,Germany,"Synthetic defensive cybersecurity observation related to credential threat. This record is for awareness, analysis, and defensive security monitoring.",,,CVE-2023-2967
THR-2026-0483,2026-07-25 06:37:18,Ransomware Activity Pattern,Credential Threat,CVE,CVE-2022-2408,Unknown Source,D,71,Medium,59,UNDER_REVIEW,2026-06-27 06:37:18,2026-07-27 06:37:18,Global,"Synthetic defensive cybersecurity observation related to credential threat. This record is for awareness, analysis, and defensive security monitoring.",,,CVE-2025-17119
THR-2026-0484,2026-07-18 21:36:18,Potential Data Exposure,Web Threat,IP,203.0.113.226,Unknown Source,D,42,Low,37,CLOSED,2026-07-07 21:36:18,2026-07-20 21:36:18,Australia,"Synthetic defensive cybersecurity observation related to web threat. This record is for awareness, analysis, and defensive security monitoring.",,,
THR-2026-0485,2026-06-30 13:28:18,Credential Theft Observation,Malware,IP,192.0.2.196,Research Report,B,41,Medium,50,FALSE_POSITIVE,2026-06-20 13:28:18,2026-07-04 13:28:18,Singapore,"Synthetic defensive cybersecurity observation related to malware. This record is for awareness, analysis, and defensive security monitoring.",Execution,Data from Information Repositories,
THR-2026-0486,2026-09-02 19:14:18,Social Engineering Attempt,Data Exposure,URL,https://cloud-security.invalid/verify,Security Vendor,A,66,High,63,UNDER_REVIEW,2026-08-05 19:14:18,2026-09-05 19:14:18,Singapore,"Synthetic defensive cybersecurity observation related to data exposure. This record is for awareness, analysis, and defensive security monitoring.",Credential Access,Data from Information Repositories,
THR-2026-0487,2026-05-23 13:21:18,Vulnerability Exposure,Data Exposure,URL,https://identity-check.invalid/verify,Research Report,B,84,High,65,UNDER_REVIEW,2026-05-01 13:21:18,2026-05-26 13:21:18,United States,"Synthetic defensive cybersecurity observation related to data exposure. This record is for awareness, analysis, and defensive security monitoring.",Execution,Credential Phishing,
THR-2026-0488,2026-07-02 03:16:18,Potential Data Exposure,Credential Threat,SHA-256,4faac252cced5b132ea51b38086a92b600f0b11595e5db363a2bdfc5caf1a1d7,Internal SOC,A,79,High,68,UNDER_REVIEW,2026-06-30 03:16:18,2026-07-03 03:16:18,Singapore,"Synthetic defensive cybersecurity observation related to credential threat. This record is for awareness, analysis, and defensive security monitoring.",Initial Access,Credential Phishing,
THR-2026-0489,2026-05-31 01:34:18,Suspicious Web Activity,Data Exposure,Email/Sender Domain,alerts@identity-check.invalid,Security Vendor,A,82,High,67,MONITORING,2026-05-19 01:34:18,2026-05-31 01:34:18,India,"Synthetic defensive cybersecurity observation related to data exposure. This record is for awareness, analysis, and defensive security monitoring.",Persistence,Data from Information Repositories,
THR-2026-0490,2026-09-10 08:47:18,Credential Theft Observation,Data Exposure,Email/Sender Domain,alerts@identity-check.example.org,Community Submission,C,35,High,65,MONITORING,2026-08-30 08:47:18,2026-09-10 08:47:18,United Kingdom,"Synthetic defensive cybersecurity observation related to data exposure. This record is for awareness, analysis, and defensive security monitoring.",,,
THR-2026-0491,2026-10-03 02:33:18,Account Security Event,Web Threat,Domain,cloud-security.invalid,Research Report,B,42,High,71,CLOSED,2026-09-07 02:33:18,2026-10-05 02:33:18,Australia,"Synthetic defensive cybersecurity observation related to web threat. This record is for awareness, analysis, and defensive security monitoring.",Discovery,Data from Information Repositories,
THR-2026-0492,2026-05-16 21:05:18,Network Threat Observation,Ransomware,SHA-256,8c3a9388205a1abe095a5df52566fd321dfd51ea0909c8ce2097bd4806995be4,Public Threat Feed,B,51,Medium,60,CLOSED,2026-04-20 21:05:18,2026-05-19 21:05:18,Global,"Synthetic defensive cybersecurity observation related to ransomware. This record is for awareness, analysis, and defensive security monitoring.",Command and Control,Credential Phishing,
THR-2026-0493,2026-09-03 02:04:18,Network Threat Observation,Credential Threat,SHA-256,260c310639a57995d859e7fbb72b9ab67b1bd253e1741919769f74b817c4a347,Unknown Source,D,96,High,66,CLOSED,2026-09-03 02:04:18,2026-09-06 02:04:18,Germany,"Synthetic defensive cybersecurity observation related to credential threat. This record is for awareness, analysis, and defensive security monitoring.",Command and Control,Data from Information Repositories,
THR-2026-0494,2026-08-31 07:30:18,Vulnerability Exposure,Vulnerability Exposure,CVE,CVE-2024-14382,Community Submission,C,66,High,63,CLOSED,2026-08-13 07:30:18,2026-09-05 07:30:18,India,"Synthetic defensive cybersecurity observation related to vulnerability exposure. This record is for awareness, analysis, and defensive security monitoring.",Discovery,Credential Phishing,CVE-2025-57816
THR-2026-0495,2026-09-08 14:16:18,Synthetic Credential Phishing Campaign,Credential Threat,SHA-256,c6b3759bb51634ccc00ba06768038b58cb64cd724ab228b6650f4a96eeef22e5,Unknown Source,D,97,Medium,56,UNDER_REVIEW,2026-09-03 14:16:18,2026-09-08 14:16:18,India,"Synthetic defensive cybersecurity observation related to credential threat. This record is for awareness, analysis, and defensive security monitoring.",Credential Access,User Execution,
THR-2026-0496,2026-05-26 11:41:18,Suspicious Malware Indicator,Credential Threat,Domain,security-alert.example.net,Research Report,B,92,High,63,CLOSED,2026-05-16 11:41:18,2026-05-29 11:41:18,Australia,"Synthetic defensive cybersecurity observation related to credential threat. This record is for awareness, analysis, and defensive security monitoring.",,,
THR-2026-0497,2026-04-17 20:41:18,Potential Data Exposure,Malware,SHA-256,771a8fda0a6da02e807f0e1d3d25c6b6c2eb515c512865621e1541a8bb17a672,Public Threat Feed,B,51,High,66,CLOSED,2026-03-29 20:41:18,2026-04-21 20:41:18,United Kingdom,"Synthetic defensive cybersecurity observation related to malware. This record is for awareness, analysis, and defensive security monitoring.",Execution,Phishing,
THR-2026-0498,2026-05-12 20:22:18,Suspicious Web Activity,Ransomware,SHA-256,66bf732a4581b3513648062adccb79c5b72a3b6c3cc1ee37769f1b3d7413ef3b,Internal SOC,A,76,Medium,57,CLOSED,2026-04-28 20:22:18,2026-05-16 20:22:18,United Kingdom,"Synthetic defensive cybersecurity observation related to ransomware. This record is for awareness, analysis, and defensive security monitoring.",Command and Control,Data from Information Repositories,
THR-2026-0499,2026-06-16 21:27:18,Suspicious Malware Indicator,Web Threat,SHA-256,aba199c4b05bc11bcc112afe5f9e2c9a0c20ae989921d323d07dd5d807751d57,Security Vendor,A,47,High,64,NEW,2026-05-18 21:27:18,2026-06-21 21:27:18,United States,"Synthetic defensive cybersecurity observation related to web threat. This record is for awareness, analysis, and defensive security monitoring.",Exfiltration,Valid Accounts,
THR-2026-0500,2026-06-21 18:44:18,Social Engineering Attempt,Web Threat,CVE,CVE-2022-17565,Internal SOC,A,33,High,66,UNDER_REVIEW,2026-06-10 18:44:18,2026-06-21 18:44:18,Singapore,"Synthetic defensive cybersecurity observation related to web threat. This record is for awareness, analysis, and defensive security monitoring.",Initial Access,Credential Phishing,CVE-2023-27876
THR-2026-0501,2026-08-16 23:49:18,Ransomware Activity Pattern,Phishing,IP,198.51.100.172,Internal SOC,A,84,High,75,CLOSED,2026-08-16 23:49:18,2026-08-18 23:49:18,Germany,"Synthetic defensive cybersecurity observation related to phishing. This record is for awareness, analysis, and defensive security monitoring.",Credential Access,Phishing,
THR-2026-0502,2026-08-25 05:58:18,Suspicious Malware Indicator,Malware,Email/Sender Domain,alerts@secure-login.example.net,Internal SOC,A,81,High,73,UNDER_REVIEW,2026-08-25 05:58:18,2026-08-29 05:58:18,India,"Synthetic defensive cybersecurity observation related to malware. This record is for awareness, analysis, and defensive security monitoring.",,,
THR-2026-0503,2026-04-15 18:38:18,Suspicious Malware Indicator,Phishing,CVE,CVE-2024-46242,Internal SOC,A,81,Medium,56,MONITORING,2026-04-01 18:38:18,2026-04-20 18:38:18,Germany,"Synthetic defensive cybersecurity observation related to phishing. This record is for awareness, analysis, and defensive security monitoring.",Initial Access,Network Service Scanning,CVE-2025-43009
THR-2026-0504,2026-08-15 09:50:18,Credential Theft Observation,Phishing,IP,203.0.113.172,Internal SOC,A,50,High,66,NEW,2026-08-02 09:50:18,2026-08-15 09:50:18,United States,"Synthetic defensive cybersecurity observation related to phishing. This record is for awareness, analysis, and defensive security monitoring.",Initial Access,Data from Information Repositories,
THR-2026-0505,2026-07-14 18:11:18,Suspicious Malware Indicator,Ransomware,CVE,CVE-2022-15010,Security Vendor,A,78,Medium,56,NEW,2026-07-08 18:11:18,2026-07-18 18:11:18,United Kingdom,"Synthetic defensive cybersecurity observation related to ransomware. This record is for awareness, analysis, and defensive security monitoring.",Persistence,Valid Accounts,CVE-2024-29041
THR-2026-0506,2026-09-18 13:59:18,Suspicious Malware Indicator,Phishing,SHA-256,76d56b7c9d1d5ed7d5860bd70100d28558bc7a9508c802b650475e089f604e74,Community Submission,C,26,Medium,55,CLOSED,2026-09-10 13:59:18,2026-09-23 13:59:18,United Kingdom,"Synthetic defensive cybersecurity observation related to phishing. This record is for awareness, analysis, and defensive security monitoring.",Exfiltration,Network Service Scanning,
THR-2026-0507,2026-07-13 15:07:18,Ransomware Activity Pattern,Social Engineering,IP,203.0.113.195,Unknown Source,D,97,High,74,MONITORING,2026-07-01 15:07:18,2026-07-18 15:07:18,Global,"Synthetic defensive cybersecurity observation related to social engineering. This record is for awareness, analysis, and defensive security monitoring.",,,
THR-2026-0508,2026-05-29 17:06:18,Suspicious Malware Indicator,Social Engineering,IP,198.51.100.61,Internal SOC,A,82,High,66,CLOSED,2026-05-29 17:06:18,2026-05-30 17:06:18,Global,"Synthetic defensive cybersecurity observation related to social engineering. This record is for awareness, analysis, and defensive security monitoring.",Execution,Network Service Scanning,
THR-2026-0509,2026-08-13 15:49:18,Social Engineering Attempt,Malware,IP,203.0.113.225,Community Submission,C,88,Medium,54,MONITORING,2026-08-06 15:49:18,2026-08-18 15:49:18,United States,"Synthetic defensive cybersecurity observation related to malware. This record is for awareness, analysis, and defensive security monitoring.",Persistence,User Execution,
THR-2026-0510,2026-08-07 12:30:18,Credential Theft Observation,Phishing,Email/Sender Domain,alerts@cloud-security.example.com,Security Vendor,A,78,High,71,FALSE_POSITIVE,2026-07-28 12:30:18,2026-08-08 12:30:18,Global,"Synthetic defensive cybersecurity observation related to phishing. This record is for awareness, analysis, and defensive security monitoring.",Credential Access,Network Service Scanning,
THR-2026-0511,2026-09-21 15:42:18,Account Security Event,Network Threat,Domain,secure-login.example.com,Security Vendor,A,25,Medium,45,UNDER_REVIEW,2026-08-22 15:42:18,2026-09-22 15:42:18,Singapore,"Synthetic defensive cybersecurity observation related to network threat. This record is for awareness, analysis, and defensive security monitoring.",,,
THR-2026-0512,2026-08-20 16:36:18,Credential Theft Observation,Malware,SHA-256,3836e79cee0af7777f4c1ecc813147d575e2935ef735da792456089025c8e3ef,Community Submission,C,64,High,63,CLOSED,2026-08-11 16:36:18,2026-08-22 16:36:18,India,"Synthetic defensive cybersecurity observation related to malware. This record is for awareness, analysis, and defensive security monitoring.",Persistence,Credential Phishing,
THR-2026-0513,2026-08-26 20:50:18,Potential Data Exposure,Vulnerability Exposure,Domain,security-alert.example.com,Research Report,B,79,High,72,MONITORING,2026-08-02 20:50:18,2026-08-29 20:50:18,Germany,"Synthetic defensive cybersecurity observation related to vulnerability exposure. This record is for awareness, analysis, and defensive security monitoring.",Credential Access,User Execution,CVE-2023-40005
THR-2026-0514,2026-08-16 06:53:18,Network Threat Observation,Social Engineering,URL,https://update-service.example.net/verify,Internal SOC,A,86,High,62,CLOSED,2026-08-10 06:53:18,2026-08-16 06:53:18,Germany,"Synthetic defensive cybersecurity observation related to social engineering. This record is for awareness, analysis, and defensive security monitoring.",Command and Control,User Execution,
THR-2026-0515,2026-06-28 17:41:18,Potential Data Exposure,Vulnerability Exposure,SHA-256,402413cb13c78acb64af94db4d9cf64fc88ea5d81895b056d24cbd2f28c6e7f9,Public Threat Feed,B,34,Medium,49,CLOSED,2026-06-22 17:41:18,2026-07-01 17:41:18,Australia,"Synthetic defensive cybersecurity observation related to vulnerability exposure. This record is for awareness, analysis, and defensive security monitoring.",Command and Control,User Execution,CVE-2026-23844
THR-2026-0516,2026-09-27 00:11:18,Suspicious Web Activity,Phishing,CVE,CVE-2025-30849,Internal SOC,A,79,High,66,UNDER_REVIEW,2026-09-05 00:11:18,2026-10-02 00:11:18,United Kingdom,"Synthetic defensive cybersecurity observation related to phishing. This record is for awareness, analysis, and defensive security monitoring.",Execution,Network Service Scanning,CVE-2026-10691
THR-2026-0517,2026-06-25 13:14:18,Vulnerability Exposure,Account Security,CVE,CVE-2023-46340,Community Submission,C,26,Medium,54,MONITORING,2026-05-28 13:14:18,2026-06-25 13:14:18,Singapore,"Synthetic defensive cybersecurity observation related to account security. This record is for awareness, analysis, and defensive security monitoring.",Discovery,Application Layer Protocol,CVE-2024-11867
THR-2026-0518,2026-07-09 07:34:18,Ransomware Activity Pattern,Vulnerability Exposure,Email/Sender Domain,alerts@cloud-security.example.net,Unknown Source,D,77,High,64,NEW,2026-06-16 07:34:18,2026-07-10 07:34:18,India,"Synthetic defensive cybersecurity observation related to vulnerability exposure. This record is for awareness, analysis, and defensive security monitoring.",Initial Access,Data from Information Repositories,CVE-2023-1420
THR-2026-0519,2026-07-02 06:06:18,Account Security Event,Vulnerability Exposure,Email/Sender Domain,alerts@cloud-security.example.com,Research Report,B,61,Medium,60,UNDER_REVIEW,2026-06-28 06:06:18,2026-07-03 06:06:18,United States,"Synthetic defensive cybersecurity observation related to vulnerability exposure. This record is for awareness, analysis, and defensive security monitoring.",,,CVE-2021-30534
THR-2026-0520,2026-04-29 07:56:18,Suspicious Web Activity,Phishing,CVE,CVE-2021-23423,Internal SOC,A,49,Medium,52,NEW,2026-04-09 07:56:18,2026-04-30 07:56:18,Singapore,"Synthetic defensive cybersecurity observation related to phishing. This record is for awareness, analysis, and defensive security monitoring.",Execution,Credential Phishing,CVE-2024-9171
THR-2026-0521,2026-04-17 17:01:18,Account Security Event,Social Engineering,CVE,CVE-2025-50896,Security Vendor,A,26,Medium,52,MONITORING,2026-04-16 17:01:18,2026-04-17 17:01:18,Germany,"Synthetic defensive cybersecurity observation related to social engineering. This record is for awareness, analysis, and defensive security monitoring.",Credential Access,Data from Information Repositories,CVE-2021-25619
THR-2026-0522,2026-07-04 14:26:18,Network Threat Observation,Network Threat,Email/Sender Domain,alerts@cloud-security.invalid,Internal SOC,A,72,High,63,NEW,2026-06-22 14:26:18,2026-07-08 14:26:18,Germany,"Synthetic defensive cybersecurity observation related to network threat. This record is for awareness, analysis, and defensive security monitoring.",Exfiltration,Application Layer Protocol,
THR-2026-0523,2026-07-25 13:03:18,Social Engineering Attempt,Vulnerability Exposure,CVE,CVE-2025-28074,Public Threat Feed,B,42,High,62,UNDER_REVIEW,2026-06-29 13:03:18,2026-07-26 13:03:18,India,"Synthetic defensive cybersecurity observation related to vulnerability exposure. This record is for awareness, analysis, and defensive security monitoring.",Command and Control,Data from Information Repositories,CVE-2026-44180
THR-2026-0524,2026-08-06 16:20:18,Network Threat Observation,Network Threat,IP,198.51.100.241,Community Submission,C,30,High,66,CLOSED,2026-07-25 16:20:18,2026-08-11 16:20:18,Australia,"Synthetic defensive cybersecurity observation related to network threat. This record is for awareness, analysis, and defensive security monitoring.",Exfiltration,Application Layer Protocol,
THR-2026-0525,2026-05-11 13:19:18,Potential Data Exposure,Malware,CVE,CVE-2024-12013,Research Report,B,49,High,62,CLOSED,2026-05-10 13:19:18,2026-05-12 13:19:18,India,"Synthetic defensive cybersecurity observation related to malware. This record is for awareness, analysis, and defensive security monitoring.",Credential Access,Application Layer Protocol,CVE-2023-55549
THR-2026-0526,2026-09-28 05:52:18,Credential Theft Observation,Data Exposure,Domain,identity-check.example.org,Research Report,B,46,Medium,55,CLOSED,2026-08-30 05:52:18,2026-09-30 05:52:18,Australia,"Synthetic defensive cybersecurity observation related to data exposure. This record is for awareness, analysis, and defensive security monitoring.",Initial Access,Application Layer Protocol,
THR-2026-0527,2026-05-10 16:47:18,Vulnerability Exposure,Ransomware,Email/Sender Domain,alerts@identity-check.example.net,Research Report,B,87,High,72,UNDER_REVIEW,2026-04-20 16:47:18,2026-05-12 16:47:18,United States,"Synthetic defensive cybersecurity observation related to ransomware. This record is for awareness, analysis, and defensive security monitoring.",Persistence,Phishing,
THR-2026-0528,2026-09-05 17:28:18,Synthetic Credential Phishing Campaign,Web Threat,IP,198.51.100.16,Research Report,B,68,High,61,FALSE_POSITIVE,2026-09-01 17:28:18,2026-09-07 17:28:18,Singapore,"Synthetic defensive cybersecurity observation related to web threat. This record is for awareness, analysis, and defensive security monitoring.",Execution,Data from Information Repositories,
THR-2026-0529,2026-05-07 04:45:18,Suspicious Web Activity,Vulnerability Exposure,SHA-256,32a76f0577becc38d714596d260c8c73937047d0d63aa9e40f1ee66d8929b240,Community Submission,C,71,High,67,CLOSED,2026-04-25 04:45:18,2026-05-07 04:45:18,Australia,"Synthetic defensive cybersecurity observation related to vulnerability exposure. This record is for awareness, analysis, and defensive security monitoring.",Credential Access,Valid Accounts,CVE-2023-10483
THR-2026-0530,2026-04-12 08:34:18,Credential Theft Observation,Account Security,URL,https://update-service.example.org/verify,Community Submission,C,29,Medium,47,CLOSED,2026-03-16 08:34:18,2026-04-17 08:34:18,India,"Synthetic defensive cybersecurity observation related to account security. This record is for awareness, analysis, and defensive security monitoring.",Exfiltration,User Execution,
THR-2026-0531,2026-06-02 12:26:18,Network Threat Observation,Ransomware,CVE,CVE-2024-45426,Security Vendor,A,53,Medium,58,CLOSED,2026-05-24 12:26:18,2026-06-07 12:26:18,United Kingdom,"Synthetic defensive cybersecurity observation related to ransomware. This record is for awareness, analysis, and defensive security monitoring.",Exfiltration,Credential Phishing,CVE-2025-26708
THR-2026-0532,2026-06-27 08:43:18,Social Engineering Attempt,Vulnerability Exposure,IP,203.0.113.42,Internal SOC,A,61,High,68,FALSE_POSITIVE,2026-06-17 08:43:18,2026-07-01 08:43:18,United States,"Synthetic defensive cybersecurity observation related to vulnerability exposure. This record is for awareness, analysis, and defensive security monitoring.",Credential Access,Application Layer Protocol,CVE-2026-20927
THR-2026-0533,2026-07-04 11:57:18,Ransomware Activity Pattern,Social Engineering,URL,https://update-service.example.net/verify,Unknown Source,D,51,High,64,UNDER_REVIEW,2026-06-16 11:57:18,2026-07-04 11:57:18,India,"Synthetic defensive cybersecurity observation related to social engineering. This record is for awareness, analysis, and defensive security monitoring.",Initial Access,User Execution,
THR-2026-0534,2026-08-27 15:05:18,Vulnerability Exposure,Social Engineering,Domain,update-service.example.org,Internal SOC,A,40,High,71,FALSE_POSITIVE,2026-08-15 15:05:18,2026-08-28 15:05:18,United States,"Synthetic defensive cybersecurity observation related to social engineering. This record is for awareness, analysis, and defensive security monitoring.",,,
THR-2026-0535,2026-07-26 15:10:18,Social Engineering Attempt,Vulnerability Exposure,CVE,CVE-2026-44829,Internal SOC,A,36,High,75,FALSE_POSITIVE,2026-07-12 15:10:18,2026-07-28 15:10:18,United States,"Synthetic defensive cybersecurity observation related to vulnerability exposure. This record is for awareness, analysis, and defensive security monitoring.",,,CVE-2021-8998
THR-2026-0536,2026-05-07 06:27:18,Account Security Event,Phishing,Email/Sender Domain,alerts@security-alert.invalid,Unknown Source,D,98,High,75,MONITORING,2026-04-22 06:27:18,2026-05-12 06:27:18,India,"Synthetic defensive cybersecurity observation related to phishing. This record is for awareness, analysis, and defensive security monitoring.",Command and Control,Data from Information Repositories,
THR-2026-0537,2026-05-22 20:47:18,Suspicious Malware Indicator,Data Exposure,Domain,cloud-security.example.com,Community Submission,C,27,Medium,59,NEW,2026-05-06 20:47:18,2026-05-26 20:47:18,United States,"Synthetic defensive cybersecurity observation related to data exposure. This record is for awareness, analysis, and defensive security monitoring.",Exfiltration,Network Service Scanning,
THR-2026-0538,2026-08-13 15:41:18,Synthetic Credential Phishing Campaign,Ransomware,IP,192.0.2.251,Public Threat Feed,B,65,High,62,NEW,2026-08-11 15:41:18,2026-08-17 15:41:18,Singapore,"Synthetic defensive cybersecurity observation related to ransomware. This record is for awareness, analysis, and defensive security monitoring.",Persistence,User Execution,
THR-2026-0539,2026-07-21 14:17:18,Network Threat Observation,Data Exposure,Domain,secure-login.example.org,Community Submission,C,25,Medium,48,FALSE_POSITIVE,2026-07-07 14:17:18,2026-07-22 14:17:18,Singapore,"Synthetic defensive cybersecurity observation related to data exposure. This record is for awareness, analysis, and defensive security monitoring.",Discovery,Valid Accounts,
THR-2026-0540,2026-08-11 07:13:18,Account Security Event,Malware,CVE,CVE-2024-5873,Community Submission,C,55,Medium,58,FALSE_POSITIVE,2026-07-25 07:13:18,2026-08-12 07:13:18,United Kingdom,"Synthetic defensive cybersecurity observation related to malware. This record is for awareness, analysis, and defensive security monitoring.",Persistence,Credential Phishing,CVE-2022-48782
THR-2026-0541,2026-05-21 05:47:18,Credential Theft Observation,Ransomware,SHA-256,8ded7fa2ef4683d4b2dff16b15bd34f9a069d8505ccab7d72c981888eec80939,Public Threat Feed,B,57,High,63,MONITORING,2026-05-01 05:47:18,2026-05-26 05:47:18,Singapore,"Synthetic defensive cybersecurity observation related to ransomware. This record is for awareness, analysis, and defensive security monitoring.",Command and Control,Application Layer Protocol,
THR-2026-0542,2026-05-04 04:47:18,Potential Data Exposure,Data Exposure,Email/Sender Domain,alerts@update-service.invalid,Community Submission,C,44,Medium,44,MONITORING,2026-04-26 04:47:18,2026-05-04 04:47:18,Australia,"Synthetic defensive cybersecurity observation related to data exposure. This record is for awareness, analysis, and defensive security monitoring.",,,
THR-2026-0543,2026-09-09 23:37:18,Suspicious Web Activity,Malware,URL,https://secure-login.example.net/verify,Internal SOC,A,59,High,63,NEW,2026-08-28 23:37:18,2026-09-09 23:37:18,Singapore,"Synthetic defensive cybersecurity observation related to malware. This record is for awareness, analysis, and defensive security monitoring.",,,
THR-2026-0544,2026-09-23 06:31:18,Potential Data Exposure,Network Threat,CVE,CVE-2025-39968,Security Vendor,A,61,High,65,CLOSED,2026-08-24 06:31:18,2026-09-26 06:31:18,Germany,"Synthetic defensive cybersecurity observation related to network threat. This record is for awareness, analysis, and defensive security monitoring.",Discovery,Valid Accounts,CVE-2026-45421
THR-2026-0545,2026-05-12 12:34:18,Credential Theft Observation,Web Threat,IP,203.0.113.156,Unknown Source,D,44,High,61,CLOSED,2026-05-11 12:34:18,2026-05-17 12:34:18,Australia,"Synthetic defensive cybersecurity observation related to web threat. This record is for awareness, analysis, and defensive security monitoring.",Credential Access,Valid Accounts,
THR-2026-0546,2026-05-24 12:55:18,Suspicious Malware Indicator,Social Engineering,URL,https://account-verify.example.net/verify,Public Threat Feed,B,89,High,76,MONITORING,2026-04-25 12:55:18,2026-05-25 12:55:18,Global,"Synthetic defensive cybersecurity observation related to social engineering. This record is for awareness, analysis, and defensive security monitoring.",Initial Access,Application Layer Protocol,
THR-2026-0547,2026-07-23 17:52:18,Ransomware Activity Pattern,Malware,IP,198.51.100.128,Research Report,B,36,Medium,56,FALSE_POSITIVE,2026-07-08 17:52:18,2026-07-23 17:52:18,Australia,"Synthetic defensive cybersecurity observation related to malware. This record is for awareness, analysis, and defensive security monitoring.",Command and Control,Network Service Scanning,
THR-2026-0548,2026-04-08 18:04:18,Potential Data Exposure,Malware,SHA-256,1ef69ae632d89839eb6d418c9d2d4262e86161c56673e4db08b0521d6b955f56,Unknown Source,D,49,Medium,48,FALSE_POSITIVE,2026-03-28 18:04:18,2026-04-09 18:04:18,India,"Synthetic defensive cybersecurity observation related to malware. This record is for awareness, analysis, and defensive security monitoring.",Discovery,Credential Phishing,
THR-2026-0549,2026-07-04 07:19:18,Suspicious Malware Indicator,Ransomware,CVE,CVE-2023-45503,Research Report,B,92,High,79,UNDER_REVIEW,2026-06-23 07:19:18,2026-07-04 07:19:18,Global,"Synthetic defensive cybersecurity observation related to ransomware. This record is for awareness, analysis, and defensive security monitoring.",Discovery,Data from Information Repositories,CVE-2022-25463
THR-2026-0550,2026-05-12 23:38:18,Synthetic Credential Phishing Campaign,Malware,URL,https://update-service.example.net/verify,Unknown Source,D,62,Medium,58,NEW,2026-04-13 23:38:18,2026-05-14 23:38:18,United Kingdom,"Synthetic defensive cybersecurity observation related to malware. This record is for awareness, analysis, and defensive security monitoring.",Initial Access,Network Service Scanning,
THR-2026-0551,2026-06-25 00:51:18,Potential Data Exposure,Social Engineering,URL,https://secure-login.example.com/verify,Research Report,B,38,Medium,51,CLOSED,2026-06-22 00:51:18,2026-06-28 00:51:18,India,"Synthetic defensive cybersecurity observation related to social engineering. This record is for awareness, analysis, and defensive security monitoring.",,,
THR-2026-0552,2026-07-21 00:24:18,Suspicious Malware Indicator,Social Engineering,IP,198.51.100.169,Community Submission,C,57,Medium,51,CLOSED,2026-06-23 00:24:18,2026-07-22 00:24:18,United States,"Synthetic defensive cybersecurity observation related to social engineering. This record is for awareness, analysis, and defensive security monitoring.",Execution,User Execution,
THR-2026-0553,2026-08-31 23:25:18,Suspicious Web Activity,Vulnerability Exposure,IP,192.0.2.108,Internal SOC,A,50,Medium,47,CLOSED,2026-08-08 23:25:18,2026-09-02 23:25:18,Singapore,"Synthetic defensive cybersecurity observation related to vulnerability exposure. This record is for awareness, analysis, and defensive security monitoring.",,,CVE-2022-32411
THR-2026-0554,2026-09-02 08:45:18,Credential Theft Observation,Social Engineering,CVE,CVE-2021-45453,Security Vendor,A,66,High,73,MONITORING,2026-08-08 08:45:18,2026-09-02 08:45:18,Germany,"Synthetic defensive cybersecurity observation related to social engineering. This record is for awareness, analysis, and defensive security monitoring.",,,CVE-2025-1894
THR-2026-0555,2026-06-18 04:12:18,Suspicious Malware Indicator,Account Security,CVE,CVE-2023-46937,Community Submission,C,86,Medium,49,UNDER_REVIEW,2026-06-14 04:12:18,2026-06-23 04:12:18,Australia,"Synthetic defensive cybersecurity observation related to account security. This record is for awareness, analysis, and defensive security monitoring.",,,CVE-2023-51248
THR-2026-0556,2026-08-17 17:11:18,Suspicious Web Activity,Vulnerability Exposure,Domain,security-alert.example.com,Security Vendor,A,38,Medium,58,CLOSED,2026-07-28 17:11:18,2026-08-18 17:11:18,India,"Synthetic defensive cybersecurity observation related to vulnerability exposure. This record is for awareness, analysis, and defensive security monitoring.",,,CVE-2024-3514
THR-2026-0557,2026-04-08 15:37:18,Potential Data Exposure,Account Security,Domain,update-service.invalid,Research Report,B,31,Medium,45,MONITORING,2026-04-01 15:37:18,2026-04-10 15:37:18,India,"Synthetic defensive cybersecurity observation related to account security. This record is for awareness, analysis, and defensive security monitoring.",Persistence,User Execution,
THR-2026-0558,2026-10-05 10:09:18,Suspicious Web Activity,Web Threat,URL,https://secure-login.invalid/verify,Security Vendor,A,56,Medium,56,CLOSED,2026-09-12 10:09:18,2026-10-07 10:09:18,United States,"Synthetic defensive cybersecurity observation related to web threat. This record is for awareness, analysis, and defensive security monitoring.",Persistence,Credential Phishing,
THR-2026-0559,2026-09-02 01:28:18,Potential Data Exposure,Network Threat,URL,https://secure-login.example.org/verify,Unknown Source,D,37,Medium,56,UNDER_REVIEW,2026-08-10 01:28:18,2026-09-04 01:28:18,Australia,"Synthetic defensive cybersecurity observation related to network threat. This record is for awareness, analysis, and defensive security monitoring.",Persistence,Valid Accounts,
THR-2026-0560,2026-09-05 10:14:18,Social Engineering Attempt,Account Security,SHA-256,ded66647129f072ee5113f5fd8c36de36d8c7f86e75075afcb5bd80cc0ad9daa,Security Vendor,A,38,Medium,53,NEW,2026-08-06 10:14:18,2026-09-10 10:14:18,Singapore,"Synthetic defensive cybersecurity observation related to account security. This record is for awareness, analysis, and defensive security monitoring.",,,
THR-2026-0561,2026-09-24 07:39:18,Potential Data Exposure,Account Security,URL,https://account-verify.example.org/verify,Unknown Source,D,85,High,65,CLOSED,2026-09-11 07:39:18,2026-09-28 07:39:18,Australia,"Synthetic defensive cybersecurity observation related to account security. This record is for awareness, analysis, and defensive security monitoring.",Command and Control,Phishing,
THR-2026-0562,2026-08-23 16:34:18,Credential Theft Observation,Vulnerability Exposure,IP,203.0.113.209,Public Threat Feed,B,92,High,72,CLOSED,2026-08-01 16:34:18,2026-08-24 16:34:18,Germany,"Synthetic defensive cybersecurity observation related to vulnerability exposure. This record is for awareness, analysis, and defensive security monitoring.",,,CVE-2025-4984
THR-2026-0563,2026-06-27 23:13:18,Account Security Event,Data Exposure,Email/Sender Domain,alerts@security-alert.invalid,Security Vendor,A,46,High,74,FALSE_POSITIVE,2026-06-19 23:13:18,2026-06-28 23:13:18,Germany,"Synthetic defensive cybersecurity observation related to data exposure. This record is for awareness, analysis, and defensive security monitoring.",,,
THR-2026-0564,2026-05-17 08:41:18,Ransomware Activity Pattern,Data Exposure,CVE,CVE-2023-9714,Community Submission,C,58,High,62,MONITORING,2026-05-10 08:41:18,2026-05-17 08:41:18,Global,"Synthetic defensive cybersecurity observation related to data exposure. This record is for awareness, analysis, and defensive security monitoring.",,,CVE-2021-42917
THR-2026-0565,2026-04-26 16:28:18,Ransomware Activity Pattern,Phishing,CVE,CVE-2024-59873,Unknown Source,D,51,High,66,FALSE_POSITIVE,2026-04-16 16:28:18,2026-04-26 16:28:18,United Kingdom,"Synthetic defensive cybersecurity observation related to phishing. This record is for awareness, analysis, and defensive security monitoring.",Persistence,Phishing,CVE-2023-48322
THR-2026-0566,2026-04-19 17:45:18,Suspicious Web Activity,Phishing,URL,https://cloud-security.example.com/verify,Unknown Source,D,60,Medium,56,CLOSED,2026-03-27 17:45:18,2026-04-24 17:45:18,United States,"Synthetic defensive cybersecurity observation related to phishing. This record is for awareness, analysis, and defensive security monitoring.",Persistence,User Execution,
THR-2026-0567,2026-07-03 06:54:18,Ransomware Activity Pattern,Credential Threat,Email/Sender Domain,alerts@cloud-security.example.com,Research Report,B,75,High,69,UNDER_REVIEW,2026-06-18 06:54:18,2026-07-03 06:54:18,Singapore,"Synthetic defensive cybersecurity observation related to credential threat. This record is for awareness, analysis, and defensive security monitoring.",,,
THR-2026-0568,2026-06-26 14:13:18,Vulnerability Exposure,Social Engineering,CVE,CVE-2021-48468,Security Vendor,A,61,Medium,44,FALSE_POSITIVE,2026-06-20 14:13:18,2026-06-26 14:13:18,United States,"Synthetic defensive cybersecurity observation related to social engineering. This record is for awareness, analysis, and defensive security monitoring.",,,CVE-2022-30820
THR-2026-0569,2026-04-24 10:43:18,Account Security Event,Phishing,Email/Sender Domain,alerts@login-check.invalid,Public Threat Feed,B,74,Medium,47,NEW,2026-04-17 10:43:18,2026-04-24 10:43:18,Singapore,"Synthetic defensive cybersecurity observation related to phishing. This record is for awareness, analysis, and defensive security monitoring.",,,
THR-2026-0570,2026-08-25 02:30:18,Potential Data Exposure,Network Threat,CVE,CVE-2021-2389,Security Vendor,A,42,Medium,55,NEW,2026-08-10 02:30:18,2026-08-26 02:30:18,India,"Synthetic defensive cybersecurity observation related to network threat. This record is for awareness, analysis, and defensive security monitoring.",,,CVE-2026-18528
THR-2026-0571,2026-09-29 04:24:18,Credential Theft Observation,Data Exposure,URL,https://identity-check.example.net/verify,Public Threat Feed,B,78,Medium,51,NEW,2026-09-17 04:24:18,2026-09-30 04:24:18,Germany,"Synthetic defensive cybersecurity observation related to data exposure. This record is for awareness, analysis, and defensive security monitoring.",Execution,Phishing,
THR-2026-0572,2026-09-04 23:52:18,Ransomware Activity Pattern,Credential Threat,IP,198.51.100.136,Internal SOC,A,61,High,70,MONITORING,2026-08-06 23:52:18,2026-09-04 23:52:18,Singapore,"Synthetic defensive cybersecurity observation related to credential threat. This record is for awareness, analysis, and defensive security monitoring.",Execution,Application Layer Protocol,
THR-2026-0573,2026-07-27 20:09:18,Ransomware Activity Pattern,Vulnerability Exposure,Domain,cloud-security.example.com,Unknown Source,D,63,High,71,MONITORING,2026-07-16 20:09:18,2026-07-29 20:09:18,United States,"Synthetic defensive cybersecurity observation related to vulnerability exposure. This record is for awareness, analysis, and defensive security monitoring.",Credential Access,Credential Phishing,CVE-2021-57473
THR-2026-0574,2026-07-15 07:40:18,Vulnerability Exposure,Social Engineering,IP,198.51.100.178,Public Threat Feed,B,79,Medium,54,CLOSED,2026-06-21 07:40:18,2026-07-18 07:40:18,Singapore,"Synthetic defensive cybersecurity observation related to social engineering. This record is for awareness, analysis, and defensive security monitoring.",Exfiltration,Application Layer Protocol,
THR-2026-0575,2026-05-20 18:20:18,Account Security Event,Network Threat,Domain,identity-check.example.net,Security Vendor,A,56,High,69,FALSE_POSITIVE,2026-05-03 18:20:18,2026-05-24 18:20:18,Singapore,"Synthetic defensive cybersecurity observation related to network threat. This record is for awareness, analysis, and defensive security monitoring.",Exfiltration,Application Layer Protocol,
THR-2026-0576,2026-07-04 18:21:18,Ransomware Activity Pattern,Credential Threat,CVE,CVE-2023-31172,Internal SOC,A,71,Medium,47,UNDER_REVIEW,2026-06-04 18:21:18,2026-07-05 18:21:18,Global,"Synthetic defensive cybersecurity observation related to credential threat. This record is for awareness, analysis, and defensive security monitoring.",,,CVE-2023-24649
THR-2026-0577,2026-06-30 12:50:18,Suspicious Malware Indicator,Data Exposure,SHA-256,ff16a4512c1d52d5c5c10b21c716b32b738600336983709ce17e38db4e0eade5,Public Threat Feed,B,53,Medium,47,FALSE_POSITIVE,2026-06-08 12:50:18,2026-07-03 12:50:18,India,"Synthetic defensive cybersecurity observation related to data exposure. This record is for awareness, analysis, and defensive security monitoring.",,,
THR-2026-0578,2026-08-04 09:51:18,Social Engineering Attempt,Social Engineering,Email/Sender Domain,alerts@identity-check.example.com,Security Vendor,A,28,Medium,57,FALSE_POSITIVE,2026-07-17 09:51:18,2026-08-07 09:51:18,Australia,"Synthetic defensive cybersecurity observation related to social engineering. This record is for awareness, analysis, and defensive security monitoring.",Persistence,Credential Phishing,
THR-2026-0579,2026-04-24 10:13:18,Vulnerability Exposure,Vulnerability Exposure,CVE,CVE-2026-58407,Community Submission,C,26,Medium,41,CLOSED,2026-03-31 10:13:18,2026-04-25 10:13:18,Singapore,"Synthetic defensive cybersecurity observation related to vulnerability exposure. This record is for awareness, analysis, and defensive security monitoring.",,,CVE-2024-55570
THR-2026-0580,2026-05-24 23:43:18,Credential Theft Observation,Web Threat,Email/Sender Domain,alerts@update-service.example.com,Research Report,B,54,Medium,59,FALSE_POSITIVE,2026-05-01 23:43:18,2026-05-25 23:43:18,Singapore,"Synthetic defensive cybersecurity observation related to web threat. This record is for awareness, analysis, and defensive security monitoring.",Exfiltration,Phishing,
THR-2026-0581,2026-07-01 15:24:18,Network Threat Observation,Social Engineering,SHA-256,f9e18e4bb72b5c093495b241188468ea37aef61ed9ec729b3660163f0f6efbde,Internal SOC,A,76,High,62,MONITORING,2026-06-25 15:24:18,2026-07-03 15:24:18,India,"Synthetic defensive cybersecurity observation related to social engineering. This record is for awareness, analysis, and defensive security monitoring.",,,
THR-2026-0582,2026-07-18 05:16:18,Suspicious Malware Indicator,Credential Threat,URL,https://secure-login.invalid/verify,Internal SOC,A,38,Low,38,FALSE_POSITIVE,2026-07-12 05:16:18,2026-07-23 05:16:18,Global,"Synthetic defensive cybersecurity observation related to credential threat. This record is for awareness, analysis, and defensive security monitoring.",,,
THR-2026-0583,2026-07-24 23:19:18,Ransomware Activity Pattern,Social Engineering,IP,203.0.113.173,Research Report,B,36,Medium,43,NEW,2026-07-18 23:19:18,2026-07-26 23:19:18,United Kingdom,"Synthetic defensive cybersecurity observation related to social engineering. This record is for awareness, analysis, and defensive security monitoring.",Credential Access,Application Layer Protocol,
THR-2026-0584,2026-06-04 16:56:18,Social Engineering Attempt,Data Exposure,IP,192.0.2.227,Public Threat Feed,B,44,High,65,NEW,2026-05-08 16:56:18,2026-06-04 16:56:18,Australia,"Synthetic defensive cybersecurity observation related to data exposure. This record is for awareness, analysis, and defensive security monitoring.",,,
THR-2026-0585,2026-05-02 15:18:18,Network Threat Observation,Credential Threat,Domain,account-verify.example.org,Research Report,B,43,High,66,FALSE_POSITIVE,2026-04-03 15:18:18,2026-05-04 15:18:18,Global,"Synthetic defensive cybersecurity observation related to credential threat. This record is for awareness, analysis, and defensive security monitoring.",Credential Access,Phishing,
THR-2026-0586,2026-09-11 11:42:18,Suspicious Malware Indicator,Vulnerability Exposure,Domain,update-service.example.org,Community Submission,C,34,Medium,56,UNDER_REVIEW,2026-08-18 11:42:18,2026-09-13 11:42:18,United Kingdom,"Synthetic defensive cybersecurity observation related to vulnerability exposure. This record is for awareness, analysis, and defensive security monitoring.",Execution,Phishing,CVE-2021-33696
THR-2026-0587,2026-07-30 20:35:18,Suspicious Malware Indicator,Web Threat,Email/Sender Domain,alerts@secure-login.example.net,Unknown Source,D,36,Medium,51,NEW,2026-07-06 20:35:18,2026-08-02 20:35:18,United Kingdom,"Synthetic defensive cybersecurity observation related to web threat. This record is for awareness, analysis, and defensive security monitoring.",Exfiltration,User Execution,
THR-2026-0588,2026-07-17 00:46:18,Account Security Event,Vulnerability Exposure,SHA-256,1327e8a3f9221ccfe03e78c37f4fa55831537285387c126a204fc1dffdf69171,Community Submission,C,41,High,73,NEW,2026-06-26 00:46:18,2026-07-20 00:46:18,Australia,"Synthetic defensive cybersecurity observation related to vulnerability exposure. This record is for awareness, analysis, and defensive security monitoring.",Exfiltration,Valid Accounts,CVE-2026-3796
THR-2026-0589,2026-06-25 09:37:18,Social Engineering Attempt,Data Exposure,IP,198.51.100.165,Unknown Source,D,38,Medium,47,FALSE_POSITIVE,2026-06-13 09:37:18,2026-06-28 09:37:18,Global,"Synthetic defensive cybersecurity observation related to data exposure. This record is for awareness, analysis, and defensive security monitoring.",,,
THR-2026-0590,2026-08-14 23:30:18,Social Engineering Attempt,Social Engineering,IP,192.0.2.180,Public Threat Feed,B,38,Medium,55,CLOSED,2026-08-12 23:30:18,2026-08-16 23:30:18,India,"Synthetic defensive cybersecurity observation related to social engineering. This record is for awareness, analysis, and defensive security monitoring.",Persistence,Credential Phishing,
THR-2026-0591,2026-09-26 16:02:18,Social Engineering Attempt,Phishing,Email/Sender Domain,alerts@security-alert.invalid,Public Threat Feed,B,85,Medium,56,UNDER_REVIEW,2026-09-14 16:02:18,2026-09-26 16:02:18,Global,"Synthetic defensive cybersecurity observation related to phishing. This record is for awareness, analysis, and defensive security monitoring.",Initial Access,Data from Information Repositories,
THR-2026-0592,2026-06-24 09:32:18,Suspicious Web Activity,Vulnerability Exposure,URL,https://security-alert.invalid/verify,Research Report,B,47,Medium,47,NEW,2026-05-28 09:32:18,2026-06-29 09:32:18,Germany,"Synthetic defensive cybersecurity observation related to vulnerability exposure. This record is for awareness, analysis, and defensive security monitoring.",Persistence,Data from Information Repositories,CVE-2025-15031
THR-2026-0593,2026-04-09 22:29:18,Synthetic Credential Phishing Campaign,Web Threat,Domain,secure-login.example.com,Community Submission,C,78,Medium,57,NEW,2026-03-11 22:29:18,2026-04-14 22:29:18,Australia,"Synthetic defensive cybersecurity observation related to web threat. This record is for awareness, analysis, and defensive security monitoring.",Command and Control,Network Service Scanning,
THR-2026-0594,2026-08-28 19:56:18,Potential Data Exposure,Account Security,Domain,identity-check.invalid,Unknown Source,D,65,Medium,59,CLOSED,2026-08-18 19:56:18,2026-08-28 19:56:18,Global,"Synthetic defensive cybersecurity observation related to account security. This record is for awareness, analysis, and defensive security monitoring.",Exfiltration,Valid Accounts,
THR-2026-0595,2026-06-19 13:17:18,Credential Theft Observation,Social Engineering,CVE,CVE-2026-38803,Community Submission,C,37,High,62,NEW,2026-05-26 13:17:18,2026-06-20 13:17:18,United Kingdom,"Synthetic defensive cybersecurity observation related to social engineering. This record is for awareness, analysis, and defensive security monitoring.",Exfiltration,User Execution,CVE-2023-14747
THR-2026-0596,2026-04-21 21:25:18,Vulnerability Exposure,Phishing,URL,https://secure-login.example.org/verify,Public Threat Feed,B,89,Critical,85,NEW,2026-04-08 21:25:18,2026-04-23 21:25:18,United States,"Synthetic defensive cybersecurity observation related to phishing. This record is for awareness, analysis, and defensive security monitoring.",Credential Access,Credential Phishing,
THR-2026-0597,2026-04-19 13:08:18,Suspicious Malware Indicator,Network Threat,Domain,login-check.invalid,Public Threat Feed,B,45,High,64,NEW,2026-04-06 13:08:18,2026-04-24 13:08:18,Australia,"Synthetic defensive cybersecurity observation related to network threat. This record is for awareness, analysis, and defensive security monitoring.",Initial Access,Network Service Scanning,
THR-2026-0598,2026-09-26 14:33:18,Vulnerability Exposure,Vulnerability Exposure,IP,192.0.2.51,Security Vendor,A,94,High,70,CLOSED,2026-08-30 14:33:18,2026-09-29 14:33:18,India,"Synthetic defensive cybersecurity observation related to vulnerability exposure. This record is for awareness, analysis, and defensive security monitoring.",,,CVE-2024-37148
THR-2026-0599,2026-05-29 02:34:18,Vulnerability Exposure,Network Threat,SHA-256,0c687959517a6b5133c525c1176cb4fe657802dc65f027fda12ca055fc858cf1,Public Threat Feed,B,75,Medium,60,UNDER_REVIEW,2026-05-01 02:34:18,2026-06-03 02:34:18,India,"Synthetic defensive cybersecurity observation related to network threat. This record is for awareness, analysis, and defensive security monitoring.",Credential Access,Phishing,
THR-2026-0600,2026-07-16 01:41:18,Vulnerability Exposure,Phishing,IP,192.0.2.158,Research Report,B,72,High,67,CLOSED,2026-06-16 01:41:18,2026-07-20 01:41:18,Global,"Synthetic defensive cybersecurity observation related to phishing. This record is for awareness, analysis, and defensive security monitoring.",,,
THR-2026-0601,2026-05-26 06:24:18,Potential Data Exposure,Phishing,Email/Sender Domain,alerts@login-check.example.net,Unknown Source,D,74,High,63,MONITORING,2026-05-19 06:24:18,2026-05-26 06:24:18,Global,"Synthetic defensive cybersecurity observation related to phishing. This record is for awareness, analysis, and defensive security monitoring.",Discovery,Valid Accounts,
THR-2026-0602,2026-08-27 11:12:18,Synthetic Credential Phishing Campaign,Network Threat,Domain,identity-check.example.com,Internal SOC,A,28,Medium,44,CLOSED,2026-08-05 11:12:18,2026-08-31 11:12:18,Australia,"Synthetic defensive cybersecurity observation related to network threat. This record is for awareness, analysis, and defensive security monitoring.",Command and Control,Data from Information Repositories,
THR-2026-0603,2026-07-01 03:09:18,Synthetic Credential Phishing Campaign,Network Threat,Domain,identity-check.invalid,Internal SOC,A,53,Medium,54,NEW,2026-06-30 03:09:18,2026-07-03 03:09:18,Germany,"Synthetic defensive cybersecurity observation related to network threat. This record is for awareness, analysis, and defensive security monitoring.",Discovery,Phishing,
THR-2026-0604,2026-08-12 23:45:18,Suspicious Malware Indicator,Malware,Domain,security-alert.example.net,Research Report,B,48,Medium,50,CLOSED,2026-07-28 23:45:18,2026-08-12 23:45:18,United Kingdom,"Synthetic defensive cybersecurity observation related to malware. This record is for awareness, analysis, and defensive security monitoring.",,,
THR-2026-0605,2026-04-26 15:57:18,Social Engineering Attempt,Social Engineering,Domain,secure-login.invalid,Public Threat Feed,B,26,Medium,50,UNDER_REVIEW,2026-04-25 15:57:18,2026-04-26 15:57:18,Singapore,"Synthetic defensive cybersecurity observation related to social engineering. This record is for awareness, analysis, and defensive security monitoring.",Command and Control,User Execution,
THR-2026-0606,2026-08-11 00:44:18,Credential Theft Observation,Malware,Domain,login-check.example.com,Internal SOC,A,93,High,72,MONITORING,2026-07-14 00:44:18,2026-08-12 00:44:18,United Kingdom,"Synthetic defensive cybersecurity observation related to malware. This record is for awareness, analysis, and defensive security monitoring.",Credential Access,Valid Accounts,
THR-2026-0607,2026-06-25 05:35:18,Suspicious Web Activity,Malware,URL,https://update-service.invalid/verify,Unknown Source,D,62,High,72,FALSE_POSITIVE,2026-06-20 05:35:18,2026-06-26 05:35:18,Global,"Synthetic defensive cybersecurity observation related to malware. This record is for awareness, analysis, and defensive security monitoring.",Exfiltration,Network Service Scanning,
THR-2026-0608,2026-07-28 01:12:18,Account Security Event,Web Threat,Domain,account-verify.example.org,Research Report,B,87,High,78,NEW,2026-07-25 01:12:18,2026-08-01 01:12:18,Germany,"Synthetic defensive cybersecurity observation related to web threat. This record is for awareness, analysis, and defensive security monitoring.",Execution,Phishing,
THR-2026-0609,2026-09-28 08:40:18,Network Threat Observation,Data Exposure,URL,https://security-alert.invalid/verify,Research Report,B,62,High,72,UNDER_REVIEW,2026-09-03 08:40:18,2026-09-30 08:40:18,Australia,"Synthetic defensive cybersecurity observation related to data exposure. This record is for awareness, analysis, and defensive security monitoring.",Persistence,User Execution,
THR-2026-0610,2026-08-11 21:15:18,Vulnerability Exposure,Ransomware,URL,https://account-verify.example.com/verify,Security Vendor,A,65,Medium,53,FALSE_POSITIVE,2026-07-17 21:15:18,2026-08-13 21:15:18,United States,"Synthetic defensive cybersecurity observation related to ransomware. This record is for awareness, analysis, and defensive security monitoring.",Initial Access,Network Service Scanning,
THR-2026-0611,2026-07-16 01:39:18,Suspicious Malware Indicator,Web Threat,CVE,CVE-2021-30673,Research Report,B,34,High,66,UNDER_REVIEW,2026-07-10 01:39:18,2026-07-16 01:39:18,Singapore,"Synthetic defensive cybersecurity observation related to web threat. This record is for awareness, analysis, and defensive security monitoring.",Persistence,Network Service Scanning,CVE-2023-28606
THR-2026-0612,2026-07-25 06:58:18,Network Threat Observation,Vulnerability Exposure,Domain,identity-check.invalid,Internal SOC,A,61,High,65,NEW,2026-06-25 06:58:18,2026-07-28 06:58:18,Germany,"Synthetic defensive cybersecurity observation related to vulnerability exposure. This record is for awareness, analysis, and defensive security monitoring.",Initial Access,Data from Information Repositories,CVE-2025-3563
THR-2026-0613,2026-05-16 01:20:18,Suspicious Malware Indicator,Vulnerability Exposure,CVE,CVE-2023-41499,Research Report,B,65,Medium,60,NEW,2026-04-27 01:20:18,2026-05-16 01:20:18,India,"Synthetic defensive cybersecurity observation related to vulnerability exposure. This record is for awareness, analysis, and defensive security monitoring.",Execution,Phishing,CVE-2024-33331
THR-2026-0614,2026-09-13 05:05:18,Synthetic Credential Phishing Campaign,Phishing,Domain,account-verify.invalid,Community Submission,C,66,Medium,55,NEW,2026-08-16 05:05:18,2026-09-15 05:05:18,India,"Synthetic defensive cybersecurity observation related to phishing. This record is for awareness, analysis, and defensive security monitoring.",Persistence,Phishing,
THR-2026-0615,2026-05-08 21:44:18,Vulnerability Exposure,Web Threat,URL,https://identity-check.example.net/verify,Security Vendor,A,73,High,67,NEW,2026-05-04 21:44:18,2026-05-10 21:44:18,Singapore,"Synthetic defensive cybersecurity observation related to web threat. This record is for awareness, analysis, and defensive security monitoring.",Discovery,Valid Accounts,
THR-2026-0616,2026-07-30 02:06:18,Credential Theft Observation,Account Security,SHA-256,d01335342fbf1d29ee65883c8f861badd2092c8c551222b38f4911f38e0672e2,Community Submission,C,60,High,63,UNDER_REVIEW,2026-07-28 02:06:18,2026-08-01 02:06:18,Australia,"Synthetic defensive cybersecurity observation related to account security. This record is for awareness, analysis, and defensive security monitoring.",Initial Access,Phishing,
THR-2026-0617,2026-09-09 01:38:18,Network Threat Observation,Social Engineering,IP,198.51.100.182,Community Submission,C,52,Medium,59,CLOSED,2026-08-14 01:38:18,2026-09-13 01:38:18,Australia,"Synthetic defensive cybersecurity observation related to social engineering. This record is for awareness, analysis, and defensive security monitoring.",Execution,Data from Information Repositories,
THR-2026-0618,2026-04-29 19:39:18,Vulnerability Exposure,Data Exposure,IP,192.0.2.176,Security Vendor,A,53,High,77,MONITORING,2026-04-05 19:39:18,2026-05-02 19:39:18,Global,"Synthetic defensive cybersecurity observation related to data exposure. This record is for awareness, analysis, and defensive security monitoring.",,,
THR-2026-0619,2026-08-05 10:54:18,Social Engineering Attempt,Account Security,CVE,CVE-2023-18404,Public Threat Feed,B,84,Medium,58,NEW,2026-07-22 10:54:18,2026-08-06 10:54:18,Singapore,"Synthetic defensive cybersecurity observation related to account security. This record is for awareness, analysis, and defensive security monitoring.",,,CVE-2026-35792
THR-2026-0620,2026-07-12 10:23:18,Vulnerability Exposure,Malware,URL,https://identity-check.example.net/verify,Internal SOC,A,44,Medium,59,UNDER_REVIEW,2026-07-04 10:23:18,2026-07-14 10:23:18,United Kingdom,"Synthetic defensive cybersecurity observation related to malware. This record is for awareness, analysis, and defensive security monitoring.",,,
THR-2026-0621,2026-06-17 08:08:18,Credential Theft Observation,Credential Threat,SHA-256,4a4c3f3ea78daaee91ea29ed3cb39bc1dd8b0f6a04e2cd33d0e7a1857e7abf4a,Security Vendor,A,60,Medium,59,NEW,2026-06-16 08:08:18,2026-06-22 08:08:18,India,"Synthetic defensive cybersecurity observation related to credential threat. This record is for awareness, analysis, and defensive security monitoring.",Discovery,User Execution,
THR-2026-0622,2026-06-26 23:45:18,Credential Theft Observation,Credential Threat,IP,192.0.2.202,Unknown Source,D,60,High,71,UNDER_REVIEW,2026-06-19 23:45:18,2026-07-01 23:45:18,United Kingdom,"Synthetic defensive cybersecurity observation related to credential threat. This record is for awareness, analysis, and defensive security monitoring.",Command and Control,User Execution,
THR-2026-0623,2026-06-04 12:32:18,Suspicious Malware Indicator,Account Security,URL,https://security-alert.example.com/verify,Security Vendor,A,37,High,68,MONITORING,2026-05-08 12:32:18,2026-06-09 12:32:18,Germany,"Synthetic defensive cybersecurity observation related to account security. This record is for awareness, analysis, and defensive security monitoring.",,,
THR-2026-0624,2026-09-16 06:08:18,Social Engineering Attempt,Ransomware,IP,203.0.113.1,Community Submission,C,79,High,64,CLOSED,2026-08-23 06:08:18,2026-09-16 06:08:18,Global,"Synthetic defensive cybersecurity observation related to ransomware. This record is for awareness, analysis, and defensive security monitoring.",Execution,Credential Phishing,
THR-2026-0625,2026-05-23 19:41:18,Network Threat Observation,Malware,IP,198.51.100.126,Internal SOC,A,97,High,79,MONITORING,2026-04-29 19:41:18,2026-05-24 19:41:18,Singapore,"Synthetic defensive cybersecurity observation related to malware. This record is for awareness, analysis, and defensive security monitoring.",,,
THR-2026-0626,2026-07-19 13:30:18,Suspicious Malware Indicator,Web Threat,CVE,CVE-2023-45943,Unknown Source,D,71,High,61,FALSE_POSITIVE,2026-06-21 13:30:18,2026-07-23 13:30:18,Australia,"Synthetic defensive cybersecurity observation related to web threat. This record is for awareness, analysis, and defensive security monitoring.",Command and Control,Phishing,CVE-2025-32742
THR-2026-0627,2026-05-10 12:07:18,Credential Theft Observation,Ransomware,SHA-256,9c49777bc32b5ee2f2b4fb6b51e55ec16b3e5301429e97953d59ea2c583150a7,Security Vendor,A,43,High,66,NEW,2026-04-27 12:07:18,2026-05-12 12:07:18,United Kingdom,"Synthetic defensive cybersecurity observation related to ransomware. This record is for awareness, analysis, and defensive security monitoring.",Command and Control,Application Layer Protocol,
THR-2026-0628,2026-07-12 23:14:18,Account Security Event,Data Exposure,SHA-256,5281326a39e8e3f7eb8175d2d2535c17f0337631d76c044198b528a28414f823,Public Threat Feed,B,92,Critical,81,MONITORING,2026-06-29 23:14:18,2026-07-14 23:14:18,Global,"Synthetic defensive cybersecurity observation related to data exposure. This record is for awareness, analysis, and defensive security monitoring.",,,
THR-2026-0629,2026-10-02 19:52:18,Potential Data Exposure,Account Security,IP,198.51.100.160,Research Report,B,83,High,63,FALSE_POSITIVE,2026-09-11 19:52:18,2026-10-03 19:52:18,Australia,"Synthetic defensive cybersecurity observation related to account security. This record is for awareness, analysis, and defensive security monitoring.",Execution,User Execution,
THR-2026-0630,2026-07-24 17:44:18,Network Threat Observation,Social Engineering,URL,https://identity-check.invalid/verify,Public Threat Feed,B,62,Medium,46,NEW,2026-07-23 17:44:18,2026-07-27 17:44:18,United Kingdom,"Synthetic defensive cybersecurity observation related to social engineering. This record is for awareness, analysis, and defensive security monitoring.",,,
THR-2026-0631,2026-07-28 07:05:18,Suspicious Web Activity,Ransomware,URL,https://security-alert.invalid/verify,Community Submission,C,89,High,80,CLOSED,2026-07-22 07:05:18,2026-07-31 07:05:18,United Kingdom,"Synthetic defensive cybersecurity observation related to ransomware. This record is for awareness, analysis, and defensive security monitoring.",Execution,Data from Information Repositories,
THR-2026-0632,2026-05-06 02:40:18,Credential Theft Observation,Vulnerability Exposure,SHA-256,94fb67a3674145c3b50b3d164ab34126d369057bbfd1d783cbbe5065a16041ff,Unknown Source,D,37,Medium,60,UNDER_REVIEW,2026-04-18 02:40:18,2026-05-09 02:40:18,Germany,"Synthetic defensive cybersecurity observation related to vulnerability exposure. This record is for awareness, analysis, and defensive security monitoring.",Discovery,Valid Accounts,CVE-2025-10121
THR-2026-0633,2026-08-19 23:01:18,Social Engineering Attempt,Web Threat,URL,https://identity-check.example.org/verify,Internal SOC,A,97,High,72,FALSE_POSITIVE,2026-07-22 23:01:18,2026-08-22 23:01:18,Australia,"Synthetic defensive cybersecurity observation related to web threat. This record is for awareness, analysis, and defensive security monitoring.",,,
THR-2026-0634,2026-05-15 11:02:18,Suspicious Web Activity,Network Threat,SHA-256,058af589d67a723bdab52f74d1caf3afc27613091aaf14cb60e0e7ef06b07530,Security Vendor,A,84,High,62,FALSE_POSITIVE,2026-05-02 11:02:18,2026-05-15 11:02:18,Singapore,"Synthetic defensive cybersecurity observation related to network threat. This record is for awareness, analysis, and defensive security monitoring.",Persistence,Valid Accounts,
THR-2026-0635,2026-04-17 11:22:18,Suspicious Malware Indicator,Account Security,Email/Sender Domain,alerts@login-check.example.org,Research Report,B,62,High,69,NEW,2026-03-23 11:22:18,2026-04-21 11:22:18,United Kingdom,"Synthetic defensive cybersecurity observation related to account security. This record is for awareness, analysis, and defensive security monitoring.",Discovery,Phishing,
THR-2026-0636,2026-04-15 19:04:18,Ransomware Activity Pattern,Web Threat,Email/Sender Domain,alerts@secure-login.example.net,Unknown Source,D,67,High,63,UNDER_REVIEW,2026-03-24 19:04:18,2026-04-15 19:04:18,United States,"Synthetic defensive cybersecurity observation related to web threat. This record is for awareness, analysis, and defensive security monitoring.",,,
THR-2026-0637,2026-09-06 09:51:18,Credential Theft Observation,Ransomware,URL,https://security-alert.invalid/verify,Internal SOC,A,25,High,63,CLOSED,2026-09-02 09:51:18,2026-09-10 09:51:18,India,"Synthetic defensive cybersecurity observation related to ransomware. This record is for awareness, analysis, and defensive security monitoring.",Exfiltration,Network Service Scanning,
THR-2026-0638,2026-08-05 18:35:18,Account Security Event,Social Engineering,SHA-256,549b4ebe3a4b319bea29dc5b3401e0101fe79fa743360cb6edfb79ee4f1a1560,Unknown Source,D,40,Medium,45,CLOSED,2026-07-10 18:35:18,2026-08-09 18:35:18,United States,"Synthetic defensive cybersecurity observation related to social engineering. This record is for awareness, analysis, and defensive security monitoring.",Command and Control,Phishing,
THR-2026-0639,2026-08-14 20:21:18,Account Security Event,Ransomware,Domain,update-service.example.org,Unknown Source,D,55,High,70,MONITORING,2026-08-05 20:21:18,2026-08-16 20:21:18,Germany,"Synthetic defensive cybersecurity observation related to ransomware. This record is for awareness, analysis, and defensive security monitoring.",,,
THR-2026-0640,2026-07-24 21:44:18,Account Security Event,Vulnerability Exposure,CVE,CVE-2024-3793,Internal SOC,A,84,High,68,MONITORING,2026-07-06 21:44:18,2026-07-27 21:44:18,United States,"Synthetic defensive cybersecurity observation related to vulnerability exposure. This record is for awareness, analysis, and defensive security monitoring.",Credential Access,Application Layer Protocol,CVE-2021-43277
THR-2026-0641,2026-08-12 23:54:18,Ransomware Activity Pattern,Social Engineering,URL,https://identity-check.example.com/verify,Research Report,B,45,Medium,50,MONITORING,2026-07-21 23:54:18,2026-08-16 23:54:18,Australia,"Synthetic defensive cybersecurity observation related to social engineering. This record is for awareness, analysis, and defensive security monitoring.",Command and Control,Network Service Scanning,
THR-2026-0642,2026-09-17 15:21:18,Account Security Event,Network Threat,SHA-256,77571038ef94a1ac4bdabd21bac9d2633f5f401cb28fde65c3c876e8f3dfafb6,Community Submission,C,42,High,64,FALSE_POSITIVE,2026-09-05 15:21:18,2026-09-20 15:21:18,Global,"Synthetic defensive cybersecurity observation related to network threat. This record is for awareness, analysis, and defensive security monitoring.",Command and Control,Network Service Scanning,
THR-2026-0643,2026-09-18 10:50:18,Suspicious Malware Indicator,Web Threat,Domain,update-service.example.net,Security Vendor,A,69,High,78,MONITORING,2026-08-22 10:50:18,2026-09-23 10:50:18,Global,"Synthetic defensive cybersecurity observation related to web threat. This record is for awareness, analysis, and defensive security monitoring.",,,
THR-2026-0644,2026-06-20 09:48:18,Social Engineering Attempt,Credential Threat,CVE,CVE-2023-40749,Internal SOC,A,38,High,66,NEW,2026-06-01 09:48:18,2026-06-22 09:48:18,United States,"Synthetic defensive cybersecurity observation related to credential threat. This record is for awareness, analysis, and defensive security monitoring.",,,CVE-2026-5776
THR-2026-0645,2026-08-16 03:20:18,Ransomware Activity Pattern,Network Threat,IP,198.51.100.209,Public Threat Feed,B,73,High,69,FALSE_POSITIVE,2026-08-02 03:20:18,2026-08-21 03:20:18,Global,"Synthetic defensive cybersecurity observation related to network threat. This record is for awareness, analysis, and defensive security monitoring.",,,
THR-2026-0646,2026-10-04 00:02:18,Network Threat Observation,Credential Threat,IP,192.0.2.175,Community Submission,C,37,Medium,55,FALSE_POSITIVE,2026-09-21 00:02:18,2026-10-08 00:02:18,Germany,"Synthetic defensive cybersecurity observation related to credential threat. This record is for awareness, analysis, and defensive security monitoring.",Execution,Data from Information Repositories,
THR-2026-0647,2026-08-31 09:23:18,Account Security Event,Credential Threat,Email/Sender Domain,alerts@login-check.example.com,Research Report,B,89,High,78,FALSE_POSITIVE,2026-08-18 09:23:18,2026-09-05 09:23:18,United Kingdom,"Synthetic defensive cybersecurity observation related to credential threat. This record is for awareness, analysis, and defensive security monitoring.",Initial Access,Phishing,
THR-2026-0648,2026-08-01 23:06:18,Suspicious Malware Indicator,Social Engineering,Domain,secure-login.example.com,Security Vendor,A,94,Medium,53,FALSE_POSITIVE,2026-07-21 23:06:18,2026-08-01 23:06:18,Singapore,"Synthetic defensive cybersecurity observation related to social engineering. This record is for awareness, analysis, and defensive security monitoring.",Discovery,User Execution,
THR-2026-0649,2026-04-21 11:49:18,Credential Theft Observation,Vulnerability Exposure,Email/Sender Domain,alerts@secure-login.example.org,Public Threat Feed,B,39,Medium,52,NEW,2026-04-11 11:49:18,2026-04-24 11:49:18,United States,"Synthetic defensive cybersecurity observation related to vulnerability exposure. This record is for awareness, analysis, and defensive security monitoring.",,,CVE-2021-10128
THR-2026-0650,2026-07-09 09:25:18,Potential Data Exposure,Social Engineering,IP,198.51.100.243,Community Submission,C,97,Critical,82,UNDER_REVIEW,2026-06-20 09:25:18,2026-07-14 09:25:18,United Kingdom,"Synthetic defensive cybersecurity observation related to social engineering. This record is for awareness, analysis, and defensive security monitoring.",Command and Control,Phishing,
THR-2026-0651,2026-07-20 04:50:18,Credential Theft Observation,Malware,IP,203.0.113.156,Internal SOC,A,53,High,62,CLOSED,2026-06-21 04:50:18,2026-07-20 04:50:18,Australia,"Synthetic defensive cybersecurity observation related to malware. This record is for awareness, analysis, and defensive security monitoring.",Command and Control,Application Layer Protocol,
THR-2026-0652,2026-06-16 13:24:18,Account Security Event,Phishing,Email/Sender Domain,alerts@account-verify.example.org,Internal SOC,A,74,High,66,UNDER_REVIEW,2026-05-30 13:24:18,2026-06-17 13:24:18,United Kingdom,"Synthetic defensive cybersecurity observation related to phishing. This record is for awareness, analysis, and defensive security monitoring.",Credential Access,Phishing,
THR-2026-0653,2026-05-13 10:00:18,Suspicious Malware Indicator,Credential Threat,Domain,login-check.example.com,Security Vendor,A,26,Medium,47,CLOSED,2026-05-13 10:00:18,2026-05-18 10:00:18,United States,"Synthetic defensive cybersecurity observation related to credential threat. This record is for awareness, analysis, and defensive security monitoring.",Persistence,Phishing,
THR-2026-0654,2026-06-04 14:44:18,Potential Data Exposure,Network Threat,URL,https://security-alert.example.net/verify,Internal SOC,A,56,High,64,MONITORING,2026-05-14 14:44:18,2026-06-04 14:44:18,Global,"Synthetic defensive cybersecurity observation related to network threat. This record is for awareness, analysis, and defensive security monitoring.",Execution,Credential Phishing,
THR-2026-0655,2026-07-15 13:17:18,Vulnerability Exposure,Web Threat,URL,https://identity-check.example.net/verify,Internal SOC,A,62,High,70,MONITORING,2026-06-29 13:17:18,2026-07-15 13:17:18,India,"Synthetic defensive cybersecurity observation related to web threat. This record is for awareness, analysis, and defensive security monitoring.",Execution,Valid Accounts,
THR-2026-0656,2026-09-26 04:07:18,Synthetic Credential Phishing Campaign,Data Exposure,Domain,update-service.invalid,Research Report,B,95,Medium,60,MONITORING,2026-09-12 04:07:18,2026-10-01 04:07:18,United Kingdom,"Synthetic defensive cybersecurity observation related to data exposure. This record is for awareness, analysis, and defensive security monitoring.",Discovery,Credential Phishing,
THR-2026-0657,2026-06-28 21:49:18,Vulnerability Exposure,Web Threat,IP,203.0.113.14,Research Report,B,74,Medium,55,MONITORING,2026-06-21 21:49:18,2026-06-29 21:49:18,India,"Synthetic defensive cybersecurity observation related to web threat. This record is for awareness, analysis, and defensive security monitoring.",,,
THR-2026-0658,2026-08-11 11:30:18,Synthetic Credential Phishing Campaign,Data Exposure,URL,https://cloud-security.invalid/verify,Research Report,B,68,Critical,84,FALSE_POSITIVE,2026-07-19 11:30:18,2026-08-15 11:30:18,Germany,"Synthetic defensive cybersecurity observation related to data exposure. This record is for awareness, analysis, and defensive security monitoring.",Command and Control,Application Layer Protocol,
THR-2026-0659,2026-07-31 06:27:18,Synthetic Credential Phishing Campaign,Web Threat,Email/Sender Domain,alerts@account-verify.example.org,Security Vendor,A,98,High,79,NEW,2026-07-17 06:27:18,2026-08-05 06:27:18,United States,"Synthetic defensive cybersecurity observation related to web threat. This record is for awareness, analysis, and defensive security monitoring.",,,
THR-2026-0660,2026-07-28 14:35:18,Suspicious Web Activity,Data Exposure,URL,https://secure-login.example.org/verify,Community Submission,C,75,High,62,MONITORING,2026-07-03 14:35:18,2026-08-02 14:35:18,Global,"Synthetic defensive cybersecurity observation related to data exposure. This record is for awareness, analysis, and defensive security monitoring.",,,
THR-2026-0661,2026-06-04 14:57:18,Suspicious Malware Indicator,Ransomware,SHA-256,6491106f91de7361ff58ced5d516d2ba9a6ba1d2b05655658dedadc462dfa890,Research Report,B,81,Medium,60,FALSE_POSITIVE,2026-05-18 14:57:18,2026-06-05 14:57:18,Singapore,"Synthetic defensive cybersecurity observation related to ransomware. This record is for awareness, analysis, and defensive security monitoring.",,,
THR-2026-0662,2026-09-03 04:11:18,Credential Theft Observation,Network Threat,IP,192.0.2.168,Community Submission,C,58,High,62,NEW,2026-08-29 04:11:18,2026-09-04 04:11:18,United States,"Synthetic defensive cybersecurity observation related to network threat. This record is for awareness, analysis, and defensive security monitoring.",Command and Control,Network Service Scanning,
THR-2026-0663,2026-08-01 11:08:18,Account Security Event,Social Engineering,Email/Sender Domain,alerts@security-alert.example.org,Community Submission,C,95,High,66,NEW,2026-07-05 11:08:18,2026-08-03 11:08:18,India,"Synthetic defensive cybersecurity observation related to social engineering. This record is for awareness, analysis, and defensive security monitoring.",Discovery,Credential Phishing,
THR-2026-0664,2026-09-16 15:24:18,Account Security Event,Malware,Email/Sender Domain,alerts@cloud-security.example.org,Security Vendor,A,51,Medium,52,MONITORING,2026-08-19 15:24:18,2026-09-18 15:24:18,Germany,"Synthetic defensive cybersecurity observation related to malware. This record is for awareness, analysis, and defensive security monitoring.",,,
THR-2026-0665,2026-09-24 01:52:18,Credential Theft Observation,Network Threat,SHA-256,1a56457420ff0d3f2b3499905a2c820480bff98ef1f3e26474b182ebfcf46584,Internal SOC,A,62,High,70,FALSE_POSITIVE,2026-09-20 01:52:18,2026-09-28 01:52:18,Australia,"Synthetic defensive cybersecurity observation related to network threat. This record is for awareness, analysis, and defensive security monitoring.",,,
THR-2026-0666,2026-06-29 15:46:18,Account Security Event,Data Exposure,Email/Sender Domain,alerts@identity-check.example.net,Security Vendor,A,52,High,63,FALSE_POSITIVE,2026-05-30 15:46:18,2026-06-29 15:46:18,Australia,"Synthetic defensive cybersecurity observation related to data exposure. This record is for awareness, analysis, and defensive security monitoring.",Initial Access,Data from Information Repositories,
THR-2026-0667,2026-08-16 17:33:18,Network Threat Observation,Data Exposure,IP,192.0.2.117,Public Threat Feed,B,92,High,75,MONITORING,2026-07-18 17:33:18,2026-08-17 17:33:18,Australia,"Synthetic defensive cybersecurity observation related to data exposure. This record is for awareness, analysis, and defensive security monitoring.",,,
THR-2026-0668,2026-05-29 08:53:18,Vulnerability Exposure,Malware,CVE,CVE-2022-38312,Research Report,B,77,High,62,UNDER_REVIEW,2026-05-18 08:53:18,2026-06-03 08:53:18,Singapore,"Synthetic defensive cybersecurity observation related to malware. This record is for awareness, analysis, and defensive security monitoring.",Execution,Data from Information Repositories,CVE-2024-52531
THR-2026-0669,2026-07-10 01:44:18,Social Engineering Attempt,Vulnerability Exposure,CVE,CVE-2026-58766,Research Report,B,42,High,65,UNDER_REVIEW,2026-07-08 01:44:18,2026-07-13 01:44:18,United States,"Synthetic defensive cybersecurity observation related to vulnerability exposure. This record is for awareness, analysis, and defensive security monitoring.",Credential Access,Phishing,CVE-2022-38749
THR-2026-0670,2026-09-03 09:58:18,Suspicious Malware Indicator,Ransomware,IP,192.0.2.132,Unknown Source,D,95,High,71,FALSE_POSITIVE,2026-08-21 09:58:18,2026-09-03 09:58:18,Germany,"Synthetic defensive cybersecurity observation related to ransomware. This record is for awareness, analysis, and defensive security monitoring.",,,
THR-2026-0671,2026-07-10 17:13:18,Social Engineering Attempt,Vulnerability Exposure,URL,https://update-service.example.net/verify,Unknown Source,D,96,Medium,56,CLOSED,2026-06-21 17:13:18,2026-07-10 17:13:18,United Kingdom,"Synthetic defensive cybersecurity observation related to vulnerability exposure. This record is for awareness, analysis, and defensive security monitoring.",,,CVE-2026-24262
THR-2026-0672,2026-09-14 06:54:18,Vulnerability Exposure,Social Engineering,CVE,CVE-2023-29743,Community Submission,C,48,Medium,60,UNDER_REVIEW,2026-09-14 06:54:18,2026-09-18 06:54:18,Singapore,"Synthetic defensive cybersecurity observation related to social engineering. This record is for awareness, analysis, and defensive security monitoring.",Command and Control,Network Service Scanning,CVE-2026-30722
THR-2026-0673,2026-05-23 17:19:18,Network Threat Observation,Web Threat,IP,192.0.2.245,Public Threat Feed,B,88,High,65,UNDER_REVIEW,2026-04-26 17:19:18,2026-05-26 17:19:18,India,"Synthetic defensive cybersecurity observation related to web threat. This record is for awareness, analysis, and defensive security monitoring.",Exfiltration,Application Layer Protocol,
THR-2026-0674,2026-07-09 02:41:18,Credential Theft Observation,Credential Threat,SHA-256,5c03b38799dc0fd46e0b50571f65ed3f310ac8e92f6f039df850bb5063336d0d,Public Threat Feed,B,98,High,80,MONITORING,2026-07-06 02:41:18,2026-07-11 02:41:18,United Kingdom,"Synthetic defensive cybersecurity observation related to credential threat. This record is for awareness, analysis, and defensive security monitoring.",Discovery,Data from Information Repositories,
THR-2026-0675,2026-08-23 11:13:18,Credential Theft Observation,Malware,Domain,login-check.example.net,Community Submission,C,43,High,61,NEW,2026-07-26 11:13:18,2026-08-23 11:13:18,United Kingdom,"Synthetic defensive cybersecurity observation related to malware. This record is for awareness, analysis, and defensive security monitoring.",Execution,User Execution,
THR-2026-0676,2026-04-08 08:23:18,Ransomware Activity Pattern,Account Security,SHA-256,9d58b03c0acaf7276a39c8be5d90f7d95cf99d5b2d0b01ef8a1a2bfbe36496fa,Research Report,B,91,High,69,NEW,2026-03-11 08:23:18,2026-04-11 08:23:18,United Kingdom,"Synthetic defensive cybersecurity observation related to account security. This record is for awareness, analysis, and defensive security monitoring.",Exfiltration,Phishing,
THR-2026-0677,2026-04-26 12:19:18,Suspicious Malware Indicator,Credential Threat,CVE,CVE-2026-53048,Unknown Source,D,45,Medium,49,FALSE_POSITIVE,2026-04-05 12:19:18,2026-04-26 12:19:18,United Kingdom,"Synthetic defensive cybersecurity observation related to credential threat. This record is for awareness, analysis, and defensive security monitoring.",Execution,Data from Information Repositories,CVE-2021-29401
THR-2026-0678,2026-08-30 17:27:18,Social Engineering Attempt,Data Exposure,CVE,CVE-2022-49074,Unknown Source,D,29,High,64,CLOSED,2026-08-03 17:27:18,2026-08-31 17:27:18,United Kingdom,"Synthetic defensive cybersecurity observation related to data exposure. This record is for awareness, analysis, and defensive security monitoring.",,,CVE-2024-10924
THR-2026-0679,2026-10-04 22:47:18,Ransomware Activity Pattern,Ransomware,Domain,login-check.example.net,Community Submission,C,36,High,69,MONITORING,2026-09-19 22:47:18,2026-10-08 22:47:18,Singapore,"Synthetic defensive cybersecurity observation related to ransomware. This record is for awareness, analysis, and defensive security monitoring.",,,
THR-2026-0680,2026-07-21 03:55:18,Account Security Event,Vulnerability Exposure,CVE,CVE-2023-36613,Research Report,B,69,High,71,CLOSED,2026-07-12 03:55:18,2026-07-26 03:55:18,United Kingdom,"Synthetic defensive cybersecurity observation related to vulnerability exposure. This record is for awareness, analysis, and defensive security monitoring.",Initial Access,Valid Accounts,CVE-2026-26703
THR-2026-0681,2026-09-06 06:22:18,Vulnerability Exposure,Malware,URL,https://identity-check.example.com/verify,Unknown Source,D,82,High,65,CLOSED,2026-08-07 06:22:18,2026-09-08 06:22:18,Global,"Synthetic defensive cybersecurity observation related to malware. This record is for awareness, analysis, and defensive security monitoring.",,,
THR-2026-0682,2026-08-10 22:48:18,Vulnerability Exposure,Social Engineering,Email/Sender Domain,alerts@update-service.example.net,Public Threat Feed,B,55,Medium,55,CLOSED,2026-07-24 22:48:18,2026-08-12 22:48:18,Germany,"Synthetic defensive cybersecurity observation related to social engineering. This record is for awareness, analysis, and defensive security monitoring.",Persistence,Phishing,
THR-2026-0683,2026-06-23 04:15:18,Suspicious Malware Indicator,Web Threat,SHA-256,0d7b3088f0d4537dacf570faaef34fee648d6611204ab930105f420e11909761,Community Submission,C,68,High,68,FALSE_POSITIVE,2026-05-26 04:15:18,2026-06-24 04:15:18,United Kingdom,"Synthetic defensive cybersecurity observation related to web threat. This record is for awareness, analysis, and defensive security monitoring.",,,
THR-2026-0684,2026-07-06 18:47:18,Potential Data Exposure,Ransomware,Email/Sender Domain,alerts@security-alert.example.com,Community Submission,C,27,Medium,60,FALSE_POSITIVE,2026-06-16 18:47:18,2026-07-06 18:47:18,Germany,"Synthetic defensive cybersecurity observation related to ransomware. This record is for awareness, analysis, and defensive security monitoring.",,,
THR-2026-0685,2026-08-03 11:49:18,Vulnerability Exposure,Credential Threat,URL,https://cloud-security.example.net/verify,Community Submission,C,72,High,71,NEW,2026-07-07 11:49:18,2026-08-03 11:49:18,United States,"Synthetic defensive cybersecurity observation related to credential threat. This record is for awareness, analysis, and defensive security monitoring.",,,
THR-2026-0686,2026-06-30 15:26:18,Suspicious Malware Indicator,Web Threat,URL,https://login-check.example.net/verify,Public Threat Feed,B,56,Medium,41,NEW,2026-06-26 15:26:18,2026-07-05 15:26:18,India,"Synthetic defensive cybersecurity observation related to web threat. This record is for awareness, analysis, and defensive security monitoring.",Command and Control,Data from Information Repositories,
THR-2026-0687,2026-08-16 15:57:18,Synthetic Credential Phishing Campaign,Data Exposure,Email/Sender Domain,alerts@account-verify.example.org,Research Report,B,37,High,76,CLOSED,2026-08-07 15:57:18,2026-08-18 15:57:18,United States,"Synthetic defensive cybersecurity observation related to data exposure. This record is for awareness, analysis, and defensive security monitoring.",Initial Access,User Execution,
THR-2026-0688,2026-07-25 20:33:18,Vulnerability Exposure,Account Security,SHA-256,5e9c47266287f27c96826b093a3c58a973048c4a67106edf6a9de7bb0bb523d3,Community Submission,C,79,High,62,CLOSED,2026-06-26 20:33:18,2026-07-30 20:33:18,Australia,"Synthetic defensive cybersecurity observation related to account security. This record is for awareness, analysis, and defensive security monitoring.",Credential Access,User Execution,
THR-2026-0689,2026-06-13 00:21:18,Suspicious Malware Indicator,Data Exposure,CVE,CVE-2021-37758,Unknown Source,D,53,Medium,46,UNDER_REVIEW,2026-05-26 00:21:18,2026-06-13 00:21:18,United States,"Synthetic defensive cybersecurity observation related to data exposure. This record is for awareness, analysis, and defensive security monitoring.",Exfiltration,Credential Phishing,CVE-2022-54063
THR-2026-0690,2026-08-07 10:02:18,Network Threat Observation,Account Security,Domain,cloud-security.example.com,Research Report,B,76,High,63,NEW,2026-07-23 10:02:18,2026-08-09 10:02:18,United Kingdom,"Synthetic defensive cybersecurity observation related to account security. This record is for awareness, analysis, and defensive security monitoring.",Command and Control,Network Service Scanning,
THR-2026-0691,2026-06-01 18:20:18,Social Engineering Attempt,Account Security,SHA-256,b737b2bd7e6ce4aa3f1395ca9c5e147cfecf326f13ce5e9e3ad51968322fbcd6,Security Vendor,A,59,High,78,FALSE_POSITIVE,2026-05-22 18:20:18,2026-06-06 18:20:18,Global,"Synthetic defensive cybersecurity observation related to account security. This record is for awareness, analysis, and defensive security monitoring.",Command and Control,Application Layer Protocol,
THR-2026-0692,2026-08-24 19:04:18,Suspicious Malware Indicator,Malware,IP,192.0.2.227,Security Vendor,A,34,Medium,48,CLOSED,2026-08-21 19:04:18,2026-08-25 19:04:18,Germany,"Synthetic defensive cybersecurity observation related to malware. This record is for awareness, analysis, and defensive security monitoring.",Execution,Application Layer Protocol,
THR-2026-0693,2026-09-04 22:33:18,Account Security Event,Data Exposure,SHA-256,46ffa112ea349829308ac149b0cf22e72aff48380b7c952ad1f55a019a6129ac,Public Threat Feed,B,95,Medium,58,FALSE_POSITIVE,2026-08-12 22:33:18,2026-09-09 22:33:18,Australia,"Synthetic defensive cybersecurity observation related to data exposure. This record is for awareness, analysis, and defensive security monitoring.",Execution,Valid Accounts,
THR-2026-0694,2026-06-09 04:52:18,Ransomware Activity Pattern,Web Threat,Email/Sender Domain,alerts@security-alert.example.net,Unknown Source,D,72,High,75,NEW,2026-05-30 04:52:18,2026-06-14 04:52:18,United Kingdom,"Synthetic defensive cybersecurity observation related to web threat. This record is for awareness, analysis, and defensive security monitoring.",Credential Access,Valid Accounts,
THR-2026-0695,2026-05-20 21:30:18,Ransomware Activity Pattern,Ransomware,SHA-256,e22f65653c4ad0b6f439eda6df893e376ef1ea3e920bcbd1d927c301cf698c20,Community Submission,C,25,Low,35,MONITORING,2026-05-17 21:30:18,2026-05-20 21:30:18,Australia,"Synthetic defensive cybersecurity observation related to ransomware. This record is for awareness, analysis, and defensive security monitoring.",Discovery,Valid Accounts,
THR-2026-0696,2026-05-08 12:32:18,Credential Theft Observation,Network Threat,CVE,CVE-2021-39839,Research Report,B,49,Medium,46,UNDER_REVIEW,2026-04-27 12:32:18,2026-05-12 12:32:18,India,"Synthetic defensive cybersecurity observation related to network threat. This record is for awareness, analysis, and defensive security monitoring.",Command and Control,Valid Accounts,CVE-2025-36456
THR-2026-0697,2026-07-12 17:02:18,Account Security Event,Web Threat,Domain,identity-check.example.net,Community Submission,C,38,Medium,55,UNDER_REVIEW,2026-06-15 17:02:18,2026-07-16 17:02:18,United States,"Synthetic defensive cybersecurity observation related to web threat. This record is for awareness, analysis, and defensive security monitoring.",Initial Access,Data from Information Repositories,
THR-2026-0698,2026-07-15 08:54:18,Vulnerability Exposure,Credential Threat,Domain,identity-check.example.net,Community Submission,C,43,Low,39,MONITORING,2026-07-14 08:54:18,2026-07-16 08:54:18,United Kingdom,"Synthetic defensive cybersecurity observation related to credential threat. This record is for awareness, analysis, and defensive security monitoring.",Discovery,Data from Information Repositories,
THR-2026-0699,2026-07-07 01:58:18,Account Security Event,Malware,Domain,cloud-security.example.com,Community Submission,C,73,High,78,UNDER_REVIEW,2026-06-21 01:58:18,2026-07-09 01:58:18,Australia,"Synthetic defensive cybersecurity observation related to malware. This record is for awareness, analysis, and defensive security monitoring.",,,
THR-2026-0700,2026-04-13 08:16:18,Network Threat Observation,Web Threat,CVE,CVE-2024-51511,Unknown Source,D,80,Medium,59,MONITORING,2026-03-16 08:16:18,2026-04-16 08:16:18,Australia,"Synthetic defensive cybersecurity observation related to web threat. This record is for awareness, analysis, and defensive security monitoring.",Credential Access,Valid Accounts,CVE-2021-57763
THR-2026-0701,2026-08-15 21:28:18,Network Threat Observation,Account Security,Email/Sender Domain,alerts@login-check.example.org,Internal SOC,A,49,High,64,MONITORING,2026-07-30 21:28:18,2026-08-16 21:28:18,Singapore,"Synthetic defensive cybersecurity observation related to account security. This record is for awareness, analysis, and defensive security monitoring.",Initial Access,Network Service Scanning,
THR-2026-0702,2026-07-26 15:48:18,Account Security Event,Web Threat,IP,203.0.113.117,Unknown Source,D,86,High,70,CLOSED,2026-07-08 15:48:18,2026-07-26 15:48:18,United States,"Synthetic defensive cybersecurity observation related to web threat. This record is for awareness, analysis, and defensive security monitoring.",Credential Access,Application Layer Protocol,
THR-2026-0703,2026-09-02 09:25:18,Synthetic Credential Phishing Campaign,Data Exposure,IP,198.51.100.25,Internal SOC,A,28,Low,38,FALSE_POSITIVE,2026-08-07 09:25:18,2026-09-02 09:25:18,United Kingdom,"Synthetic defensive cybersecurity observation related to data exposure. This record is for awareness, analysis, and defensive security monitoring.",Exfiltration,Valid Accounts,
THR-2026-0704,2026-07-03 19:51:18,Synthetic Credential Phishing Campaign,Account Security,CVE,CVE-2021-13644,Research Report,B,65,Medium,57,FALSE_POSITIVE,2026-06-03 19:51:18,2026-07-08 19:51:18,United States,"Synthetic defensive cybersecurity observation related to account security. This record is for awareness, analysis, and defensive security monitoring.",Command and Control,User Execution,CVE-2026-44885
THR-2026-0705,2026-06-23 06:11:18,Network Threat Observation,Malware,Domain,login-check.example.org,Public Threat Feed,B,60,High,63,CLOSED,2026-05-31 06:11:18,2026-06-23 06:11:18,Singapore,"Synthetic defensive cybersecurity observation related to malware. This record is for awareness, analysis, and defensive security monitoring.",Exfiltration,Application Layer Protocol,
THR-2026-0706,2026-08-19 01:14:18,Credential Theft Observation,Malware,Email/Sender Domain,alerts@identity-check.example.org,Security Vendor,A,36,Medium,56,CLOSED,2026-07-30 01:14:18,2026-08-19 01:14:18,India,"Synthetic defensive cybersecurity observation related to malware. This record is for awareness, analysis, and defensive security monitoring.",Command and Control,Valid Accounts,
THR-2026-0707,2026-06-29 13:33:18,Credential Theft Observation,Web Threat,CVE,CVE-2023-58905,Security Vendor,A,49,Medium,60,UNDER_REVIEW,2026-06-24 13:33:18,2026-07-01 13:33:18,United States,"Synthetic defensive cybersecurity observation related to web threat. This record is for awareness, analysis, and defensive security monitoring.",Persistence,User Execution,CVE-2024-15808
THR-2026-0708,2026-06-11 15:08:18,Account Security Event,Social Engineering,URL,https://update-service.example.com/verify,Internal SOC,A,70,Medium,58,FALSE_POSITIVE,2026-05-16 15:08:18,2026-06-12 15:08:18,Singapore,"Synthetic defensive cybersecurity observation related to social engineering. This record is for awareness, analysis, and defensive security monitoring.",Execution,Application Layer Protocol,
THR-2026-0709,2026-05-16 12:01:18,Social Engineering Attempt,Vulnerability Exposure,URL,https://account-verify.invalid/verify,Community Submission,C,61,High,69,NEW,2026-05-08 12:01:18,2026-05-16 12:01:18,Singapore,"Synthetic defensive cybersecurity observation related to vulnerability exposure. This record is for awareness, analysis, and defensive security monitoring.",Command and Control,Application Layer Protocol,CVE-2023-15303
THR-2026-0710,2026-09-27 01:07:18,Synthetic Credential Phishing Campaign,Ransomware,SHA-256,9d4cc99ca3c9a84daefd4511fc5018bdd25bc74719601bb2d6a098fe77653bbc,Public Threat Feed,B,66,Medium,59,CLOSED,2026-09-24 01:07:18,2026-10-02 01:07:18,Germany,"Synthetic defensive cybersecurity observation related to ransomware. This record is for awareness, analysis, and defensive security monitoring.",Persistence,User Execution,
THR-2026-0711,2026-09-29 21:00:18,Vulnerability Exposure,Malware,Domain,identity-check.example.net,Community Submission,C,64,High,72,CLOSED,2026-09-10 21:00:18,2026-10-02 21:00:18,Global,"Synthetic defensive cybersecurity observation related to malware. This record is for awareness, analysis, and defensive security monitoring.",Execution,User Execution,
THR-2026-0712,2026-05-29 08:25:18,Synthetic Credential Phishing Campaign,Network Threat,Email/Sender Domain,alerts@security-alert.example.com,Community Submission,C,76,Medium,60,MONITORING,2026-05-16 08:25:18,2026-05-31 08:25:18,Singapore,"Synthetic defensive cybersecurity observation related to network threat. This record is for awareness, analysis, and defensive security monitoring.",Command and Control,Network Service Scanning,
THR-2026-0713,2026-09-12 02:01:18,Ransomware Activity Pattern,Credential Threat,Email/Sender Domain,alerts@update-service.invalid,Public Threat Feed,B,41,High,63,UNDER_REVIEW,2026-08-19 02:01:18,2026-09-13 02:01:18,United States,"Synthetic defensive cybersecurity observation related to credential threat. This record is for awareness, analysis, and defensive security monitoring.",Execution,User Execution,
THR-2026-0714,2026-08-26 14:16:18,Network Threat Observation,Web Threat,IP,192.0.2.121,Internal SOC,A,51,Medium,47,FALSE_POSITIVE,2026-07-30 14:16:18,2026-08-28 14:16:18,Australia,"Synthetic defensive cybersecurity observation related to web threat. This record is for awareness, analysis, and defensive security monitoring.",Credential Access,Application Layer Protocol,
THR-2026-0715,2026-06-28 07:31:18,Suspicious Web Activity,Credential Threat,SHA-256,d92aad3896780f9187bee404a1753317caf68eda09e112429889918c471e7f6f,Research Report,B,84,High,73,CLOSED,2026-06-04 07:31:18,2026-06-29 07:31:18,Singapore,"Synthetic defensive cybersecurity observation related to credential threat. This record is for awareness, analysis, and defensive security monitoring.",Credential Access,Network Service Scanning,
THR-2026-0716,2026-07-03 00:30:18,Vulnerability Exposure,Malware,URL,https://login-check.example.com/verify,Community Submission,C,28,Medium,50,UNDER_REVIEW,2026-06-17 00:30:18,2026-07-03 00:30:18,Germany,"Synthetic defensive cybersecurity observation related to malware. This record is for awareness, analysis, and defensive security monitoring.",Execution,Phishing,
THR-2026-0717,2026-07-25 02:27:18,Vulnerability Exposure,Credential Threat,URL,https://security-alert.example.com/verify,Internal SOC,A,68,Medium,56,CLOSED,2026-07-04 02:27:18,2026-07-28 02:27:18,Australia,"Synthetic defensive cybersecurity observation related to credential threat. This record is for awareness, analysis, and defensive security monitoring.",Discovery,Data from Information Repositories,
THR-2026-0718,2026-10-02 06:31:18,Social Engineering Attempt,Malware,SHA-256,ab3b6c1c0b11d766442f2d45023456bea29ad05a51bba4dfe2d86dd84061d718,Community Submission,C,69,High,71,CLOSED,2026-09-28 06:31:18,2026-10-06 06:31:18,Australia,"Synthetic defensive cybersecurity observation related to malware. This record is for awareness, analysis, and defensive security monitoring.",Command and Control,Credential Phishing,
THR-2026-0719,2026-05-30 00:02:18,Ransomware Activity Pattern,Vulnerability Exposure,IP,198.51.100.137,Public Threat Feed,B,58,High,61,CLOSED,2026-05-15 00:02:18,2026-06-04 00:02:18,Global,"Synthetic defensive cybersecurity observation related to vulnerability exposure. This record is for awareness, analysis, and defensive security monitoring.",Command and Control,Phishing,CVE-2023-8318
THR-2026-0720,2026-06-10 22:48:18,Social Engineering Attempt,Ransomware,IP,198.51.100.94,Internal SOC,A,58,High,65,NEW,2026-05-27 22:48:18,2026-06-12 22:48:18,Singapore,"Synthetic defensive cybersecurity observation related to ransomware. This record is for awareness, analysis, and defensive security monitoring.",,,
THR-2026-0721,2026-08-21 02:29:18,Synthetic Credential Phishing Campaign,Network Threat,URL,https://secure-login.invalid/verify,Research Report,B,62,Medium,59,MONITORING,2026-08-08 02:29:18,2026-08-21 02:29:18,Australia,"Synthetic defensive cybersecurity observation related to network threat. This record is for awareness, analysis, and defensive security monitoring.",Initial Access,Network Service Scanning,
THR-2026-0722,2026-04-25 20:24:18,Credential Theft Observation,Vulnerability Exposure,Domain,cloud-security.example.net,Public Threat Feed,B,93,Medium,54,NEW,2026-03-28 20:24:18,2026-04-27 20:24:18,India,"Synthetic defensive cybersecurity observation related to vulnerability exposure. This record is for awareness, analysis, and defensive security monitoring.",Persistence,User Execution,CVE-2026-41451
THR-2026-0723,2026-07-10 15:04:18,Suspicious Web Activity,Phishing,Domain,identity-check.invalid,Research Report,B,37,High,61,CLOSED,2026-07-01 15:04:18,2026-07-13 15:04:18,India,"Synthetic defensive cybersecurity observation related to phishing. This record is for awareness, analysis, and defensive security monitoring.",,,
THR-2026-0724,2026-04-11 10:28:18,Vulnerability Exposure,Credential Threat,Email/Sender Domain,alerts@account-verify.example.com,Security Vendor,A,63,High,64,MONITORING,2026-03-24 10:28:18,2026-04-14 10:28:18,Singapore,"Synthetic defensive cybersecurity observation related to credential threat. This record is for awareness, analysis, and defensive security monitoring.",Command and Control,Phishing,
THR-2026-0725,2026-09-30 22:09:18,Network Threat Observation,Account Security,SHA-256,46bff04487d34639f2b5919b378689cb4d671f021995bb481a67ad51decf3bfd,Public Threat Feed,B,61,High,66,UNDER_REVIEW,2026-09-26 22:09:18,2026-10-02 22:09:18,United States,"Synthetic defensive cybersecurity observation related to account security. This record is for awareness, analysis, and defensive security monitoring.",Initial Access,Application Layer Protocol,
THR-2026-0726,2026-05-07 22:11:18,Potential Data Exposure,Network Threat,Domain,login-check.example.org,Community Submission,C,61,High,62,MONITORING,2026-04-18 22:11:18,2026-05-09 22:11:18,United Kingdom,"Synthetic defensive cybersecurity observation related to network threat. This record is for awareness, analysis, and defensive security monitoring.",Persistence,Data from Information Repositories,
THR-2026-0727,2026-04-15 23:35:18,Suspicious Malware Indicator,Social Engineering,Domain,identity-check.example.net,Unknown Source,D,88,High,66,FALSE_POSITIVE,2026-04-03 23:35:18,2026-04-15 23:35:18,United Kingdom,"Synthetic defensive cybersecurity observation related to social engineering. This record is for awareness, analysis, and defensive security monitoring.",Initial Access,Valid Accounts,
THR-2026-0728,2026-04-28 17:41:18,Synthetic Credential Phishing Campaign,Data Exposure,URL,https://cloud-security.example.org/verify,Community Submission,C,65,Medium,57,FALSE_POSITIVE,2026-04-09 17:41:18,2026-04-30 17:41:18,Australia,"Synthetic defensive cybersecurity observation related to data exposure. This record is for awareness, analysis, and defensive security monitoring.",Credential Access,Valid Accounts,
THR-2026-0729,2026-09-06 17:33:18,Network Threat Observation,Vulnerability Exposure,Email/Sender Domain,alerts@cloud-security.example.com,Unknown Source,D,40,Medium,41,CLOSED,2026-09-01 17:33:18,2026-09-07 17:33:18,Singapore,"Synthetic defensive cybersecurity observation related to vulnerability exposure. This record is for awareness, analysis, and defensive security monitoring.",Persistence,User Execution,CVE-2025-27772
THR-2026-0730,2026-08-08 23:20:18,Ransomware Activity Pattern,Network Threat,CVE,CVE-2024-19901,Public Threat Feed,B,65,Medium,58,NEW,2026-07-15 23:20:18,2026-08-11 23:20:18,Singapore,"Synthetic defensive cybersecurity observation related to network threat. This record is for awareness, analysis, and defensive security monitoring.",Exfiltration,User Execution,CVE-2024-11287
THR-2026-0731,2026-06-19 22:39:18,Potential Data Exposure,Social Engineering,CVE,CVE-2021-40293,Community Submission,C,37,Medium,51,FALSE_POSITIVE,2026-05-30 22:39:18,2026-06-19 22:39:18,Australia,"Synthetic defensive cybersecurity observation related to social engineering. This record is for awareness, analysis, and defensive security monitoring.",,,CVE-2025-41627
THR-2026-0732,2026-04-13 09:28:18,Potential Data Exposure,Vulnerability Exposure,IP,203.0.113.222,Community Submission,C,56,High,62,UNDER_REVIEW,2026-04-13 09:28:18,2026-04-18 09:28:18,Global,"Synthetic defensive cybersecurity observation related to vulnerability exposure. This record is for awareness, analysis, and defensive security monitoring.",Execution,Credential Phishing,CVE-2026-26515
THR-2026-0733,2026-07-22 08:54:18,Account Security Event,Network Threat,CVE,CVE-2024-16852,Community Submission,C,47,High,65,UNDER_REVIEW,2026-07-22 08:54:18,2026-07-23 08:54:18,Germany,"Synthetic defensive cybersecurity observation related to network threat. This record is for awareness, analysis, and defensive security monitoring.",Discovery,Application Layer Protocol,CVE-2022-45805
THR-2026-0734,2026-10-03 12:49:18,Social Engineering Attempt,Malware,Email/Sender Domain,alerts@cloud-security.example.net,Research Report,B,45,High,61,NEW,2026-09-12 12:49:18,2026-10-08 12:49:18,Global,"Synthetic defensive cybersecurity observation related to malware. This record is for awareness, analysis, and defensive security monitoring.",Credential Access,User Execution,
THR-2026-0735,2026-09-20 02:00:18,Potential Data Exposure,Data Exposure,IP,203.0.113.167,Internal SOC,A,93,High,76,CLOSED,2026-09-08 02:00:18,2026-09-25 02:00:18,Germany,"Synthetic defensive cybersecurity observation related to data exposure. This record is for awareness, analysis, and defensive security monitoring.",Exfiltration,Phishing,
THR-2026-0736,2026-04-20 01:42:18,Suspicious Malware Indicator,Malware,Domain,account-verify.invalid,Research Report,B,39,High,63,CLOSED,2026-03-22 01:42:18,2026-04-21 01:42:18,Australia,"Synthetic defensive cybersecurity observation related to malware. This record is for awareness, analysis, and defensive security monitoring.",,,
THR-2026-0737,2026-04-09 03:15:18,Ransomware Activity Pattern,Social Engineering,Domain,secure-login.example.org,Internal SOC,A,68,High,70,NEW,2026-04-01 03:15:18,2026-04-13 03:15:18,United States,"Synthetic defensive cybersecurity observation related to social engineering. This record is for awareness, analysis, and defensive security monitoring.",Persistence,Network Service Scanning,
THR-2026-0738,2026-04-16 02:42:18,Vulnerability Exposure,Network Threat,CVE,CVE-2023-42730,Security Vendor,A,45,Medium,58,UNDER_REVIEW,2026-03-24 02:42:18,2026-04-21 02:42:18,India,"Synthetic defensive cybersecurity observation related to network threat. This record is for awareness, analysis, and defensive security monitoring.",,,CVE-2023-57305
THR-2026-0739,2026-05-25 23:21:18,Account Security Event,Credential Threat,Email/Sender Domain,alerts@cloud-security.example.org,Public Threat Feed,B,26,Medium,54,FALSE_POSITIVE,2026-05-06 23:21:18,2026-05-26 23:21:18,United Kingdom,"Synthetic defensive cybersecurity observation related to credential threat. This record is for awareness, analysis, and defensive security monitoring.",Credential Access,Data from Information Repositories,
THR-2026-0740,2026-10-01 14:47:18,Account Security Event,Social Engineering,CVE,CVE-2026-52725,Public Threat Feed,B,92,Medium,59,NEW,2026-09-21 14:47:18,2026-10-02 14:47:18,Australia,"Synthetic defensive cybersecurity observation related to social engineering. This record is for awareness, analysis, and defensive security monitoring.",,,CVE-2022-19239
THR-2026-0741,2026-08-07 12:39:18,Suspicious Malware Indicator,Credential Threat,URL,https://account-verify.invalid/verify,Internal SOC,A,97,High,74,MONITORING,2026-07-27 12:39:18,2026-08-12 12:39:18,Singapore,"Synthetic defensive cybersecurity observation related to credential threat. This record is for awareness, analysis, and defensive security monitoring.",Discovery,Data from Information Repositories,
THR-2026-0742,2026-08-04 03:00:18,Credential Theft Observation,Data Exposure,IP,192.0.2.177,Unknown Source,D,32,High,68,CLOSED,2026-07-12 03:00:18,2026-08-05 03:00:18,United States,"Synthetic defensive cybersecurity observation related to data exposure. This record is for awareness, analysis, and defensive security monitoring.",Initial Access,Network Service Scanning,
THR-2026-0743,2026-05-25 02:48:18,Account Security Event,Web Threat,Email/Sender Domain,alerts@update-service.example.net,Security Vendor,A,49,Medium,56,NEW,2026-05-19 02:48:18,2026-05-26 02:48:18,Singapore,"Synthetic defensive cybersecurity observation related to web threat. This record is for awareness, analysis, and defensive security monitoring.",Exfiltration,Phishing,
THR-2026-0744,2026-08-16 08:17:18,Account Security Event,Network Threat,CVE,CVE-2024-57435,Community Submission,C,86,Medium,56,NEW,2026-07-29 08:17:18,2026-08-17 08:17:18,Australia,"Synthetic defensive cybersecurity observation related to network threat. This record is for awareness, analysis, and defensive security monitoring.",Credential Access,Data from Information Repositories,CVE-2025-1629
THR-2026-0745,2026-05-05 03:20:18,Potential Data Exposure,Credential Threat,Email/Sender Domain,alerts@account-verify.example.org,Public Threat Feed,B,83,High,70,MONITORING,2026-04-15 03:20:18,2026-05-06 03:20:18,Global,"Synthetic defensive cybersecurity observation related to credential threat. This record is for awareness, analysis, and defensive security monitoring.",Discovery,Valid Accounts,
THR-2026-0746,2026-08-19 20:51:18,Ransomware Activity Pattern,Network Threat,URL,https://login-check.example.net/verify,Research Report,B,89,High,74,MONITORING,2026-08-09 20:51:18,2026-08-23 20:51:18,India,"Synthetic defensive cybersecurity observation related to network threat. This record is for awareness, analysis, and defensive security monitoring.",Exfiltration,Credential Phishing,
THR-2026-0747,2026-08-12 02:19:18,Account Security Event,Network Threat,CVE,CVE-2022-38421,Community Submission,C,48,Medium,59,UNDER_REVIEW,2026-08-03 02:19:18,2026-08-14 02:19:18,United Kingdom,"Synthetic defensive cybersecurity observation related to network threat. This record is for awareness, analysis, and defensive security monitoring.",Execution,Valid Accounts,CVE-2026-20664
THR-2026-0748,2026-06-20 12:34:18,Ransomware Activity Pattern,Vulnerability Exposure,Domain,account-verify.example.org,Research Report,B,45,High,74,MONITORING,2026-06-13 12:34:18,2026-06-22 12:34:18,Global,"Synthetic defensive cybersecurity observation related to vulnerability exposure. This record is for awareness, analysis, and defensive security monitoring.",Command and Control,User Execution,CVE-2023-25300
THR-2026-0749,2026-09-20 22:29:18,Synthetic Credential Phishing Campaign,Social Engineering,URL,https://cloud-security.example.com/verify,Research Report,B,75,High,65,UNDER_REVIEW,2026-08-31 22:29:18,2026-09-21 22:29:18,Australia,"Synthetic defensive cybersecurity observation related to social engineering. This record is for awareness, analysis, and defensive security monitoring.",Command and Control,User Execution,
THR-2026-0750,2026-05-14 12:39:18,Suspicious Web Activity,Web Threat,URL,https://login-check.invalid/verify,Community Submission,C,79,Medium,58,UNDER_REVIEW,2026-04-19 12:39:18,2026-05-15 12:39:18,United States,"Synthetic defensive cybersecurity observation related to web threat. This record is for awareness, analysis, and defensive security monitoring.",Persistence,Application Layer Protocol,
THR-2026-0751,2026-08-03 03:13:18,Suspicious Web Activity,Social Engineering,CVE,CVE-2025-25212,Internal SOC,A,30,High,67,CLOSED,2026-07-16 03:13:18,2026-08-06 03:13:18,United Kingdom,"Synthetic defensive cybersecurity observation related to social engineering. This record is for awareness, analysis, and defensive security monitoring.",,,CVE-2026-23458
THR-2026-0752,2026-08-27 17:32:18,Credential Theft Observation,Malware,SHA-256,48333e7119e55e6fd23b8000a1014bcb1af56737b41d12f89cfc15383f939eee,Community Submission,C,34,Medium,45,FALSE_POSITIVE,2026-08-09 17:32:18,2026-08-28 17:32:18,Singapore,"Synthetic defensive cybersecurity observation related to malware. This record is for awareness, analysis, and defensive security monitoring.",,,
THR-2026-0753,2026-04-08 13:04:18,Credential Theft Observation,Web Threat,Email/Sender Domain,alerts@security-alert.example.org,Research Report,B,62,Medium,60,CLOSED,2026-03-29 13:04:18,2026-04-10 13:04:18,United States,"Synthetic defensive cybersecurity observation related to web threat. This record is for awareness, analysis, and defensive security monitoring.",Credential Access,User Execution,
THR-2026-0754,2026-08-31 08:10:18,Synthetic Credential Phishing Campaign,Network Threat,Domain,cloud-security.invalid,Research Report,B,58,High,66,FALSE_POSITIVE,2026-08-18 08:10:18,2026-09-03 08:10:18,United Kingdom,"Synthetic defensive cybersecurity observation related to network threat. This record is for awareness, analysis, and defensive security monitoring.",Initial Access,Network Service Scanning,
THR-2026-0755,2026-05-11 01:11:18,Suspicious Malware Indicator,Vulnerability Exposure,IP,203.0.113.41,Internal SOC,A,66,High,80,FALSE_POSITIVE,2026-05-09 01:11:18,2026-05-16 01:11:18,Global,"Synthetic defensive cybersecurity observation related to vulnerability exposure. This record is for awareness, analysis, and defensive security monitoring.",Exfiltration,Phishing,CVE-2025-52156
THR-2026-0756,2026-07-26 21:23:18,Suspicious Malware Indicator,Account Security,SHA-256,e1d36b05a5fb7371d65299afb9b9f92b6f4e69d42f22f045e4b60f1b45048d90,Security Vendor,A,49,High,67,FALSE_POSITIVE,2026-06-28 21:23:18,2026-07-31 21:23:18,United Kingdom,"Synthetic defensive cybersecurity observation related to account security. This record is for awareness, analysis, and defensive security monitoring.",Credential Access,Network Service Scanning,
THR-2026-0757,2026-10-01 11:37:18,Network Threat Observation,Vulnerability Exposure,IP,203.0.113.118,Security Vendor,A,62,High,63,UNDER_REVIEW,2026-09-21 11:37:18,2026-10-04 11:37:18,Global,"Synthetic defensive cybersecurity observation related to vulnerability exposure. This record is for awareness, analysis, and defensive security monitoring.",Exfiltration,Network Service Scanning,CVE-2022-39297
THR-2026-0758,2026-08-20 08:50:18,Suspicious Malware Indicator,Network Threat,CVE,CVE-2023-58052,Internal SOC,A,44,High,62,MONITORING,2026-08-03 08:50:18,2026-08-24 08:50:18,United States,"Synthetic defensive cybersecurity observation related to network threat. This record is for awareness, analysis, and defensive security monitoring.",Command and Control,Valid Accounts,CVE-2025-23840
THR-2026-0759,2026-09-29 06:55:18,Vulnerability Exposure,Credential Threat,URL,https://login-check.example.net/verify,Internal SOC,A,59,Medium,50,UNDER_REVIEW,2026-09-01 06:55:18,2026-10-02 06:55:18,Germany,"Synthetic defensive cybersecurity observation related to credential threat. This record is for awareness, analysis, and defensive security monitoring.",Initial Access,Credential Phishing,
THR-2026-0760,2026-05-28 17:05:18,Suspicious Malware Indicator,Social Engineering,SHA-256,7bcff9f72afeb8884d26b77da9c4dfa443b8f95791faacdd5c6da5d6fb206a68,Security Vendor,A,73,Medium,50,FALSE_POSITIVE,2026-05-12 17:05:18,2026-05-28 17:05:18,United Kingdom,"Synthetic defensive cybersecurity observation related to social engineering. This record is for awareness, analysis, and defensive security monitoring.",Command and Control,User Execution,
THR-2026-0761,2026-07-31 19:44:18,Suspicious Malware Indicator,Vulnerability Exposure,Domain,account-verify.example.org,Internal SOC,A,36,Medium,60,MONITORING,2026-07-01 19:44:18,2026-08-03 19:44:18,Global,"Synthetic defensive cybersecurity observation related to vulnerability exposure. This record is for awareness, analysis, and defensive security monitoring.",,,CVE-2024-27234
THR-2026-0762,2026-06-07 11:34:18,Credential Theft Observation,Malware,SHA-256,0558db44c20b45090c8d7c236eb3632627e7bdee88d7e47625614bb355a01662,Public Threat Feed,B,63,High,70,FALSE_POSITIVE,2026-05-15 11:34:18,2026-06-12 11:34:18,India,"Synthetic defensive cybersecurity observation related to malware. This record is for awareness, analysis, and defensive security monitoring.",,,
THR-2026-0763,2026-08-12 12:09:18,Ransomware Activity Pattern,Ransomware,Email/Sender Domain,alerts@update-service.example.com,Community Submission,C,85,Medium,58,UNDER_REVIEW,2026-08-03 12:09:18,2026-08-14 12:09:18,Singapore,"Synthetic defensive cybersecurity observation related to ransomware. This record is for awareness, analysis, and defensive security monitoring.",Execution,Application Layer Protocol,
THR-2026-0764,2026-08-14 02:26:18,Synthetic Credential Phishing Campaign,Ransomware,URL,https://cloud-security.invalid/verify,Public Threat Feed,B,39,High,68,MONITORING,2026-07-25 02:26:18,2026-08-16 02:26:18,India,"Synthetic defensive cybersecurity observation related to ransomware. This record is for awareness, analysis, and defensive security monitoring.",Credential Access,Phishing,
THR-2026-0765,2026-08-23 06:45:18,Suspicious Malware Indicator,Ransomware,SHA-256,7efcdd7d7be4d625232b0816557200262c98106b62df6590e1ed683ff7a8aa10,Security Vendor,A,73,High,61,CLOSED,2026-08-23 06:45:18,2026-08-25 06:45:18,Germany,"Synthetic defensive cybersecurity observation related to ransomware. This record is for awareness, analysis, and defensive security monitoring.",,,
THR-2026-0766,2026-09-03 01:09:18,Social Engineering Attempt,Vulnerability Exposure,Email/Sender Domain,alerts@identity-check.example.com,Community Submission,C,25,Medium,50,UNDER_REVIEW,2026-08-17 01:09:18,2026-09-05 01:09:18,United States,"Synthetic defensive cybersecurity observation related to vulnerability exposure. This record is for awareness, analysis, and defensive security monitoring.",Discovery,Valid Accounts,CVE-2021-32312
THR-2026-0767,2026-09-09 04:37:18,Network Threat Observation,Ransomware,Domain,identity-check.example.net,Unknown Source,D,37,High,67,FALSE_POSITIVE,2026-09-01 04:37:18,2026-09-10 04:37:18,Singapore,"Synthetic defensive cybersecurity observation related to ransomware. This record is for awareness, analysis, and defensive security monitoring.",Discovery,Network Service Scanning,
THR-2026-0768,2026-06-28 15:48:18,Synthetic Credential Phishing Campaign,Web Threat,Domain,cloud-security.example.com,Security Vendor,A,72,Medium,59,UNDER_REVIEW,2026-06-03 15:48:18,2026-06-29 15:48:18,Germany,"Synthetic defensive cybersecurity observation related to web threat. This record is for awareness, analysis, and defensive security monitoring.",,,
THR-2026-0769,2026-05-10 23:23:18,Social Engineering Attempt,Network Threat,IP,192.0.2.191,Community Submission,C,86,High,80,MONITORING,2026-05-04 23:23:18,2026-05-13 23:23:18,Australia,"Synthetic defensive cybersecurity observation related to network threat. This record is for awareness, analysis, and defensive security monitoring.",Exfiltration,Network Service Scanning,
THR-2026-0770,2026-05-17 21:09:18,Suspicious Web Activity,Network Threat,URL,https://login-check.example.org/verify,Public Threat Feed,B,48,High,72,CLOSED,2026-05-14 21:09:18,2026-05-22 21:09:18,Australia,"Synthetic defensive cybersecurity observation related to network threat. This record is for awareness, analysis, and defensive security monitoring.",Initial Access,Network Service Scanning,
THR-2026-0771,2026-07-22 06:56:18,Suspicious Malware Indicator,Ransomware,IP,203.0.113.47,Research Report,B,83,High,67,CLOSED,2026-07-11 06:56:18,2026-07-24 06:56:18,Global,"Synthetic defensive cybersecurity observation related to ransomware. This record is for awareness, analysis, and defensive security monitoring.",Discovery,Valid Accounts,
THR-2026-0772,2026-08-27 16:56:18,Credential Theft Observation,Ransomware,CVE,CVE-2026-35791,Internal SOC,A,27,Medium,53,UNDER_REVIEW,2026-08-11 16:56:18,2026-08-31 16:56:18,United Kingdom,"Synthetic defensive cybersecurity observation related to ransomware. This record is for awareness, analysis, and defensive security monitoring.",Execution,Phishing,CVE-2023-36353
THR-2026-0773,2026-06-19 05:34:18,Social Engineering Attempt,Ransomware,CVE,CVE-2024-22097,Public Threat Feed,B,53,High,71,UNDER_REVIEW,2026-06-18 05:34:18,2026-06-22 05:34:18,Australia,"Synthetic defensive cybersecurity observation related to ransomware. This record is for awareness, analysis, and defensive security monitoring.",Persistence,Phishing,CVE-2025-28607
THR-2026-0774,2026-09-19 22:43:18,Credential Theft Observation,Malware,URL,https://update-service.example.com/verify,Security Vendor,A,64,High,67,CLOSED,2026-09-15 22:43:18,2026-09-22 22:43:18,Germany,"Synthetic defensive cybersecurity observation related to malware. This record is for awareness, analysis, and defensive security monitoring.",Discovery,Valid Accounts,
THR-2026-0775,2026-04-16 07:38:18,Network Threat Observation,Credential Threat,URL,https://login-check.invalid/verify,Unknown Source,D,60,Medium,51,FALSE_POSITIVE,2026-04-02 07:38:18,2026-04-17 07:38:18,United Kingdom,"Synthetic defensive cybersecurity observation related to credential threat. This record is for awareness, analysis, and defensive security monitoring.",Discovery,Phishing,
THR-2026-0776,2026-06-11 07:47:18,Synthetic Credential Phishing Campaign,Account Security,SHA-256,40966fd0d251ccb7b8ac88562c9c98ad59b83b72c6b068b0c84019eb620a323f,Public Threat Feed,B,81,High,65,MONITORING,2026-05-14 07:47:18,2026-06-16 07:47:18,India,"Synthetic defensive cybersecurity observation related to account security. This record is for awareness, analysis, and defensive security monitoring.",Command and Control,Credential Phishing,
THR-2026-0777,2026-09-09 09:05:18,Vulnerability Exposure,Vulnerability Exposure,Email/Sender Domain,alerts@update-service.invalid,Public Threat Feed,B,87,High,62,NEW,2026-08-21 09:05:18,2026-09-13 09:05:18,Global,"Synthetic defensive cybersecurity observation related to vulnerability exposure. This record is for awareness, analysis, and defensive security monitoring.",,,CVE-2026-33409
THR-2026-0778,2026-04-18 03:29:18,Account Security Event,Web Threat,CVE,CVE-2024-15508,Internal SOC,A,57,High,71,FALSE_POSITIVE,2026-04-16 03:29:18,2026-04-18 03:29:18,Germany,"Synthetic defensive cybersecurity observation related to web threat. This record is for awareness, analysis, and defensive security monitoring.",Command and Control,User Execution,CVE-2024-16908
THR-2026-0779,2026-09-24 16:45:18,Credential Theft Observation,Malware,CVE,CVE-2023-39018,Internal SOC,A,97,High,73,FALSE_POSITIVE,2026-09-06 16:45:18,2026-09-29 16:45:18,Germany,"Synthetic defensive cybersecurity observation related to malware. This record is for awareness, analysis, and defensive security monitoring.",Exfiltration,Credential Phishing,CVE-2021-51071
THR-2026-0780,2026-09-25 22:59:18,Synthetic Credential Phishing Campaign,Phishing,URL,https://security-alert.example.com/verify,Unknown Source,D,81,Critical,81,NEW,2026-08-31 22:59:18,2026-09-30 22:59:18,Australia,"Synthetic defensive cybersecurity observation related to phishing. This record is for awareness, analysis, and defensive security monitoring.",Persistence,Phishing,
THR-2026-0781,2026-07-07 04:34:18,Suspicious Web Activity,Web Threat,SHA-256,86a37e1ea6d26c84780b3b3792c153f7e9501681f9607a85601e74be3256a521,Public Threat Feed,B,83,High,75,UNDER_REVIEW,2026-06-23 04:34:18,2026-07-07 04:34:18,Singapore,"Synthetic defensive cybersecurity observation related to web threat. This record is for awareness, analysis, and defensive security monitoring.",Exfiltration,Data from Information Repositories,
THR-2026-0782,2026-05-31 09:30:18,Suspicious Web Activity,Data Exposure,CVE,CVE-2021-48313,Community Submission,C,76,High,67,NEW,2026-05-20 09:30:18,2026-06-04 09:30:18,Australia,"Synthetic defensive cybersecurity observation related to data exposure. This record is for awareness, analysis, and defensive security monitoring.",Credential Access,User Execution,CVE-2022-21744
THR-2026-0783,2026-07-08 01:00:18,Network Threat Observation,Account Security,SHA-256,a14079fd99eee682d659dfe0194d4b4d8a25fcd51bff01903ab134fdd235f04a,Security Vendor,A,73,High,71,NEW,2026-06-24 01:00:18,2026-07-10 01:00:18,United States,"Synthetic defensive cybersecurity observation related to account security. This record is for awareness, analysis, and defensive security monitoring.",Discovery,User Execution,
THR-2026-0784,2026-06-25 16:07:18,Vulnerability Exposure,Data Exposure,CVE,CVE-2023-10552,Internal SOC,A,62,High,72,MONITORING,2026-06-23 16:07:18,2026-06-26 16:07:18,Singapore,"Synthetic defensive cybersecurity observation related to data exposure. This record is for awareness, analysis, and defensive security monitoring.",,,CVE-2025-58470
THR-2026-0785,2026-09-14 01:37:18,Suspicious Web Activity,Network Threat,SHA-256,2f93fa0b2d21c5516fc9e353b1d93da0a751faff0ed8d7da26c62175da378d42,Security Vendor,A,74,Medium,56,CLOSED,2026-08-31 01:37:18,2026-09-14 01:37:18,United States,"Synthetic defensive cybersecurity observation related to network threat. This record is for awareness, analysis, and defensive security monitoring.",Exfiltration,Application Layer Protocol,
THR-2026-0786,2026-07-22 04:50:18,Vulnerability Exposure,Credential Threat,Domain,secure-login.example.com,Research Report,B,81,High,73,CLOSED,2026-06-25 04:50:18,2026-07-26 04:50:18,United States,"Synthetic defensive cybersecurity observation related to credential threat. This record is for awareness, analysis, and defensive security monitoring.",Exfiltration,Network Service Scanning,
THR-2026-0787,2026-07-29 22:28:18,Suspicious Malware Indicator,Account Security,SHA-256,aa45b69a0c32d05f22055a9f126d407eed7807b268c12324023ff0ebffd5f050,Public Threat Feed,B,74,High,74,UNDER_REVIEW,2026-07-18 22:28:18,2026-07-30 22:28:18,United Kingdom,"Synthetic defensive cybersecurity observation related to account security. This record is for awareness, analysis, and defensive security monitoring.",Exfiltration,Data from Information Repositories,
THR-2026-0788,2026-05-21 01:45:18,Potential Data Exposure,Credential Threat,Email/Sender Domain,alerts@cloud-security.example.com,Security Vendor,A,37,High,71,CLOSED,2026-04-26 01:45:18,2026-05-25 01:45:18,United Kingdom,"Synthetic defensive cybersecurity observation related to credential threat. This record is for awareness, analysis, and defensive security monitoring.",Discovery,Data from Information Repositories,
THR-2026-0789,2026-09-29 18:23:18,Social Engineering Attempt,Phishing,SHA-256,d3fbf69853ef2c3aad29920c60f2fa9b46192ebb4dd9d226506486cbe8794f1c,Internal SOC,A,88,High,72,UNDER_REVIEW,2026-09-12 18:23:18,2026-10-04 18:23:18,India,"Synthetic defensive cybersecurity observation related to phishing. This record is for awareness, analysis, and defensive security monitoring.",Command and Control,User Execution,
THR-2026-0790,2026-06-01 22:06:18,Potential Data Exposure,Malware,CVE,CVE-2026-45215,Research Report,B,57,High,65,MONITORING,2026-05-08 22:06:18,2026-06-02 22:06:18,United Kingdom,"Synthetic defensive cybersecurity observation related to malware. This record is for awareness, analysis, and defensive security monitoring.",,,CVE-2024-21304
THR-2026-0791,2026-04-13 17:31:18,Network Threat Observation,Credential Threat,Email/Sender Domain,alerts@secure-login.invalid,Community Submission,C,90,Critical,81,NEW,2026-03-17 17:31:18,2026-04-13 17:31:18,Singapore,"Synthetic defensive cybersecurity observation related to credential threat. This record is for awareness, analysis, and defensive security monitoring.",,,
THR-2026-0792,2026-08-21 06:50:18,Suspicious Malware Indicator,Malware,Email/Sender Domain,alerts@login-check.example.net,Unknown Source,D,45,Medium,59,FALSE_POSITIVE,2026-08-01 06:50:18,2026-08-24 06:50:18,Australia,"Synthetic defensive cybersecurity observation related to malware. This record is for awareness, analysis, and defensive security monitoring.",,,
THR-2026-0793,2026-07-18 00:40:18,Vulnerability Exposure,Vulnerability Exposure,SHA-256,6c6e5eed629e25a1ebd6fe812ca5c32a6f28814b49f77841d75a90f586942b1c,Public Threat Feed,B,85,Medium,58,UNDER_REVIEW,2026-06-26 00:40:18,2026-07-21 00:40:18,United Kingdom,"Synthetic defensive cybersecurity observation related to vulnerability exposure. This record is for awareness, analysis, and defensive security monitoring.",Command and Control,Application Layer Protocol,CVE-2022-18072
THR-2026-0794,2026-09-19 18:48:18,Potential Data Exposure,Malware,URL,https://login-check.invalid/verify,Internal SOC,A,37,Medium,54,MONITORING,2026-08-29 18:48:18,2026-09-21 18:48:18,Germany,"Synthetic defensive cybersecurity observation related to malware. This record is for awareness, analysis, and defensive security monitoring.",,,
THR-2026-0795,2026-08-22 05:11:18,Network Threat Observation,Web Threat,IP,192.0.2.224,Security Vendor,A,97,High,77,UNDER_REVIEW,2026-08-03 05:11:18,2026-08-25 05:11:18,Singapore,"Synthetic defensive cybersecurity observation related to web threat. This record is for awareness, analysis, and defensive security monitoring.",Persistence,Network Service Scanning,
THR-2026-0796,2026-09-27 16:49:18,Suspicious Web Activity,Ransomware,SHA-256,bb9f0bb327c843c7236c8e6157646f64c431fa798a137f7880d85fcaf8fddc9a,Internal SOC,A,47,High,66,NEW,2026-08-29 16:49:18,2026-10-01 16:49:18,United Kingdom,"Synthetic defensive cybersecurity observation related to ransomware. This record is for awareness, analysis, and defensive security monitoring.",Command and Control,Valid Accounts,
THR-2026-0797,2026-05-02 01:22:18,Social Engineering Attempt,Account Security,Email/Sender Domain,alerts@login-check.invalid,Community Submission,C,37,Medium,43,MONITORING,2026-04-03 01:22:18,2026-05-07 01:22:18,United States,"Synthetic defensive cybersecurity observation related to account security. This record is for awareness, analysis, and defensive security monitoring.",Persistence,Valid Accounts,
THR-2026-0798,2026-04-19 13:03:18,Suspicious Malware Indicator,Credential Threat,SHA-256,78119e5364fbe7dcafe8c3d3cc8b2758260a59ca40aa6845ede2469452d3f3fb,Internal SOC,A,76,Medium,52,MONITORING,2026-03-24 13:03:18,2026-04-23 13:03:18,Singapore,"Synthetic defensive cybersecurity observation related to credential threat. This record is for awareness, analysis, and defensive security monitoring.",Discovery,Network Service Scanning,
THR-2026-0799,2026-08-31 21:03:18,Vulnerability Exposure,Data Exposure,Email/Sender Domain,alerts@update-service.invalid,Unknown Source,D,94,High,67,CLOSED,2026-08-25 21:03:18,2026-09-02 21:03:18,India,"Synthetic defensive cybersecurity observation related to data exposure. This record is for awareness, analysis, and defensive security monitoring.",Credential Access,Phishing,
THR-2026-0800,2026-04-12 13:48:18,Suspicious Web Activity,Network Threat,Email/Sender Domain,alerts@secure-login.example.com,Security Vendor,A,74,High,65,MONITORING,2026-03-27 13:48:18,2026-04-12 13:48:18,Australia,"Synthetic defensive cybersecurity observation related to network threat. This record is for awareness, analysis, and defensive security monitoring.",Initial Access,Network Service Scanning,
THR-2026-0801,2026-04-12 22:04:18,Synthetic Credential Phishing Campaign,Phishing,IP,192.0.2.26,Security Vendor,A,74,High,71,CLOSED,2026-03-27 22:04:18,2026-04-16 22:04:18,United States,"Synthetic defensive cybersecurity observation related to phishing. This record is for awareness, analysis, and defensive security monitoring.",Execution,Application Layer Protocol,
THR-2026-0802,2026-10-02 09:52:18,Suspicious Web Activity,Network Threat,IP,192.0.2.232,Unknown Source,D,88,High,80,UNDER_REVIEW,2026-09-20 09:52:18,2026-10-03 09:52:18,Australia,"Synthetic defensive cybersecurity observation related to network threat. This record is for awareness, analysis, and defensive security monitoring.",,,
THR-2026-0803,2026-08-29 16:36:18,Vulnerability Exposure,Network Threat,Domain,identity-check.example.org,Public Threat Feed,B,54,High,67,UNDER_REVIEW,2026-08-10 16:36:18,2026-09-03 16:36:18,Australia,"Synthetic defensive cybersecurity observation related to network threat. This record is for awareness, analysis, and defensive security monitoring.",Command and Control,User Execution,
THR-2026-0804,2026-06-03 03:13:18,Social Engineering Attempt,Vulnerability Exposure,CVE,CVE-2022-44447,Unknown Source,D,77,Medium,51,UNDER_REVIEW,2026-06-03 03:13:18,2026-06-08 03:13:18,India,"Synthetic defensive cybersecurity observation related to vulnerability exposure. This record is for awareness, analysis, and defensive security monitoring.",Command and Control,Phishing,CVE-2026-51274
THR-2026-0805,2026-08-23 12:35:18,Vulnerability Exposure,Malware,Domain,account-verify.example.org,Unknown Source,D,87,High,75,MONITORING,2026-07-24 12:35:18,2026-08-28 12:35:18,Global,"Synthetic defensive cybersecurity observation related to malware. This record is for awareness, analysis, and defensive security monitoring.",Discovery,User Execution,
THR-2026-0806,2026-08-15 07:18:18,Credential Theft Observation,Malware,IP,192.0.2.214,Research Report,B,50,High,61,CLOSED,2026-08-14 07:18:18,2026-08-18 07:18:18,United States,"Synthetic defensive cybersecurity observation related to malware. This record is for awareness, analysis, and defensive security monitoring.",,,
THR-2026-0807,2026-08-29 21:13:18,Credential Theft Observation,Malware,CVE,CVE-2026-21835,Unknown Source,D,55,High,70,NEW,2026-08-05 21:13:18,2026-08-29 21:13:18,Singapore,"Synthetic defensive cybersecurity observation related to malware. This record is for awareness, analysis, and defensive security monitoring.",Initial Access,Valid Accounts,CVE-2022-51367
THR-2026-0808,2026-06-26 23:42:18,Ransomware Activity Pattern,Network Threat,URL,https://identity-check.example.com/verify,Community Submission,C,69,High,73,MONITORING,2026-05-27 23:42:18,2026-06-28 23:42:18,Australia,"Synthetic defensive cybersecurity observation related to network threat. This record is for awareness, analysis, and defensive security monitoring.",,,
THR-2026-0809,2026-07-23 18:41:18,Suspicious Malware Indicator,Social Engineering,IP,198.51.100.133,Public Threat Feed,B,33,High,72,FALSE_POSITIVE,2026-07-19 18:41:18,2026-07-27 18:41:18,India,"Synthetic defensive cybersecurity observation related to social engineering. This record is for awareness, analysis, and defensive security monitoring.",,,
THR-2026-0810,2026-04-13 04:51:18,Account Security Event,Account Security,CVE,CVE-2021-57164,Community Submission,C,66,Medium,44,UNDER_REVIEW,2026-04-01 04:51:18,2026-04-13 04:51:18,Global,"Synthetic defensive cybersecurity observation related to account security. This record is for awareness, analysis, and defensive security monitoring.",,,CVE-2024-51377
THR-2026-0811,2026-04-22 23:33:18,Credential Theft Observation,Phishing,Email/Sender Domain,alerts@identity-check.example.net,Research Report,B,27,High,69,FALSE_POSITIVE,2026-04-01 23:33:18,2026-04-26 23:33:18,United Kingdom,"Synthetic defensive cybersecurity observation related to phishing. This record is for awareness, analysis, and defensive security monitoring.",Persistence,Application Layer Protocol,
THR-2026-0812,2026-08-09 07:33:18,Vulnerability Exposure,Social Engineering,SHA-256,05ddfdfa11acd4e36f5b73b074ab6ae43b2ee25097f2363f4c684deb2af5c16d,Security Vendor,A,44,High,75,UNDER_REVIEW,2026-07-20 07:33:18,2026-08-14 07:33:18,United Kingdom,"Synthetic defensive cybersecurity observation related to social engineering. This record is for awareness, analysis, and defensive security monitoring.",Command and Control,Phishing,
THR-2026-0813,2026-06-25 06:58:18,Vulnerability Exposure,Vulnerability Exposure,URL,https://update-service.example.net/verify,Security Vendor,A,83,High,61,CLOSED,2026-06-05 06:58:18,2026-06-27 06:58:18,Germany,"Synthetic defensive cybersecurity observation related to vulnerability exposure. This record is for awareness, analysis, and defensive security monitoring.",Credential Access,User Execution,CVE-2024-58909
THR-2026-0814,2026-08-10 13:39:18,Account Security Event,Network Threat,URL,https://account-verify.example.net/verify,Unknown Source,D,42,High,65,FALSE_POSITIVE,2026-07-23 13:39:18,2026-08-11 13:39:18,Global,"Synthetic defensive cybersecurity observation related to network threat. This record is for awareness, analysis, and defensive security monitoring.",Exfiltration,Data from Information Repositories,
THR-2026-0815,2026-05-19 15:23:18,Potential Data Exposure,Vulnerability Exposure,URL,https://security-alert.example.net/verify,Research Report,B,52,Medium,59,FALSE_POSITIVE,2026-05-10 15:23:18,2026-05-23 15:23:18,Germany,"Synthetic defensive cybersecurity observation related to vulnerability exposure. This record is for awareness, analysis, and defensive security monitoring.",,,CVE-2022-23130
THR-2026-0816,2026-07-27 12:08:18,Credential Theft Observation,Ransomware,SHA-256,1dcd8ffe8c5158fdf697d8b503ce786b66b7b35bc67417afc79c842f92bc9eae,Unknown Source,D,51,Medium,47,CLOSED,2026-07-09 12:08:18,2026-07-28 12:08:18,United Kingdom,"Synthetic defensive cybersecurity observation related to ransomware. This record is for awareness, analysis, and defensive security monitoring.",Credential Access,Valid Accounts,
THR-2026-0817,2026-04-15 08:01:18,Synthetic Credential Phishing Campaign,Ransomware,SHA-256,57c8d5d433c89d6686d5269f75b299d239393c78ac8c6f6bfe64edafafadd726,Internal SOC,A,92,High,73,NEW,2026-04-13 08:01:18,2026-04-15 08:01:18,United Kingdom,"Synthetic defensive cybersecurity observation related to ransomware. This record is for awareness, analysis, and defensive security monitoring.",,,
THR-2026-0818,2026-07-16 16:54:18,Ransomware Activity Pattern,Network Threat,Domain,account-verify.example.org,Research Report,B,52,High,63,NEW,2026-06-20 16:54:18,2026-07-19 16:54:18,Global,"Synthetic defensive cybersecurity observation related to network threat. This record is for awareness, analysis, and defensive security monitoring.",Discovery,Valid Accounts,
THR-2026-0819,2026-05-14 18:11:18,Credential Theft Observation,Ransomware,Domain,login-check.example.com,Public Threat Feed,B,93,High,73,CLOSED,2026-04-29 18:11:18,2026-05-19 18:11:18,India,"Synthetic defensive cybersecurity observation related to ransomware. This record is for awareness, analysis, and defensive security monitoring.",Exfiltration,Phishing,
THR-2026-0820,2026-06-14 17:15:18,Account Security Event,Ransomware,SHA-256,9cb23f96e6e8cb093e0b91a10a540fecd8e753697a32ed15fc8abfa5008c98b0,Internal SOC,A,86,High,61,MONITORING,2026-06-09 17:15:18,2026-06-17 17:15:18,India,"Synthetic defensive cybersecurity observation related to ransomware. This record is for awareness, analysis, and defensive security monitoring.",Persistence,Phishing,
THR-2026-0821,2026-04-26 01:33:18,Social Engineering Attempt,Ransomware,Domain,login-check.example.net,Public Threat Feed,B,75,High,69,UNDER_REVIEW,2026-04-04 01:33:18,2026-04-26 01:33:18,United Kingdom,"Synthetic defensive cybersecurity observation related to ransomware. This record is for awareness, analysis, and defensive security monitoring.",Exfiltration,User Execution,
THR-2026-0822,2026-08-24 10:10:18,Vulnerability Exposure,Credential Threat,Email/Sender Domain,alerts@account-verify.invalid,Public Threat Feed,B,91,High,68,MONITORING,2026-08-17 10:10:18,2026-08-29 10:10:18,Australia,"Synthetic defensive cybersecurity observation related to credential threat. This record is for awareness, analysis, and defensive security monitoring.",Exfiltration,Application Layer Protocol,
THR-2026-0823,2026-10-02 12:15:18,Vulnerability Exposure,Social Engineering,CVE,CVE-2021-46566,Research Report,B,95,High,61,MONITORING,2026-10-02 12:15:18,2026-10-04 12:15:18,Australia,"Synthetic defensive cybersecurity observation related to social engineering. This record is for awareness, analysis, and defensive security monitoring.",,,CVE-2024-25904
THR-2026-0824,2026-09-02 00:05:18,Social Engineering Attempt,Vulnerability Exposure,URL,https://identity-check.invalid/verify,Security Vendor,A,90,High,72,MONITORING,2026-08-25 00:05:18,2026-09-06 00:05:18,Global,"Synthetic defensive cybersecurity observation related to vulnerability exposure. This record is for awareness, analysis, and defensive security monitoring.",Discovery,Phishing,CVE-2023-6459
THR-2026-0825,2026-09-19 07:15:18,Synthetic Credential Phishing Campaign,Phishing,Domain,identity-check.invalid,Internal SOC,A,38,Medium,55,MONITORING,2026-08-25 07:15:18,2026-09-20 07:15:18,Global,"Synthetic defensive cybersecurity observation related to phishing. This record is for awareness, analysis, and defensive security monitoring.",Discovery,Phishing,
THR-2026-0826,2026-05-02 08:48:18,Suspicious Malware Indicator,Ransomware,Email/Sender Domain,alerts@security-alert.invalid,Security Vendor,A,83,High,74,NEW,2026-04-10 08:48:18,2026-05-03 08:48:18,India,"Synthetic defensive cybersecurity observation related to ransomware. This record is for awareness, analysis, and defensive security monitoring.",Credential Access,Data from Information Repositories,
THR-2026-0827,2026-08-16 19:59:18,Ransomware Activity Pattern,Credential Threat,Domain,update-service.example.org,Research Report,B,35,Medium,44,FALSE_POSITIVE,2026-08-10 19:59:18,2026-08-21 19:59:18,Global,"Synthetic defensive cybersecurity observation related to credential threat. This record is for awareness, analysis, and defensive security monitoring.",Exfiltration,Phishing,
THR-2026-0828,2026-05-19 17:39:18,Credential Theft Observation,Social Engineering,Domain,security-alert.example.org,Unknown Source,D,35,Medium,53,UNDER_REVIEW,2026-04-27 17:39:18,2026-05-19 17:39:18,United States,"Synthetic defensive cybersecurity observation related to social engineering. This record is for awareness, analysis, and defensive security monitoring.",Credential Access,Application Layer Protocol,
THR-2026-0829,2026-08-02 00:04:18,Suspicious Web Activity,Account Security,URL,https://account-verify.example.com/verify,Internal SOC,A,89,High,75,NEW,2026-07-26 00:04:18,2026-08-06 00:04:18,India,"Synthetic defensive cybersecurity observation related to account security. This record is for awareness, analysis, and defensive security monitoring.",Initial Access,Credential Phishing,
THR-2026-0830,2026-07-15 17:02:18,Account Security Event,Network Threat,CVE,CVE-2023-48654,Unknown Source,D,80,Medium,49,MONITORING,2026-06-16 17:02:18,2026-07-17 17:02:18,Germany,"Synthetic defensive cybersecurity observation related to network threat. This record is for awareness, analysis, and defensive security monitoring.",Persistence,Application Layer Protocol,CVE-2026-5317
THR-2026-0831,2026-08-07 17:41:18,Social Engineering Attempt,Social Engineering,URL,https://account-verify.example.net/verify,Public Threat Feed,B,87,High,68,CLOSED,2026-08-06 17:41:18,2026-08-12 17:41:18,Global,"Synthetic defensive cybersecurity observation related to social engineering. This record is for awareness, analysis, and defensive security monitoring.",Credential Access,Credential Phishing,
THR-2026-0832,2026-07-15 22:56:18,Vulnerability Exposure,Ransomware,Domain,cloud-security.example.com,Research Report,B,74,High,66,UNDER_REVIEW,2026-06-25 22:56:18,2026-07-16 22:56:18,Singapore,"Synthetic defensive cybersecurity observation related to ransomware. This record is for awareness, analysis, and defensive security monitoring.",Execution,Valid Accounts,
THR-2026-0833,2026-05-30 23:41:18,Social Engineering Attempt,Malware,IP,203.0.113.186,Public Threat Feed,B,44,Medium,48,CLOSED,2026-05-21 23:41:18,2026-06-03 23:41:18,Germany,"Synthetic defensive cybersecurity observation related to malware. This record is for awareness, analysis, and defensive security monitoring.",,,
THR-2026-0834,2026-04-07 20:13:18,Credential Theft Observation,Vulnerability Exposure,Domain,update-service.example.net,Security Vendor,A,32,Medium,46,NEW,2026-03-29 20:13:18,2026-04-08 20:13:18,United Kingdom,"Synthetic defensive cybersecurity observation related to vulnerability exposure. This record is for awareness, analysis, and defensive security monitoring.",Command and Control,Valid Accounts,CVE-2024-53666
THR-2026-0835,2026-05-23 02:30:18,Social Engineering Attempt,Network Threat,CVE,CVE-2021-2160,Unknown Source,D,79,High,62,CLOSED,2026-04-30 02:30:18,2026-05-25 02:30:18,United Kingdom,"Synthetic defensive cybersecurity observation related to network threat. This record is for awareness, analysis, and defensive security monitoring.",Credential Access,Valid Accounts,CVE-2023-38049
THR-2026-0836,2026-05-16 01:15:18,Ransomware Activity Pattern,Credential Threat,URL,https://account-verify.example.com/verify,Unknown Source,D,65,High,73,FALSE_POSITIVE,2026-04-21 01:15:18,2026-05-18 01:15:18,Singapore,"Synthetic defensive cybersecurity observation related to credential threat. This record is for awareness, analysis, and defensive security monitoring.",,,
THR-2026-0837,2026-09-10 23:03:18,Social Engineering Attempt,Credential Threat,Domain,update-service.example.org,Public Threat Feed,B,85,High,67,NEW,2026-09-06 23:03:18,2026-09-14 23:03:18,Germany,"Synthetic defensive cybersecurity observation related to credential threat. This record is for awareness, analysis, and defensive security monitoring.",,,
THR-2026-0838,2026-06-06 04:37:18,Potential Data Exposure,Vulnerability Exposure,Domain,security-alert.example.org,Public Threat Feed,B,60,High,63,MONITORING,2026-05-17 04:37:18,2026-06-06 04:37:18,Germany,"Synthetic defensive cybersecurity observation related to vulnerability exposure. This record is for awareness, analysis, and defensive security monitoring.",Persistence,Network Service Scanning,CVE-2025-32624
THR-2026-0839,2026-07-21 12:48:18,Suspicious Web Activity,Data Exposure,Domain,security-alert.example.net,Community Submission,C,49,High,70,CLOSED,2026-06-28 12:48:18,2026-07-22 12:48:18,Australia,"Synthetic defensive cybersecurity observation related to data exposure. This record is for awareness, analysis, and defensive security monitoring.",Exfiltration,Data from Information Repositories,
THR-2026-0840,2026-09-15 00:22:18,Potential Data Exposure,Phishing,URL,https://security-alert.example.net/verify,Research Report,B,43,Medium,48,MONITORING,2026-08-22 00:22:18,2026-09-16 00:22:18,India,"Synthetic defensive cybersecurity observation related to phishing. This record is for awareness, analysis, and defensive security monitoring.",Persistence,Credential Phishing,
THR-2026-0841,2026-07-15 11:44:18,Ransomware Activity Pattern,Web Threat,Domain,account-verify.example.net,Community Submission,C,83,High,67,FALSE_POSITIVE,2026-07-14 11:44:18,2026-07-17 11:44:18,India,"Synthetic defensive cybersecurity observation related to web threat. This record is for awareness, analysis, and defensive security monitoring.",Command and Control,Credential Phishing,
THR-2026-0842,2026-05-13 09:55:18,Ransomware Activity Pattern,Network Threat,SHA-256,0f38ed0a4d6317c6d466843a844505d45db1bc0dcb4cbbb9c619c12d5191652c,Unknown Source,D,29,Medium,48,NEW,2026-04-27 09:55:18,2026-05-13 09:55:18,India,"Synthetic defensive cybersecurity observation related to network threat. This record is for awareness, analysis, and defensive security monitoring.",Execution,Valid Accounts,
THR-2026-0843,2026-09-14 22:30:18,Synthetic Credential Phishing Campaign,Malware,Email/Sender Domain,alerts@secure-login.example.net,Research Report,B,55,Medium,47,CLOSED,2026-08-21 22:30:18,2026-09-14 22:30:18,Australia,"Synthetic defensive cybersecurity observation related to malware. This record is for awareness, analysis, and defensive security monitoring.",Execution,Network Service Scanning,
THR-2026-0844,2026-09-20 15:08:18,Credential Theft Observation,Malware,Domain,update-service.invalid,Internal SOC,A,39,Medium,54,NEW,2026-09-03 15:08:18,2026-09-20 15:08:18,United States,"Synthetic defensive cybersecurity observation related to malware. This record is for awareness, analysis, and defensive security monitoring.",Exfiltration,Valid Accounts,
THR-2026-0845,2026-07-22 20:50:18,Suspicious Malware Indicator,Ransomware,Domain,login-check.example.com,Unknown Source,D,66,High,68,FALSE_POSITIVE,2026-07-01 20:50:18,2026-07-27 20:50:18,India,"Synthetic defensive cybersecurity observation related to ransomware. This record is for awareness, analysis, and defensive security monitoring.",Execution,Valid Accounts,
THR-2026-0846,2026-06-26 05:42:18,Suspicious Web Activity,Account Security,SHA-256,0b71d457f73783a9cf76022a840f359fc6517478a1f79bfebc5d7a1f131b7b1b,Unknown Source,D,35,Medium,41,FALSE_POSITIVE,2026-06-09 05:42:18,2026-06-26 05:42:18,United Kingdom,"Synthetic defensive cybersecurity observation related to account security. This record is for awareness, analysis, and defensive security monitoring.",Discovery,Credential Phishing,
THR-2026-0847,2026-06-27 08:10:18,Potential Data Exposure,Ransomware,Domain,cloud-security.example.net,Internal SOC,A,57,High,62,UNDER_REVIEW,2026-06-18 08:10:18,2026-06-30 08:10:18,United States,"Synthetic defensive cybersecurity observation related to ransomware. This record is for awareness, analysis, and defensive security monitoring.",Initial Access,Phishing,
THR-2026-0848,2026-04-11 14:38:18,Credential Theft Observation,Vulnerability Exposure,IP,203.0.113.228,Public Threat Feed,B,51,High,67,MONITORING,2026-03-14 14:38:18,2026-04-15 14:38:18,United States,"Synthetic defensive cybersecurity observation related to vulnerability exposure. This record is for awareness, analysis, and defensive security monitoring.",Discovery,Phishing,CVE-2021-43456
THR-2026-0849,2026-06-27 12:31:18,Social Engineering Attempt,Web Threat,IP,198.51.100.144,Community Submission,C,48,High,61,FALSE_POSITIVE,2026-06-13 12:31:18,2026-06-30 12:31:18,United Kingdom,"Synthetic defensive cybersecurity observation related to web threat. This record is for awareness, analysis, and defensive security monitoring.",Exfiltration,Application Layer Protocol,
THR-2026-0850,2026-10-03 02:52:18,Account Security Event,Credential Threat,IP,192.0.2.25,Research Report,B,25,Medium,56,NEW,2026-10-03 02:52:18,2026-10-05 02:52:18,United Kingdom,"Synthetic defensive cybersecurity observation related to credential threat. This record is for awareness, analysis, and defensive security monitoring.",Execution,Application Layer Protocol,
THR-2026-0851,2026-07-21 09:54:18,Credential Theft Observation,Credential Threat,SHA-256,72e79dc40763f63c51ff3df3b5740ea779ae1f3162d26a18ecd94cca236a08b7,Security Vendor,A,72,High,61,NEW,2026-07-18 09:54:18,2026-07-23 09:54:18,Germany,"Synthetic defensive cybersecurity observation related to credential threat. This record is for awareness, analysis, and defensive security monitoring.",Execution,Phishing,
THR-2026-0852,2026-07-28 03:50:18,Ransomware Activity Pattern,Malware,IP,192.0.2.17,Research Report,B,83,Critical,84,CLOSED,2026-07-06 03:50:18,2026-08-01 03:50:18,Australia,"Synthetic defensive cybersecurity observation related to malware. This record is for awareness, analysis, and defensive security monitoring.",,,
THR-2026-0853,2026-10-01 16:54:18,Suspicious Web Activity,Vulnerability Exposure,IP,203.0.113.123,Internal SOC,A,80,Medium,56,UNDER_REVIEW,2026-09-30 16:54:18,2026-10-06 16:54:18,Global,"Synthetic defensive cybersecurity observation related to vulnerability exposure. This record is for awareness, analysis, and defensive security monitoring.",Persistence,Phishing,CVE-2023-47524
THR-2026-0854,2026-05-13 22:16:18,Synthetic Credential Phishing Campaign,Web Threat,Domain,account-verify.example.org,Research Report,B,82,High,62,NEW,2026-04-13 22:16:18,2026-05-18 22:16:18,Singapore,"Synthetic defensive cybersecurity observation related to web threat. This record is for awareness, analysis, and defensive security monitoring.",Persistence,Credential Phishing,
THR-2026-0855,2026-07-14 12:11:18,Network Threat Observation,Social Engineering,Email/Sender Domain,alerts@update-service.example.org,Security Vendor,A,72,Medium,59,MONITORING,2026-07-03 12:11:18,2026-07-17 12:11:18,United States,"Synthetic defensive cybersecurity observation related to social engineering. This record is for awareness, analysis, and defensive security monitoring.",Exfiltration,Application Layer Protocol,
THR-2026-0856,2026-08-31 00:52:18,Ransomware Activity Pattern,Social Engineering,CVE,CVE-2021-23508,Research Report,B,71,High,66,FALSE_POSITIVE,2026-08-20 00:52:18,2026-09-05 00:52:18,Global,"Synthetic defensive cybersecurity observation related to social engineering. This record is for awareness, analysis, and defensive security monitoring.",Command and Control,Valid Accounts,CVE-2025-57478
THR-2026-0857,2026-04-10 23:46:18,Potential Data Exposure,Account Security,URL,https://login-check.invalid/verify,Internal SOC,A,45,High,67,FALSE_POSITIVE,2026-03-15 23:46:18,2026-04-13 23:46:18,India,"Synthetic defensive cybersecurity observation related to account security. This record is for awareness, analysis, and defensive security monitoring.",Persistence,Network Service Scanning,
THR-2026-0858,2026-05-17 23:18:18,Suspicious Malware Indicator,Ransomware,CVE,CVE-2022-42973,Security Vendor,A,67,Medium,58,CLOSED,2026-04-26 23:18:18,2026-05-20 23:18:18,United States,"Synthetic defensive cybersecurity observation related to ransomware. This record is for awareness, analysis, and defensive security monitoring.",Exfiltration,Application Layer Protocol,CVE-2026-27738
THR-2026-0859,2026-09-16 13:32:18,Suspicious Malware Indicator,Credential Threat,CVE,CVE-2022-2540,Public Threat Feed,B,89,Medium,53,NEW,2026-09-09 13:32:18,2026-09-19 13:32:18,India,"Synthetic defensive cybersecurity observation related to credential threat. This record is for awareness, analysis, and defensive security monitoring.",Persistence,Phishing,CVE-2025-42828
THR-2026-0860,2026-06-19 00:09:18,Network Threat Observation,Credential Threat,Domain,update-service.example.org,Unknown Source,D,34,Medium,53,UNDER_REVIEW,2026-06-07 00:09:18,2026-06-19 00:09:18,United Kingdom,"Synthetic defensive cybersecurity observation related to credential threat. This record is for awareness, analysis, and defensive security monitoring.",Credential Access,Network Service Scanning,
THR-2026-0861,2026-07-16 00:50:18,Vulnerability Exposure,Account Security,SHA-256,53164181d35ab86dd1abdfe3a8dcdbfefc08a1fd46332830acf38e36a25b6a77,Research Report,B,30,High,63,NEW,2026-07-08 00:50:18,2026-07-21 00:50:18,Germany,"Synthetic defensive cybersecurity observation related to account security. This record is for awareness, analysis, and defensive security monitoring.",Command and Control,Network Service Scanning,
THR-2026-0862,2026-09-12 20:35:18,Suspicious Malware Indicator,Account Security,URL,https://update-service.example.net/verify,Internal SOC,A,87,High,76,MONITORING,2026-08-26 20:35:18,2026-09-12 20:35:18,United States,"Synthetic defensive cybersecurity observation related to account security. This record is for awareness, analysis, and defensive security monitoring.",,,
THR-2026-0863,2026-06-22 08:51:18,Synthetic Credential Phishing Campaign,Account Security,SHA-256,a445881fe1a47df0893063cf6c693324bbd916daae2e0f1219055c11f457c08f,Community Submission,C,64,Medium,53,CLOSED,2026-06-01 08:51:18,2026-06-23 08:51:18,India,"Synthetic defensive cybersecurity observation related to account security. This record is for awareness, analysis, and defensive security monitoring.",Discovery,Valid Accounts,
THR-2026-0864,2026-08-01 17:44:18,Social Engineering Attempt,Social Engineering,URL,https://account-verify.example.com/verify,Research Report,B,74,High,74,NEW,2026-07-10 17:44:18,2026-08-05 17:44:18,United Kingdom,"Synthetic defensive cybersecurity observation related to social engineering. This record is for awareness, analysis, and defensive security monitoring.",,,
THR-2026-0865,2026-06-03 04:51:18,Vulnerability Exposure,Account Security,URL,https://login-check.example.org/verify,Unknown Source,D,44,Medium,56,UNDER_REVIEW,2026-05-22 04:51:18,2026-06-08 04:51:18,United States,"Synthetic defensive cybersecurity observation related to account security. This record is for awareness, analysis, and defensive security monitoring.",Persistence,Data from Information Repositories,
THR-2026-0866,2026-08-31 07:04:18,Social Engineering Attempt,Account Security,SHA-256,328036ff45a048ddc2dc9f0c3110c9a76cdf47d98fdcafd5c9d497f1a16843be,Community Submission,C,81,High,61,CLOSED,2026-08-01 07:04:18,2026-09-04 07:04:18,India,"Synthetic defensive cybersecurity observation related to account security. This record is for awareness, analysis, and defensive security monitoring.",,,
THR-2026-0867,2026-07-25 22:16:18,Network Threat Observation,Data Exposure,CVE,CVE-2024-27301,Internal SOC,A,94,High,62,FALSE_POSITIVE,2026-07-03 22:16:18,2026-07-28 22:16:18,United States,"Synthetic defensive cybersecurity observation related to data exposure. This record is for awareness, analysis, and defensive security monitoring.",,,CVE-2023-58526
THR-2026-0868,2026-06-12 14:17:18,Ransomware Activity Pattern,Ransomware,IP,203.0.113.106,Public Threat Feed,B,36,Low,40,NEW,2026-06-01 14:17:18,2026-06-16 14:17:18,Singapore,"Synthetic defensive cybersecurity observation related to ransomware. This record is for awareness, analysis, and defensive security monitoring.",Initial Access,Valid Accounts,
THR-2026-0869,2026-10-02 08:18:18,Suspicious Web Activity,Credential Threat,Domain,cloud-security.example.com,Community Submission,C,75,Medium,59,MONITORING,2026-09-11 08:18:18,2026-10-04 08:18:18,United States,"Synthetic defensive cybersecurity observation related to credential threat. This record is for awareness, analysis, and defensive security monitoring.",Exfiltration,Credential Phishing,
THR-2026-0870,2026-06-27 18:11:18,Ransomware Activity Pattern,Credential Threat,Domain,cloud-security.example.com,Internal SOC,A,86,High,68,NEW,2026-06-07 18:11:18,2026-07-01 18:11:18,Germany,"Synthetic defensive cybersecurity observation related to credential threat. This record is for awareness, analysis, and defensive security monitoring.",,,
THR-2026-0871,2026-07-05 03:59:18,Synthetic Credential Phishing Campaign,Data Exposure,IP,198.51.100.200,Internal SOC,A,56,High,75,CLOSED,2026-06-27 03:59:18,2026-07-08 03:59:18,India,"Synthetic defensive cybersecurity observation related to data exposure. This record is for awareness, analysis, and defensive security monitoring.",Execution,Application Layer Protocol,
THR-2026-0872,2026-05-27 22:10:18,Potential Data Exposure,Network Threat,SHA-256,d02da7b093dc809d4cab53dfb180cc6222e65188832f6a1e7979868247a6e4c2,Security Vendor,A,53,High,62,CLOSED,2026-04-30 22:10:18,2026-06-01 22:10:18,Global,"Synthetic defensive cybersecurity observation related to network threat. This record is for awareness, analysis, and defensive security monitoring.",,,
THR-2026-0873,2026-04-24 10:28:18,Network Threat Observation,Malware,SHA-256,e94af75d5933ee2a2afac8588171c6ca8ab447387685514c43dad8a7d3143785,Public Threat Feed,B,78,High,66,FALSE_POSITIVE,2026-04-16 10:28:18,2026-04-27 10:28:18,Singapore,"Synthetic defensive cybersecurity observation related to malware. This record is for awareness, analysis, and defensive security monitoring.",Persistence,User Execution,
THR-2026-0874,2026-08-30 20:30:18,Potential Data Exposure,Social Engineering,Email/Sender Domain,alerts@secure-login.invalid,Research Report,B,96,Critical,81,MONITORING,2026-08-28 20:30:18,2026-09-04 20:30:18,Australia,"Synthetic defensive cybersecurity observation related to social engineering. This record is for awareness, analysis, and defensive security monitoring.",Persistence,User Execution,
THR-2026-0875,2026-05-14 05:29:18,Vulnerability Exposure,Web Threat,Email/Sender Domain,alerts@account-verify.example.org,Public Threat Feed,B,65,High,74,FALSE_POSITIVE,2026-05-05 05:29:18,2026-05-15 05:29:18,Germany,"Synthetic defensive cybersecurity observation related to web threat. This record is for awareness, analysis, and defensive security monitoring.",Command and Control,Application Layer Protocol,
THR-2026-0876,2026-05-19 18:31:18,Suspicious Malware Indicator,Credential Threat,Email/Sender Domain,alerts@identity-check.example.org,Community Submission,C,42,High,70,UNDER_REVIEW,2026-05-13 18:31:18,2026-05-22 18:31:18,United States,"Synthetic defensive cybersecurity observation related to credential threat. This record is for awareness, analysis, and defensive security monitoring.",Discovery,Data from Information Repositories,
THR-2026-0877,2026-07-27 17:22:18,Suspicious Malware Indicator,Network Threat,Domain,account-verify.invalid,Security Vendor,A,88,High,80,CLOSED,2026-07-10 17:22:18,2026-07-29 17:22:18,Global,"Synthetic defensive cybersecurity observation related to network threat. This record is for awareness, analysis, and defensive security monitoring.",Discovery,Credential Phishing,
THR-2026-0878,2026-05-09 03:19:18,Vulnerability Exposure,Phishing,IP,203.0.113.252,Security Vendor,A,57,High,61,CLOSED,2026-04-21 03:19:18,2026-05-12 03:19:18,Singapore,"Synthetic defensive cybersecurity observation related to phishing. This record is for awareness, analysis, and defensive security monitoring.",Initial Access,Credential Phishing,
THR-2026-0879,2026-09-25 09:34:18,Vulnerability Exposure,Vulnerability Exposure,SHA-256,7f3a3b0de1848101405a216782f21d4b8863b78ff4a47635ef3499b202022958,Community Submission,C,42,Medium,46,NEW,2026-09-22 09:34:18,2026-09-29 09:34:18,Australia,"Synthetic defensive cybersecurity observation related to vulnerability exposure. This record is for awareness, analysis, and defensive security monitoring.",Discovery,Phishing,CVE-2021-49694
THR-2026-0880,2026-08-09 16:13:18,Credential Theft Observation,Phishing,IP,192.0.2.6,Community Submission,C,60,Medium,57,FALSE_POSITIVE,2026-07-22 16:13:18,2026-08-11 16:13:18,Singapore,"Synthetic defensive cybersecurity observation related to phishing. This record is for awareness, analysis, and defensive security monitoring.",Persistence,Data from Information Repositories,
THR-2026-0881,2026-08-25 09:15:18,Suspicious Malware Indicator,Credential Threat,Domain,login-check.example.com,Public Threat Feed,B,74,High,68,CLOSED,2026-08-02 09:15:18,2026-08-29 09:15:18,United States,"Synthetic defensive cybersecurity observation related to credential threat. This record is for awareness, analysis, and defensive security monitoring.",Execution,Credential Phishing,
THR-2026-0882,2026-04-17 02:24:18,Credential Theft Observation,Account Security,Domain,login-check.invalid,Research Report,B,53,High,63,CLOSED,2026-03-30 02:24:18,2026-04-21 02:24:18,Australia,"Synthetic defensive cybersecurity observation related to account security. This record is for awareness, analysis, and defensive security monitoring.",Credential Access,Credential Phishing,
THR-2026-0883,2026-08-13 14:20:18,Account Security Event,Ransomware,CVE,CVE-2024-55933,Public Threat Feed,B,73,High,76,CLOSED,2026-07-31 14:20:18,2026-08-17 14:20:18,Singapore,"Synthetic defensive cybersecurity observation related to ransomware. This record is for awareness, analysis, and defensive security monitoring.",Execution,User Execution,CVE-2024-34263
THR-2026-0884,2026-07-17 00:26:18,Account Security Event,Ransomware,CVE,CVE-2024-2590,Unknown Source,D,73,Medium,50,FALSE_POSITIVE,2026-07-09 00:26:18,2026-07-18 00:26:18,United States,"Synthetic defensive cybersecurity observation related to ransomware. This record is for awareness, analysis, and defensive security monitoring.",Command and Control,Application Layer Protocol,CVE-2022-25867
THR-2026-0885,2026-06-30 11:20:18,Suspicious Malware Indicator,Malware,SHA-256,53e4f96a798675b64ccfccd4a2c4a477d2430c9582f7ddddb0401794bbcf7928,Research Report,B,27,High,61,MONITORING,2026-06-17 11:20:18,2026-07-05 11:20:18,United Kingdom,"Synthetic defensive cybersecurity observation related to malware. This record is for awareness, analysis, and defensive security monitoring.",Execution,User Execution,
THR-2026-0886,2026-05-04 19:00:18,Credential Theft Observation,Network Threat,URL,https://login-check.example.com/verify,Research Report,B,46,High,61,NEW,2026-04-28 19:00:18,2026-05-04 19:00:18,Singapore,"Synthetic defensive cybersecurity observation related to network threat. This record is for awareness, analysis, and defensive security monitoring.",Command and Control,Network Service Scanning,
THR-2026-0887,2026-06-16 02:56:18,Ransomware Activity Pattern,Phishing,URL,https://secure-login.invalid/verify,Security Vendor,A,57,Medium,45,UNDER_REVIEW,2026-05-18 02:56:18,2026-06-17 02:56:18,Global,"Synthetic defensive cybersecurity observation related to phishing. This record is for awareness, analysis, and defensive security monitoring.",Initial Access,Network Service Scanning,
THR-2026-0888,2026-08-24 04:50:18,Suspicious Malware Indicator,Phishing,Email/Sender Domain,alerts@cloud-security.invalid,Community Submission,C,47,High,66,MONITORING,2026-07-30 04:50:18,2026-08-25 04:50:18,Global,"Synthetic defensive cybersecurity observation related to phishing. This record is for awareness, analysis, and defensive security monitoring.",Exfiltration,Valid Accounts,
THR-2026-0889,2026-08-26 17:52:18,Ransomware Activity Pattern,Data Exposure,IP,198.51.100.132,Internal SOC,A,95,High,79,NEW,2026-08-21 17:52:18,2026-08-27 17:52:18,Singapore,"Synthetic defensive cybersecurity observation related to data exposure. This record is for awareness, analysis, and defensive security monitoring.",Discovery,Phishing,
THR-2026-0890,2026-07-02 17:01:18,Credential Theft Observation,Vulnerability Exposure,Domain,security-alert.invalid,Security Vendor,A,85,Medium,55,NEW,2026-06-24 17:01:18,2026-07-05 17:01:18,Germany,"Synthetic defensive cybersecurity observation related to vulnerability exposure. This record is for awareness, analysis, and defensive security monitoring.",Execution,Phishing,CVE-2026-8200
THR-2026-0891,2026-06-23 19:22:18,Account Security Event,Web Threat,SHA-256,f96e67344f885b1392a6392b06fe3698388fd2534a7702159616c68bd4949005,Community Submission,C,87,High,80,CLOSED,2026-05-24 19:22:18,2026-06-28 19:22:18,Global,"Synthetic defensive cybersecurity observation related to web threat. This record is for awareness, analysis, and defensive security monitoring.",Persistence,Network Service Scanning,
THR-2026-0892,2026-05-04 23:58:18,Suspicious Web Activity,Vulnerability Exposure,Domain,account-verify.invalid,Community Submission,C,88,High,62,MONITORING,2026-04-25 23:58:18,2026-05-04 23:58:18,Germany,"Synthetic defensive cybersecurity observation related to vulnerability exposure. This record is for awareness, analysis, and defensive security monitoring.",Execution,Data from Information Repositories,CVE-2024-25637
THR-2026-0893,2026-04-22 02:26:18,Social Engineering Attempt,Phishing,Domain,account-verify.example.net,Internal SOC,A,43,Medium,58,CLOSED,2026-04-15 02:26:18,2026-04-23 02:26:18,Germany,"Synthetic defensive cybersecurity observation related to phishing. This record is for awareness, analysis, and defensive security monitoring.",Command and Control,Credential Phishing,
THR-2026-0894,2026-04-25 08:33:18,Vulnerability Exposure,Network Threat,Domain,identity-check.example.net,Public Threat Feed,B,78,Medium,60,NEW,2026-04-14 08:33:18,2026-04-25 08:33:18,Singapore,"Synthetic defensive cybersecurity observation related to network threat. This record is for awareness, analysis, and defensive security monitoring.",Persistence,User Execution,
THR-2026-0895,2026-07-17 19:41:18,Potential Data Exposure,Data Exposure,Email/Sender Domain,alerts@account-verify.invalid,Security Vendor,A,86,Medium,60,NEW,2026-07-17 19:41:18,2026-07-17 19:41:18,Singapore,"Synthetic defensive cybersecurity observation related to data exposure. This record is for awareness, analysis, and defensive security monitoring.",Execution,Application Layer Protocol,
THR-2026-0896,2026-04-29 01:33:18,Social Engineering Attempt,Data Exposure,URL,https://cloud-security.example.net/verify,Community Submission,C,76,Medium,54,CLOSED,2026-04-18 01:33:18,2026-04-29 01:33:18,Global,"Synthetic defensive cybersecurity observation related to data exposure. This record is for awareness, analysis, and defensive security monitoring.",Discovery,Phishing,
THR-2026-0897,2026-07-12 14:06:18,Credential Theft Observation,Data Exposure,CVE,CVE-2021-41427,Unknown Source,D,89,High,72,CLOSED,2026-06-28 14:06:18,2026-07-17 14:06:18,United Kingdom,"Synthetic defensive cybersecurity observation related to data exposure. This record is for awareness, analysis, and defensive security monitoring.",Credential Access,Valid Accounts,CVE-2022-10319
THR-2026-0898,2026-06-21 07:24:18,Credential Theft Observation,Phishing,IP,192.0.2.254,Public Threat Feed,B,42,Medium,53,NEW,2026-06-04 07:24:18,2026-06-25 07:24:18,United States,"Synthetic defensive cybersecurity observation related to phishing. This record is for awareness, analysis, and defensive security monitoring.",Exfiltration,Phishing,
THR-2026-0899,2026-04-15 20:44:18,Network Threat Observation,Web Threat,CVE,CVE-2024-17913,Research Report,B,33,Medium,53,FALSE_POSITIVE,2026-04-13 20:44:18,2026-04-20 20:44:18,Singapore,"Synthetic defensive cybersecurity observation related to web threat. This record is for awareness, analysis, and defensive security monitoring.",Discovery,Data from Information Repositories,CVE-2023-41422
THR-2026-0900,2026-05-06 04:37:18,Suspicious Web Activity,Network Threat,CVE,CVE-2024-48466,Research Report,B,92,High,75,CLOSED,2026-04-10 04:37:18,2026-05-06 04:37:18,India,"Synthetic defensive cybersecurity observation related to network threat. This record is for awareness, analysis, and defensive security monitoring.",Discovery,User Execution,CVE-2023-34347
THR-2026-0901,2026-06-09 06:52:18,Vulnerability Exposure,Web Threat,IP,203.0.113.103,Community Submission,C,96,High,74,CLOSED,2026-06-06 06:52:18,2026-06-14 06:52:18,Singapore,"Synthetic defensive cybersecurity observation related to web threat. This record is for awareness, analysis, and defensive security monitoring.",Persistence,User Execution,
THR-2026-0902,2026-09-20 22:26:18,Synthetic Credential Phishing Campaign,Malware,Domain,account-verify.example.org,Security Vendor,A,86,High,62,NEW,2026-08-25 22:26:18,2026-09-23 22:26:18,United Kingdom,"Synthetic defensive cybersecurity observation related to malware. This record is for awareness, analysis, and defensive security monitoring.",Execution,Credential Phishing,
THR-2026-0903,2026-05-02 06:30:18,Suspicious Malware Indicator,Social Engineering,SHA-256,80769980fbd1383984ba3e14678ba9e754444c40931e993eae6a92be023d32d1,Public Threat Feed,B,76,High,67,NEW,2026-04-27 06:30:18,2026-05-06 06:30:18,India,"Synthetic defensive cybersecurity observation related to social engineering. This record is for awareness, analysis, and defensive security monitoring.",Exfiltration,Application Layer Protocol,
THR-2026-0904,2026-09-22 11:21:18,Network Threat Observation,Phishing,Domain,identity-check.example.org,Security Vendor,A,88,High,76,FALSE_POSITIVE,2026-09-17 11:21:18,2026-09-22 11:21:18,India,"Synthetic defensive cybersecurity observation related to phishing. This record is for awareness, analysis, and defensive security monitoring.",Initial Access,Valid Accounts,
THR-2026-0905,2026-08-22 22:59:18,Account Security Event,Web Threat,URL,https://cloud-security.invalid/verify,Public Threat Feed,B,35,Medium,41,FALSE_POSITIVE,2026-08-07 22:59:18,2026-08-22 22:59:18,United Kingdom,"Synthetic defensive cybersecurity observation related to web threat. This record is for awareness, analysis, and defensive security monitoring.",Execution,Phishing,
THR-2026-0906,2026-05-03 04:07:18,Ransomware Activity Pattern,Social Engineering,Email/Sender Domain,alerts@identity-check.example.net,Research Report,B,45,High,73,CLOSED,2026-04-24 04:07:18,2026-05-03 04:07:18,United Kingdom,"Synthetic defensive cybersecurity observation related to social engineering. This record is for awareness, analysis, and defensive security monitoring.",Discovery,User Execution,
THR-2026-0907,2026-04-18 01:38:18,Synthetic Credential Phishing Campaign,Web Threat,CVE,CVE-2025-58353,Security Vendor,A,76,High,71,NEW,2026-04-11 01:38:18,2026-04-21 01:38:18,United States,"Synthetic defensive cybersecurity observation related to web threat. This record is for awareness, analysis, and defensive security monitoring.",Initial Access,Credential Phishing,CVE-2021-6207
THR-2026-0908,2026-05-10 04:06:18,Potential Data Exposure,Ransomware,Domain,identity-check.example.org,Research Report,B,61,High,72,UNDER_REVIEW,2026-04-25 04:06:18,2026-05-13 04:06:18,Germany,"Synthetic defensive cybersecurity observation related to ransomware. This record is for awareness, analysis, and defensive security monitoring.",,,
THR-2026-0909,2026-08-01 23:40:18,Vulnerability Exposure,Phishing,URL,https://cloud-security.example.org/verify,Research Report,B,49,Low,39,CLOSED,2026-07-06 23:40:18,2026-08-04 23:40:18,United States,"Synthetic defensive cybersecurity observation related to phishing. This record is for awareness, analysis, and defensive security monitoring.",Exfiltration,User Execution,
THR-2026-0910,2026-08-01 22:46:18,Potential Data Exposure,Vulnerability Exposure,CVE,CVE-2025-33463,Security Vendor,A,97,High,66,MONITORING,2026-07-17 22:46:18,2026-08-03 22:46:18,United States,"Synthetic defensive cybersecurity observation related to vulnerability exposure. This record is for awareness, analysis, and defensive security monitoring.",,,CVE-2022-16730
THR-2026-0911,2026-05-01 00:30:18,Potential Data Exposure,Ransomware,SHA-256,bf1cdec615b4425b1b272f37dbf051033f0484a59b8b74aa9f8990f3d563183f,Research Report,B,26,Medium,43,UNDER_REVIEW,2026-05-01 00:30:18,2026-05-01 00:30:18,United States,"Synthetic defensive cybersecurity observation related to ransomware. This record is for awareness, analysis, and defensive security monitoring.",Persistence,Application Layer Protocol,
THR-2026-0912,2026-08-15 22:02:18,Account Security Event,Data Exposure,URL,https://secure-login.example.org/verify,Internal SOC,A,92,Critical,87,FALSE_POSITIVE,2026-07-16 22:02:18,2026-08-20 22:02:18,Global,"Synthetic defensive cybersecurity observation related to data exposure. This record is for awareness, analysis, and defensive security monitoring.",Credential Access,Phishing,
THR-2026-0913,2026-05-02 17:37:18,Suspicious Web Activity,Web Threat,URL,https://account-verify.invalid/verify,Community Submission,C,33,Medium,47,UNDER_REVIEW,2026-04-03 17:37:18,2026-05-04 17:37:18,Australia,"Synthetic defensive cybersecurity observation related to web threat. This record is for awareness, analysis, and defensive security monitoring.",,,
THR-2026-0914,2026-06-12 04:26:18,Suspicious Web Activity,Account Security,URL,https://secure-login.example.net/verify,Internal SOC,A,25,Medium,46,NEW,2026-06-12 04:26:18,2026-06-15 04:26:18,Singapore,"Synthetic defensive cybersecurity observation related to account security. This record is for awareness, analysis, and defensive security monitoring.",Exfiltration,Application Layer Protocol,
THR-2026-0915,2026-07-24 07:57:18,Ransomware Activity Pattern,Web Threat,Email/Sender Domain,alerts@secure-login.example.com,Community Submission,C,88,High,77,NEW,2026-07-17 07:57:18,2026-07-27 07:57:18,Australia,"Synthetic defensive cybersecurity observation related to web threat. This record is for awareness, analysis, and defensive security monitoring.",Credential Access,Phishing,
THR-2026-0916,2026-08-22 14:33:18,Ransomware Activity Pattern,Network Threat,CVE,CVE-2023-7396,Research Report,B,86,Medium,56,MONITORING,2026-08-01 14:33:18,2026-08-24 14:33:18,United Kingdom,"Synthetic defensive cybersecurity observation related to network threat. This record is for awareness, analysis, and defensive security monitoring.",,,CVE-2024-14375
THR-2026-0917,2026-10-05 04:47:18,Suspicious Malware Indicator,Data Exposure,CVE,CVE-2025-51200,Security Vendor,A,33,Medium,54,FALSE_POSITIVE,2026-09-11 04:47:18,2026-10-07 04:47:18,Germany,"Synthetic defensive cybersecurity observation related to data exposure. This record is for awareness, analysis, and defensive security monitoring.",,,CVE-2024-23120
THR-2026-0918,2026-07-07 06:27:18,Synthetic Credential Phishing Campaign,Data Exposure,IP,203.0.113.206,Community Submission,C,60,Medium,56,NEW,2026-06-12 06:27:18,2026-07-08 06:27:18,India,"Synthetic defensive cybersecurity observation related to data exposure. This record is for awareness, analysis, and defensive security monitoring.",Execution,Valid Accounts,
THR-2026-0919,2026-07-08 11:30:18,Potential Data Exposure,Network Threat,Domain,cloud-security.example.net,Research Report,B,93,Critical,82,UNDER_REVIEW,2026-06-11 11:30:18,2026-07-11 11:30:18,United States,"Synthetic defensive cybersecurity observation related to network threat. This record is for awareness, analysis, and defensive security monitoring.",,,
THR-2026-0920,2026-05-15 21:27:18,Synthetic Credential Phishing Campaign,Credential Threat,Email/Sender Domain,alerts@login-check.example.net,Public Threat Feed,B,33,High,66,UNDER_REVIEW,2026-05-05 21:27:18,2026-05-20 21:27:18,India,"Synthetic defensive cybersecurity observation related to credential threat. This record is for awareness, analysis, and defensive security monitoring.",,,
THR-2026-0921,2026-07-16 21:46:18,Suspicious Malware Indicator,Account Security,URL,https://secure-login.example.com/verify,Community Submission,C,72,Medium,48,CLOSED,2026-07-12 21:46:18,2026-07-16 21:46:18,Germany,"Synthetic defensive cybersecurity observation related to account security. This record is for awareness, analysis, and defensive security monitoring.",Discovery,Network Service Scanning,
THR-2026-0922,2026-05-20 22:33:18,Ransomware Activity Pattern,Network Threat,IP,203.0.113.67,Internal SOC,A,29,High,61,CLOSED,2026-05-19 22:33:18,2026-05-20 22:33:18,United States,"Synthetic defensive cybersecurity observation related to network threat. This record is for awareness, analysis, and defensive security monitoring.",Persistence,User Execution,
THR-2026-0923,2026-06-23 11:50:18,Account Security Event,Vulnerability Exposure,IP,203.0.113.219,Security Vendor,A,71,High,73,NEW,2026-06-14 11:50:18,2026-06-25 11:50:18,United Kingdom,"Synthetic defensive cybersecurity observation related to vulnerability exposure. This record is for awareness, analysis, and defensive security monitoring.",Initial Access,Phishing,CVE-2022-35403
THR-2026-0924,2026-09-15 04:48:18,Suspicious Malware Indicator,Web Threat,URL,https://cloud-security.example.org/verify,Community Submission,C,40,Medium,57,FALSE_POSITIVE,2026-09-07 04:48:18,2026-09-17 04:48:18,Australia,"Synthetic defensive cybersecurity observation related to web threat. This record is for awareness, analysis, and defensive security monitoring.",Persistence,Phishing,
THR-2026-0925,2026-08-31 09:45:18,Social Engineering Attempt,Vulnerability Exposure,IP,198.51.100.104,Internal SOC,A,78,Medium,56,FALSE_POSITIVE,2026-08-01 09:45:18,2026-09-04 09:45:18,India,"Synthetic defensive cybersecurity observation related to vulnerability exposure. This record is for awareness, analysis, and defensive security monitoring.",,,CVE-2024-3786
THR-2026-0926,2026-08-23 06:10:18,Synthetic Credential Phishing Campaign,Web Threat,Domain,update-service.example.com,Unknown Source,D,96,High,77,UNDER_REVIEW,2026-07-25 06:10:18,2026-08-27 06:10:18,United States,"Synthetic defensive cybersecurity observation related to web threat. This record is for awareness, analysis, and defensive security monitoring.",Command and Control,Data from Information Repositories,
THR-2026-0927,2026-05-10 12:02:18,Synthetic Credential Phishing Campaign,Data Exposure,Domain,update-service.example.com,Research Report,B,25,High,71,FALSE_POSITIVE,2026-04-14 12:02:18,2026-05-11 12:02:18,Australia,"Synthetic defensive cybersecurity observation related to data exposure. This record is for awareness, analysis, and defensive security monitoring.",Credential Access,Valid Accounts,
THR-2026-0928,2026-07-24 03:36:18,Account Security Event,Data Exposure,URL,https://update-service.invalid/verify,Unknown Source,D,76,High,72,NEW,2026-07-05 03:36:18,2026-07-24 03:36:18,Germany,"Synthetic defensive cybersecurity observation related to data exposure. This record is for awareness, analysis, and defensive security monitoring.",Discovery,Valid Accounts,
THR-2026-0929,2026-09-01 13:49:18,Vulnerability Exposure,Web Threat,CVE,CVE-2022-15295,Unknown Source,D,48,Medium,52,MONITORING,2026-08-25 13:49:18,2026-09-02 13:49:18,India,"Synthetic defensive cybersecurity observation related to web threat. This record is for awareness, analysis, and defensive security monitoring.",,,CVE-2021-45831
THR-2026-0930,2026-07-10 05:23:18,Suspicious Malware Indicator,Account Security,IP,198.51.100.84,Unknown Source,D,39,Medium,58,CLOSED,2026-07-06 05:23:18,2026-07-11 05:23:18,Germany,"Synthetic defensive cybersecurity observation related to account security. This record is for awareness, analysis, and defensive security monitoring.",Command and Control,Network Service Scanning,
THR-2026-0931,2026-04-17 14:36:18,Suspicious Web Activity,Web Threat,SHA-256,ab4b914f32d38423caac03416f51eb2357b62879124d2335f05971c867cf3b20,Public Threat Feed,B,43,Medium,59,CLOSED,2026-04-02 14:36:18,2026-04-20 14:36:18,Germany,"Synthetic defensive cybersecurity observation related to web threat. This record is for awareness, analysis, and defensive security monitoring.",Execution,Phishing,
THR-2026-0932,2026-08-30 02:34:18,Account Security Event,Phishing,CVE,CVE-2024-23796,Internal SOC,A,62,Medium,56,MONITORING,2026-08-25 02:34:18,2026-09-02 02:34:18,Australia,"Synthetic defensive cybersecurity observation related to phishing. This record is for awareness, analysis, and defensive security monitoring.",Execution,Credential Phishing,CVE-2025-5279
THR-2026-0933,2026-08-09 20:54:18,Potential Data Exposure,Credential Threat,CVE,CVE-2025-43066,Security Vendor,A,86,High,78,UNDER_REVIEW,2026-08-05 20:54:18,2026-08-09 20:54:18,India,"Synthetic defensive cybersecurity observation related to credential threat. This record is for awareness, analysis, and defensive security monitoring.",Persistence,Application Layer Protocol,CVE-2024-15344
THR-2026-0934,2026-06-24 11:47:18,Suspicious Web Activity,Network Threat,Email/Sender Domain,alerts@cloud-security.example.com,Security Vendor,A,37,Medium,56,FALSE_POSITIVE,2026-06-06 11:47:18,2026-06-24 11:47:18,Global,"Synthetic defensive cybersecurity observation related to network threat. This record is for awareness, analysis, and defensive security monitoring.",Discovery,Network Service Scanning,
THR-2026-0935,2026-04-11 18:25:18,Ransomware Activity Pattern,Data Exposure,Domain,login-check.example.org,Internal SOC,A,92,High,66,CLOSED,2026-03-24 18:25:18,2026-04-13 18:25:18,United Kingdom,"Synthetic defensive cybersecurity observation related to data exposure. This record is for awareness, analysis, and defensive security monitoring.",Command and Control,Data from Information Repositories,
THR-2026-0936,2026-07-06 08:27:18,Network Threat Observation,Web Threat,Email/Sender Domain,alerts@login-check.example.org,Security Vendor,A,76,High,65,MONITORING,2026-06-21 08:27:18,2026-07-10 08:27:18,Germany,"Synthetic defensive cybersecurity observation related to web threat. This record is for awareness, analysis, and defensive security monitoring.",Exfiltration,Valid Accounts,
THR-2026-0937,2026-09-08 16:54:18,Credential Theft Observation,Data Exposure,URL,https://update-service.example.net/verify,Research Report,B,80,Medium,60,FALSE_POSITIVE,2026-09-04 16:54:18,2026-09-09 16:54:18,Australia,"Synthetic defensive cybersecurity observation related to data exposure. This record is for awareness, analysis, and defensive security monitoring.",Initial Access,Phishing,
THR-2026-0938,2026-09-11 10:35:18,Suspicious Web Activity,Data Exposure,SHA-256,ce336bdefa6f946165cdaa81a3ca804a001e08d40dcb4826caf44f29f0823342,Research Report,B,53,High,66,FALSE_POSITIVE,2026-09-11 10:35:18,2026-09-15 10:35:18,Germany,"Synthetic defensive cybersecurity observation related to data exposure. This record is for awareness, analysis, and defensive security monitoring.",,,
THR-2026-0939,2026-05-04 18:04:18,Suspicious Web Activity,Credential Threat,IP,203.0.113.43,Internal SOC,A,55,Medium,54,NEW,2026-04-14 18:04:18,2026-05-05 18:04:18,Global,"Synthetic defensive cybersecurity observation related to credential threat. This record is for awareness, analysis, and defensive security monitoring.",Credential Access,Data from Information Repositories,
THR-2026-0940,2026-05-11 03:51:18,Social Engineering Attempt,Credential Threat,SHA-256,72251e9df1557591267bd7b269bc38369c626a6334c0b7ce253d1fceee1c178f,Public Threat Feed,B,37,High,66,UNDER_REVIEW,2026-04-28 03:51:18,2026-05-16 03:51:18,India,"Synthetic defensive cybersecurity observation related to credential threat. This record is for awareness, analysis, and defensive security monitoring.",Command and Control,Phishing,
THR-2026-0941,2026-08-21 04:59:18,Synthetic Credential Phishing Campaign,Account Security,IP,203.0.113.116,Security Vendor,A,49,Medium,54,UNDER_REVIEW,2026-08-15 04:59:18,2026-08-22 04:59:18,Singapore,"Synthetic defensive cybersecurity observation related to account security. This record is for awareness, analysis, and defensive security monitoring.",Execution,Phishing,
THR-2026-0942,2026-04-12 22:42:18,Network Threat Observation,Malware,CVE,CVE-2021-35932,Security Vendor,A,51,High,75,UNDER_REVIEW,2026-03-21 22:42:18,2026-04-12 22:42:18,Australia,"Synthetic defensive cybersecurity observation related to malware. This record is for awareness, analysis, and defensive security monitoring.",Exfiltration,Credential Phishing,CVE-2021-12231
THR-2026-0943,2026-06-16 04:07:18,Potential Data Exposure,Malware,IP,203.0.113.136,Public Threat Feed,B,52,Medium,56,FALSE_POSITIVE,2026-05-21 04:07:18,2026-06-17 04:07:18,Singapore,"Synthetic defensive cybersecurity observation related to malware. This record is for awareness, analysis, and defensive security monitoring.",Persistence,Credential Phishing,
THR-2026-0944,2026-05-01 21:34:18,Synthetic Credential Phishing Campaign,Ransomware,Email/Sender Domain,alerts@security-alert.example.net,Community Submission,C,97,High,73,MONITORING,2026-04-21 21:34:18,2026-05-03 21:34:18,Germany,"Synthetic defensive cybersecurity observation related to ransomware. This record is for awareness, analysis, and defensive security monitoring.",,,
THR-2026-0945,2026-08-07 12:07:18,Account Security Event,Data Exposure,SHA-256,501eaf4efc481cf2244b34f52f74c83fea5a975cd63be42b6aa6fd8b3302f6af,Community Submission,C,39,High,68,UNDER_REVIEW,2026-07-21 12:07:18,2026-08-07 12:07:18,India,"Synthetic defensive cybersecurity observation related to data exposure. This record is for awareness, analysis, and defensive security monitoring.",Discovery,Valid Accounts,
THR-2026-0946,2026-05-19 09:36:18,Potential Data Exposure,Data Exposure,Domain,login-check.example.org,Internal SOC,A,55,High,70,MONITORING,2026-05-02 09:36:18,2026-05-23 09:36:18,United Kingdom,"Synthetic defensive cybersecurity observation related to data exposure. This record is for awareness, analysis, and defensive security monitoring.",Discovery,Valid Accounts,
THR-2026-0947,2026-05-26 07:12:18,Potential Data Exposure,Ransomware,IP,192.0.2.189,Research Report,B,51,Medium,51,MONITORING,2026-05-12 07:12:18,2026-05-26 07:12:18,Germany,"Synthetic defensive cybersecurity observation related to ransomware. This record is for awareness, analysis, and defensive security monitoring.",Execution,Application Layer Protocol,
THR-2026-0948,2026-09-28 09:31:18,Suspicious Malware Indicator,Web Threat,URL,https://identity-check.example.com/verify,Unknown Source,D,26,Low,36,CLOSED,2026-09-23 09:31:18,2026-10-03 09:31:18,Global,"Synthetic defensive cybersecurity observation related to web threat. This record is for awareness, analysis, and defensive security monitoring.",Initial Access,Credential Phishing,
THR-2026-0949,2026-06-29 14:44:18,Ransomware Activity Pattern,Data Exposure,CVE,CVE-2021-36767,Unknown Source,D,28,Medium,51,UNDER_REVIEW,2026-06-04 14:44:18,2026-07-03 14:44:18,Singapore,"Synthetic defensive cybersecurity observation related to data exposure. This record is for awareness, analysis, and defensive security monitoring.",Command and Control,Network Service Scanning,CVE-2023-18092
THR-2026-0950,2026-07-23 19:12:18,Synthetic Credential Phishing Campaign,Data Exposure,SHA-256,82e395b7df03c14ddffa0af5d89298b63b0e9f238be034975d3018044029443c,Public Threat Feed,B,91,High,64,CLOSED,2026-06-28 19:12:18,2026-07-23 19:12:18,Germany,"Synthetic defensive cybersecurity observation related to data exposure. This record is for awareness, analysis, and defensive security monitoring.",Initial Access,Phishing,
THR-2026-0951,2026-04-26 01:46:18,Ransomware Activity Pattern,Account Security,IP,198.51.100.97,Community Submission,C,58,Medium,50,FALSE_POSITIVE,2026-04-15 01:46:18,2026-05-01 01:46:18,India,"Synthetic defensive cybersecurity observation related to account security. This record is for awareness, analysis, and defensive security monitoring.",Execution,Credential Phishing,
THR-2026-0952,2026-08-22 17:27:18,Social Engineering Attempt,Ransomware,URL,https://login-check.example.net/verify,Community Submission,C,66,High,63,UNDER_REVIEW,2026-07-30 17:27:18,2026-08-22 17:27:18,United States,"Synthetic defensive cybersecurity observation related to ransomware. This record is for awareness, analysis, and defensive security monitoring.",Credential Access,Network Service Scanning,
THR-2026-0953,2026-04-25 19:40:18,Synthetic Credential Phishing Campaign,Account Security,Email/Sender Domain,alerts@login-check.example.net,Internal SOC,A,70,High,67,MONITORING,2026-04-21 19:40:18,2026-04-25 19:40:18,Global,"Synthetic defensive cybersecurity observation related to account security. This record is for awareness, analysis, and defensive security monitoring.",Discovery,Phishing,
THR-2026-0954,2026-05-17 20:20:18,Credential Theft Observation,Data Exposure,Email/Sender Domain,alerts@secure-login.invalid,Community Submission,C,58,High,68,CLOSED,2026-04-19 20:20:18,2026-05-18 20:20:18,United Kingdom,"Synthetic defensive cybersecurity observation related to data exposure. This record is for awareness, analysis, and defensive security monitoring.",,,
THR-2026-0955,2026-08-22 19:15:18,Vulnerability Exposure,Credential Threat,Domain,account-verify.example.com,Unknown Source,D,43,High,67,NEW,2026-08-02 19:15:18,2026-08-27 19:15:18,United States,"Synthetic defensive cybersecurity observation related to credential threat. This record is for awareness, analysis, and defensive security monitoring.",Credential Access,Data from Information Repositories,
THR-2026-0956,2026-08-02 09:22:18,Vulnerability Exposure,Ransomware,URL,https://security-alert.example.org/verify,Research Report,B,92,High,71,MONITORING,2026-07-06 09:22:18,2026-08-02 09:22:18,Global,"Synthetic defensive cybersecurity observation related to ransomware. This record is for awareness, analysis, and defensive security monitoring.",Persistence,Data from Information Repositories,
THR-2026-0957,2026-04-14 06:33:18,Social Engineering Attempt,Phishing,Domain,update-service.example.org,Internal SOC,A,54,High,63,CLOSED,2026-04-08 06:33:18,2026-04-19 06:33:18,Global,"Synthetic defensive cybersecurity observation related to phishing. This record is for awareness, analysis, and defensive security monitoring.",Persistence,Data from Information Repositories,
THR-2026-0958,2026-09-08 00:36:18,Suspicious Web Activity,Web Threat,Email/Sender Domain,alerts@account-verify.example.com,Community Submission,C,92,High,72,CLOSED,2026-08-22 00:36:18,2026-09-13 00:36:18,Singapore,"Synthetic defensive cybersecurity observation related to web threat. This record is for awareness, analysis, and defensive security monitoring.",Exfiltration,Application Layer Protocol,
THR-2026-0959,2026-08-05 04:53:18,Account Security Event,Phishing,CVE,CVE-2023-58899,Public Threat Feed,B,29,Medium,56,NEW,2026-07-30 04:53:18,2026-08-06 04:53:18,Germany,"Synthetic defensive cybersecurity observation related to phishing. This record is for awareness, analysis, and defensive security monitoring.",,,CVE-2025-17889
THR-2026-0960,2026-06-07 11:55:18,Credential Theft Observation,Credential Threat,Domain,security-alert.invalid,Community Submission,C,36,High,64,UNDER_REVIEW,2026-05-13 11:55:18,2026-06-07 11:55:18,Germany,"Synthetic defensive cybersecurity observation related to credential threat. This record is for awareness, analysis, and defensive security monitoring.",,,
THR-2026-0961,2026-09-26 12:47:18,Social Engineering Attempt,Credential Threat,Domain,cloud-security.example.org,Community Submission,C,66,Medium,59,CLOSED,2026-08-27 12:47:18,2026-09-26 12:47:18,India,"Synthetic defensive cybersecurity observation related to credential threat. This record is for awareness, analysis, and defensive security monitoring.",Credential Access,Network Service Scanning,
THR-2026-0962,2026-08-13 11:00:18,Potential Data Exposure,Vulnerability Exposure,Email/Sender Domain,alerts@security-alert.invalid,Internal SOC,A,92,High,70,UNDER_REVIEW,2026-08-13 11:00:18,2026-08-17 11:00:18,Australia,"Synthetic defensive cybersecurity observation related to vulnerability exposure. This record is for awareness, analysis, and defensive security monitoring.",Credential Access,User Execution,CVE-2024-8340
THR-2026-0963,2026-09-04 11:53:18,Account Security Event,Social Engineering,CVE,CVE-2023-9776,Community Submission,C,58,High,74,NEW,2026-08-22 11:53:18,2026-09-04 11:53:18,India,"Synthetic defensive cybersecurity observation related to social engineering. This record is for awareness, analysis, and defensive security monitoring.",Persistence,Network Service Scanning,CVE-2024-25111
THR-2026-0964,2026-08-09 04:26:18,Account Security Event,Malware,IP,192.0.2.194,Public Threat Feed,B,98,High,78,CLOSED,2026-07-24 04:26:18,2026-08-12 04:26:18,United States,"Synthetic defensive cybersecurity observation related to malware. This record is for awareness, analysis, and defensive security monitoring.",Execution,Data from Information Repositories,
THR-2026-0965,2026-07-27 01:30:18,Synthetic Credential Phishing Campaign,Ransomware,Domain,identity-check.example.org,Internal SOC,A,89,High,68,UNDER_REVIEW,2026-07-14 01:30:18,2026-07-27 01:30:18,Singapore,"Synthetic defensive cybersecurity observation related to ransomware. This record is for awareness, analysis, and defensive security monitoring.",Discovery,Credential Phishing,
THR-2026-0966,2026-06-17 22:01:18,Suspicious Malware Indicator,Phishing,URL,https://identity-check.example.com/verify,Community Submission,C,68,High,73,CLOSED,2026-05-25 22:01:18,2026-06-17 22:01:18,Global,"Synthetic defensive cybersecurity observation related to phishing. This record is for awareness, analysis, and defensive security monitoring.",Exfiltration,Phishing,
THR-2026-0967,2026-06-25 16:46:18,Social Engineering Attempt,Phishing,Domain,login-check.example.org,Research Report,B,32,High,65,UNDER_REVIEW,2026-05-30 16:46:18,2026-06-25 16:46:18,India,"Synthetic defensive cybersecurity observation related to phishing. This record is for awareness, analysis, and defensive security monitoring.",,,
THR-2026-0968,2026-05-27 18:40:18,Social Engineering Attempt,Ransomware,Domain,update-service.example.com,Internal SOC,A,68,High,61,FALSE_POSITIVE,2026-05-14 18:40:18,2026-05-31 18:40:18,United States,"Synthetic defensive cybersecurity observation related to ransomware. This record is for awareness, analysis, and defensive security monitoring.",Discovery,Data from Information Repositories,
THR-2026-0969,2026-10-03 19:23:18,Social Engineering Attempt,Web Threat,URL,https://cloud-security.example.com/verify,Public Threat Feed,B,30,Medium,57,CLOSED,2026-09-09 19:23:18,2026-10-04 19:23:18,India,"Synthetic defensive cybersecurity observation related to web threat. This record is for awareness, analysis, and defensive security monitoring.",Execution,Valid Accounts,
THR-2026-0970,2026-05-03 10:19:18,Suspicious Web Activity,Network Threat,Email/Sender Domain,alerts@account-verify.example.com,Community Submission,C,31,Medium,53,NEW,2026-04-22 10:19:18,2026-05-07 10:19:18,Australia,"Synthetic defensive cybersecurity observation related to network threat. This record is for awareness, analysis, and defensive security monitoring.",Credential Access,User Execution,
THR-2026-0971,2026-05-11 22:56:18,Account Security Event,Account Security,Domain,cloud-security.example.net,Public Threat Feed,B,98,High,78,NEW,2026-04-17 22:56:18,2026-05-16 22:56:18,Singapore,"Synthetic defensive cybersecurity observation related to account security. This record is for awareness, analysis, and defensive security monitoring.",Persistence,Valid Accounts,
THR-2026-0972,2026-09-09 02:50:18,Credential Theft Observation,Data Exposure,URL,https://security-alert.example.com/verify,Public Threat Feed,B,97,High,74,NEW,2026-08-16 02:50:18,2026-09-13 02:50:18,United States,"Synthetic defensive cybersecurity observation related to data exposure. This record is for awareness, analysis, and defensive security monitoring.",Exfiltration,Data from Information Repositories,
THR-2026-0973,2026-06-22 16:07:18,Suspicious Malware Indicator,Credential Threat,URL,https://update-service.example.net/verify,Research Report,B,80,High,72,NEW,2026-06-22 16:07:18,2026-06-26 16:07:18,Australia,"Synthetic defensive cybersecurity observation related to credential threat. This record is for awareness, analysis, and defensive security monitoring.",,,
THR-2026-0974,2026-08-10 01:09:18,Potential Data Exposure,Social Engineering,Domain,security-alert.invalid,Public Threat Feed,B,64,High,72,MONITORING,2026-07-20 01:09:18,2026-08-14 01:09:18,Global,"Synthetic defensive cybersecurity observation related to social engineering. This record is for awareness, analysis, and defensive security monitoring.",Initial Access,User Execution,
THR-2026-0975,2026-07-10 11:16:18,Ransomware Activity Pattern,Vulnerability Exposure,CVE,CVE-2024-44313,Research Report,B,43,Medium,57,MONITORING,2026-06-15 11:16:18,2026-07-11 11:16:18,India,"Synthetic defensive cybersecurity observation related to vulnerability exposure. This record is for awareness, analysis, and defensive security monitoring.",Exfiltration,Network Service Scanning,CVE-2023-36684
THR-2026-0976,2026-10-01 18:21:18,Ransomware Activity Pattern,Vulnerability Exposure,Email/Sender Domain,alerts@cloud-security.example.com,Internal SOC,A,77,High,64,FALSE_POSITIVE,2026-09-06 18:21:18,2026-10-04 18:21:18,United Kingdom,"Synthetic defensive cybersecurity observation related to vulnerability exposure. This record is for awareness, analysis, and defensive security monitoring.",Discovery,User Execution,CVE-2026-58821
THR-2026-0977,2026-05-08 01:57:18,Synthetic Credential Phishing Campaign,Malware,URL,https://cloud-security.example.com/verify,Unknown Source,D,59,High,66,CLOSED,2026-04-22 01:57:18,2026-05-10 01:57:18,Global,"Synthetic defensive cybersecurity observation related to malware. This record is for awareness, analysis, and defensive security monitoring.",Execution,Phishing,
THR-2026-0978,2026-09-19 10:44:18,Credential Theft Observation,Phishing,CVE,CVE-2025-22944,Community Submission,C,80,Critical,84,NEW,2026-08-24 10:44:18,2026-09-22 10:44:18,India,"Synthetic defensive cybersecurity observation related to phishing. This record is for awareness, analysis, and defensive security monitoring.",,,CVE-2021-44798
THR-2026-0979,2026-09-16 12:31:18,Potential Data Exposure,Malware,SHA-256,d50afe34ef375074fd3b9763e1fb14a10429d466cd0ba93a69444de72be3383d,Research Report,B,60,High,68,FALSE_POSITIVE,2026-09-15 12:31:18,2026-09-19 12:31:18,Germany,"Synthetic defensive cybersecurity observation related to malware. This record is for awareness, analysis, and defensive security monitoring.",Command and Control,Credential Phishing,
THR-2026-0980,2026-05-31 21:23:18,Social Engineering Attempt,Ransomware,IP,192.0.2.186,Research Report,B,53,High,61,CLOSED,2026-05-12 21:23:18,2026-06-02 21:23:18,Global,"Synthetic defensive cybersecurity observation related to ransomware. This record is for awareness, analysis, and defensive security monitoring.",,,
THR-2026-0981,2026-06-01 12:11:18,Account Security Event,Vulnerability Exposure,CVE,CVE-2021-51404,Research Report,B,42,Low,40,MONITORING,2026-05-06 12:11:18,2026-06-04 12:11:18,India,"Synthetic defensive cybersecurity observation related to vulnerability exposure. This record is for awareness, analysis, and defensive security monitoring.",Credential Access,Network Service Scanning,CVE-2022-38055
THR-2026-0982,2026-09-13 06:52:18,Credential Theft Observation,Data Exposure,URL,https://account-verify.example.net/verify,Unknown Source,D,49,Medium,44,NEW,2026-09-03 06:52:18,2026-09-15 06:52:18,Germany,"Synthetic defensive cybersecurity observation related to data exposure. This record is for awareness, analysis, and defensive security monitoring.",Discovery,Phishing,
THR-2026-0983,2026-08-25 11:27:18,Potential Data Exposure,Social Engineering,IP,203.0.113.82,Research Report,B,46,Medium,56,UNDER_REVIEW,2026-08-22 11:27:18,2026-08-26 11:27:18,Germany,"Synthetic defensive cybersecurity observation related to social engineering. This record is for awareness, analysis, and defensive security monitoring.",,,
THR-2026-0984,2026-06-13 08:54:18,Account Security Event,Social Engineering,Email/Sender Domain,alerts@login-check.example.com,Public Threat Feed,B,69,High,63,FALSE_POSITIVE,2026-05-23 08:54:18,2026-06-17 08:54:18,United Kingdom,"Synthetic defensive cybersecurity observation related to social engineering. This record is for awareness, analysis, and defensive security monitoring.",Initial Access,Valid Accounts,
THR-2026-0985,2026-08-05 21:38:18,Ransomware Activity Pattern,Vulnerability Exposure,URL,https://update-service.example.net/verify,Internal SOC,A,37,Medium,56,FALSE_POSITIVE,2026-07-15 21:38:18,2026-08-07 21:38:18,United States,"Synthetic defensive cybersecurity observation related to vulnerability exposure. This record is for awareness, analysis, and defensive security monitoring.",Execution,Phishing,CVE-2025-8096
THR-2026-0986,2026-09-08 15:39:18,Potential Data Exposure,Phishing,Domain,account-verify.example.net,Research Report,B,87,High,80,FALSE_POSITIVE,2026-08-31 15:39:18,2026-09-12 15:39:18,Germany,"Synthetic defensive cybersecurity observation related to phishing. This record is for awareness, analysis, and defensive security monitoring.",,,
THR-2026-0987,2026-05-27 06:17:18,Credential Theft Observation,Credential Threat,SHA-256,6672e828d9e71c72a8c419bb19a9ce85ea46343894fdb0152c6aa11b48e335a6,Research Report,B,54,High,74,CLOSED,2026-05-06 06:17:18,2026-05-29 06:17:18,Australia,"Synthetic defensive cybersecurity observation related to credential threat. This record is for awareness, analysis, and defensive security monitoring.",,,
THR-2026-0988,2026-06-10 20:07:18,Vulnerability Exposure,Phishing,SHA-256,2db7a9ea2f936ed72fba0787fafd773afe248d52f7a382ec16f9710caf0c1055,Research Report,B,94,High,76,UNDER_REVIEW,2026-06-09 20:07:18,2026-06-13 20:07:18,Global,"Synthetic defensive cybersecurity observation related to phishing. This record is for awareness, analysis, and defensive security monitoring.",,,
THR-2026-0989,2026-08-20 04:11:18,Vulnerability Exposure,Phishing,URL,https://identity-check.example.org/verify,Unknown Source,D,73,High,64,NEW,2026-08-09 04:11:18,2026-08-22 04:11:18,Global,"Synthetic defensive cybersecurity observation related to phishing. This record is for awareness, analysis, and defensive security monitoring.",,,
THR-2026-0990,2026-08-27 12:47:18,Account Security Event,Network Threat,Email/Sender Domain,alerts@security-alert.example.org,Security Vendor,A,38,High,71,FALSE_POSITIVE,2026-08-11 12:47:18,2026-09-01 12:47:18,Germany,"Synthetic defensive cybersecurity observation related to network threat. This record is for awareness, analysis, and defensive security monitoring.",,,
THR-2026-0991,2026-08-05 22:12:18,Synthetic Credential Phishing Campaign,Social Engineering,Email/Sender Domain,alerts@security-alert.example.com,Public Threat Feed,B,96,Critical,87,NEW,2026-07-17 22:12:18,2026-08-09 22:12:18,Global,"Synthetic defensive cybersecurity observation related to social engineering. This record is for awareness, analysis, and defensive security monitoring.",Persistence,Data from Information Repositories,
THR-2026-0992,2026-04-11 03:19:18,Account Security Event,Phishing,Email/Sender Domain,alerts@account-verify.invalid,Security Vendor,A,54,High,74,NEW,2026-04-02 03:19:18,2026-04-16 03:19:18,United Kingdom,"Synthetic defensive cybersecurity observation related to phishing. This record is for awareness, analysis, and defensive security monitoring.",Persistence,Credential Phishing,
THR-2026-0993,2026-08-21 03:54:18,Credential Theft Observation,Data Exposure,Email/Sender Domain,alerts@secure-login.example.com,Research Report,B,29,Medium,53,NEW,2026-08-04 03:54:18,2026-08-24 03:54:18,Singapore,"Synthetic defensive cybersecurity observation related to data exposure. This record is for awareness, analysis, and defensive security monitoring.",Credential Access,User Execution,
THR-2026-0994,2026-05-31 16:17:18,Vulnerability Exposure,Vulnerability Exposure,IP,203.0.113.128,Community Submission,C,33,High,76,UNDER_REVIEW,2026-05-16 16:17:18,2026-06-03 16:17:18,Global,"Synthetic defensive cybersecurity observation related to vulnerability exposure. This record is for awareness, analysis, and defensive security monitoring.",,,CVE-2025-38656
THR-2026-0995,2026-07-15 14:18:18,Credential Theft Observation,Ransomware,URL,https://account-verify.invalid/verify,Unknown Source,D,50,High,66,MONITORING,2026-07-15 14:18:18,2026-07-18 14:18:18,India,"Synthetic defensive cybersecurity observation related to ransomware. This record is for awareness, analysis, and defensive security monitoring.",,,
THR-2026-0996,2026-09-27 14:44:18,Network Threat Observation,Network Threat,SHA-256,cde23bf0178c96feb86cb3cb791aa7d98739883de267c5e057c3ced8482b1846,Community Submission,C,67,High,62,MONITORING,2026-09-22 14:44:18,2026-09-29 14:44:18,United Kingdom,"Synthetic defensive cybersecurity observation related to network threat. This record is for awareness, analysis, and defensive security monitoring.",,,
THR-2026-0997,2026-07-22 06:11:18,Account Security Event,Ransomware,Email/Sender Domain,alerts@cloud-security.example.org,Security Vendor,A,75,High,61,CLOSED,2026-07-15 06:11:18,2026-07-27 06:11:18,Global,"Synthetic defensive cybersecurity observation related to ransomware. This record is for awareness, analysis, and defensive security monitoring.",Exfiltration,Valid Accounts,
THR-2026-0998,2026-08-24 03:46:18,Network Threat Observation,Credential Threat,Email/Sender Domain,alerts@identity-check.example.net,Public Threat Feed,B,98,Critical,84,UNDER_REVIEW,2026-08-03 03:46:18,2026-08-29 03:46:18,United Kingdom,"Synthetic defensive cybersecurity observation related to credential threat. This record is for awareness, analysis, and defensive security monitoring.",,,
THR-2026-0999,2026-07-09 19:13:18,Potential Data Exposure,Vulnerability Exposure,Domain,identity-check.example.net,Public Threat Feed,B,46,High,69,MONITORING,2026-06-14 19:13:18,2026-07-14 19:13:18,United Kingdom,"Synthetic defensive cybersecurity observation related to vulnerability exposure. This record is for awareness, analysis, and defensive security monitoring.",,,CVE-2025-7960
THR-2026-1000,2026-05-02 01:03:18,Credential Theft Observation,Phishing,CVE,CVE-2023-42164,Public Threat Feed,B,58,Medium,56,FALSE_POSITIVE,2026-04-17 01:03:18,2026-05-07 01:03:18,India,"Synthetic defensive cybersecurity observation related to phishing. This record is for awareness, analysis, and defensive security monitoring.",Command and Control,Network Service Scanning,CVE-2022-1498
THR-2026-1001,2026-08-24 10:39:18,Suspicious Web Activity,Account Security,IP,192.0.2.23,Public Threat Feed,B,39,High,77,MONITORING,2026-08-08 10:39:18,2026-08-29 10:39:18,United States,"Synthetic defensive cybersecurity observation related to account security. This record is for awareness, analysis, and defensive security monitoring.",Credential Access,User Execution,
THR-2026-1002,2026-08-10 12:40:18,Social Engineering Attempt,Malware,URL,https://identity-check.invalid/verify,Security Vendor,A,38,Medium,48,UNDER_REVIEW,2026-07-30 12:40:18,2026-08-14 12:40:18,Global,"Synthetic defensive cybersecurity observation related to malware. This record is for awareness, analysis, and defensive security monitoring.",Credential Access,Credential Phishing,
THR-2026-1003,2026-07-25 09:49:18,Account Security Event,Network Threat,IP,203.0.113.243,Security Vendor,A,59,Medium,48,NEW,2026-07-01 09:49:18,2026-07-27 09:49:18,Australia,"Synthetic defensive cybersecurity observation related to network threat. This record is for awareness, analysis, and defensive security monitoring.",Discovery,Network Service Scanning,
THR-2026-1004,2026-07-05 07:36:18,Network Threat Observation,Social Engineering,Email/Sender Domain,alerts@update-service.example.com,Community Submission,C,41,Medium,48,UNDER_REVIEW,2026-06-08 07:36:18,2026-07-09 07:36:18,United Kingdom,"Synthetic defensive cybersecurity observation related to social engineering. This record is for awareness, analysis, and defensive security monitoring.",Discovery,Data from Information Repositories,
THR-2026-1005,2026-06-11 18:23:18,Potential Data Exposure,Vulnerability Exposure,SHA-256,47f4e963f40f16cd93ab2aa655d2fd2bc94b5f4422374071b72c39efc5dca624,Security Vendor,A,66,High,62,MONITORING,2026-06-03 18:23:18,2026-06-13 18:23:18,Singapore,"Synthetic defensive cybersecurity observation related to vulnerability exposure. This record is for awareness, analysis, and defensive security monitoring.",,,CVE-2026-23143
THR-2026-1006,2026-07-24 06:19:18,Vulnerability Exposure,Network Threat,CVE,CVE-2023-2664,Community Submission,C,71,High,79,UNDER_REVIEW,2026-07-20 06:19:18,2026-07-26 06:19:18,Global,"Synthetic defensive cybersecurity observation related to network threat. This record is for awareness, analysis, and defensive security monitoring.",Initial Access,Phishing,CVE-2021-54242
THR-2026-1007,2026-09-17 04:43:18,Suspicious Malware Indicator,Phishing,Domain,security-alert.invalid,Public Threat Feed,B,72,High,70,MONITORING,2026-08-28 04:43:18,2026-09-17 04:43:18,United Kingdom,"Synthetic defensive cybersecurity observation related to phishing. This record is for awareness, analysis, and defensive security monitoring.",Credential Access,Phishing,
THR-2026-1008,2026-07-25 02:33:18,Vulnerability Exposure,Data Exposure,Domain,secure-login.example.net,Community Submission,C,79,High,69,UNDER_REVIEW,2026-06-28 02:33:18,2026-07-29 02:33:18,Germany,"Synthetic defensive cybersecurity observation related to data exposure. This record is for awareness, analysis, and defensive security monitoring.",Exfiltration,Application Layer Protocol,
THR-2026-1009,2026-08-27 12:51:18,Ransomware Activity Pattern,Credential Threat,SHA-256,af5c89552d8eac6ab7384b16b9eb3b4365f312268804cc024300abb4a1e96bc7,Community Submission,C,81,High,69,MONITORING,2026-08-23 12:51:18,2026-08-29 12:51:18,United States,"Synthetic defensive cybersecurity observation related to credential threat. This record is for awareness, analysis, and defensive security monitoring.",Initial Access,Network Service Scanning,
THR-2026-1010,2026-09-03 05:13:18,Account Security Event,Credential Threat,Domain,login-check.invalid,Internal SOC,A,38,Medium,57,CLOSED,2026-08-30 05:13:18,2026-09-08 05:13:18,Australia,"Synthetic defensive cybersecurity observation related to credential threat. This record is for awareness, analysis, and defensive security monitoring.",Initial Access,Phishing,
THR-2026-1011,2026-06-09 00:50:18,Suspicious Malware Indicator,Data Exposure,Domain,identity-check.example.net,Research Report,B,87,High,66,UNDER_REVIEW,2026-05-23 00:50:18,2026-06-10 00:50:18,Global,"Synthetic defensive cybersecurity observation related to data exposure. This record is for awareness, analysis, and defensive security monitoring.",Execution,User Execution,
THR-2026-1012,2026-08-31 23:42:18,Account Security Event,Social Engineering,SHA-256,12ad8fe4732be1fcda469d8d6d379c1fc909a6ad1902079f241876b5135fd7c0,Internal SOC,A,71,High,68,FALSE_POSITIVE,2026-08-04 23:42:18,2026-09-04 23:42:18,Global,"Synthetic defensive cybersecurity observation related to social engineering. This record is for awareness, analysis, and defensive security monitoring.",Exfiltration,Data from Information Repositories,
THR-2026-1013,2026-05-18 06:06:18,Suspicious Malware Indicator,Social Engineering,SHA-256,43a8771b1e74085ec027cd2e414cf598233ec2b96e5d1952cfeace02a3921b21,Unknown Source,D,95,High,73,UNDER_REVIEW,2026-05-04 06:06:18,2026-05-18 06:06:18,United States,"Synthetic defensive cybersecurity observation related to social engineering. This record is for awareness, analysis, and defensive security monitoring.",Credential Access,Data from Information Repositories,
THR-2026-1014,2026-08-22 07:15:18,Vulnerability Exposure,Credential Threat,Email/Sender Domain,alerts@security-alert.invalid,Community Submission,C,48,High,61,CLOSED,2026-07-23 07:15:18,2026-08-26 07:15:18,Global,"Synthetic defensive cybersecurity observation related to credential threat. This record is for awareness, analysis, and defensive security monitoring.",,,
THR-2026-1015,2026-05-18 07:36:18,Account Security Event,Network Threat,CVE,CVE-2025-14316,Public Threat Feed,B,34,High,69,MONITORING,2026-04-20 07:36:18,2026-05-19 07:36:18,Singapore,"Synthetic defensive cybersecurity observation related to network threat. This record is for awareness, analysis, and defensive security monitoring.",Persistence,User Execution,CVE-2026-17024
THR-2026-1016,2026-06-27 02:36:18,Social Engineering Attempt,Vulnerability Exposure,IP,203.0.113.184,Community Submission,C,84,High,67,NEW,2026-05-28 02:36:18,2026-06-27 02:36:18,United States,"Synthetic defensive cybersecurity observation related to vulnerability exposure. This record is for awareness, analysis, and defensive security monitoring.",Credential Access,Network Service Scanning,CVE-2023-38854
THR-2026-1017,2026-09-21 01:36:18,Social Engineering Attempt,Account Security,SHA-256,0e698471a46397072de53430802dcb3de59d9f2895336804b9d1a8330f973124,Research Report,B,98,Medium,51,NEW,2026-08-31 01:36:18,2026-09-25 01:36:18,United States,"Synthetic defensive cybersecurity observation related to account security. This record is for awareness, analysis, and defensive security monitoring.",Credential Access,Application Layer Protocol,
THR-2026-1018,2026-08-28 11:00:18,Vulnerability Exposure,Network Threat,Domain,identity-check.invalid,Security Vendor,A,96,High,79,FALSE_POSITIVE,2026-08-07 11:00:18,2026-08-28 11:00:18,United States,"Synthetic defensive cybersecurity observation related to network threat. This record is for awareness, analysis, and defensive security monitoring.",Execution,Phishing,
THR-2026-1019,2026-05-28 17:23:18,Network Threat Observation,Phishing,URL,https://identity-check.example.org/verify,Security Vendor,A,87,High,80,UNDER_REVIEW,2026-05-17 17:23:18,2026-06-02 17:23:18,United States,"Synthetic defensive cybersecurity observation related to phishing. This record is for awareness, analysis, and defensive security monitoring.",Command and Control,Network Service Scanning,
THR-2026-1020,2026-08-05 23:10:18,Network Threat Observation,Vulnerability Exposure,IP,192.0.2.245,Community Submission,C,30,Medium,52,UNDER_REVIEW,2026-08-03 23:10:18,2026-08-09 23:10:18,Global,"Synthetic defensive cybersecurity observation related to vulnerability exposure. This record is for awareness, analysis, and defensive security monitoring.",Command and Control,Network Service Scanning,CVE-2024-5352
THR-2026-1021,2026-04-19 11:46:18,Potential Data Exposure,Malware,IP,192.0.2.15,Research Report,B,98,High,79,FALSE_POSITIVE,2026-04-10 11:46:18,2026-04-20 11:46:18,Global,"Synthetic defensive cybersecurity observation related to malware. This record is for awareness, analysis, and defensive security monitoring.",Execution,Phishing,
THR-2026-1022,2026-05-03 08:42:18,Ransomware Activity Pattern,Account Security,SHA-256,23aabb49c691f7dbfdd1e9508a8c7c7367d9dd8375fdd2d3498fe8d53334efcb,Unknown Source,D,35,High,65,UNDER_REVIEW,2026-04-21 08:42:18,2026-05-03 08:42:18,United States,"Synthetic defensive cybersecurity observation related to account security. This record is for awareness, analysis, and defensive security monitoring.",,,
THR-2026-1023,2026-09-22 08:13:18,Vulnerability Exposure,Malware,CVE,CVE-2021-9487,Unknown Source,D,83,High,80,UNDER_REVIEW,2026-08-29 08:13:18,2026-09-27 08:13:18,India,"Synthetic defensive cybersecurity observation related to malware. This record is for awareness, analysis, and defensive security monitoring.",,,CVE-2021-26072
THR-2026-1024,2026-06-15 04:39:18,Synthetic Credential Phishing Campaign,Malware,Email/Sender Domain,alerts@account-verify.example.com,Unknown Source,D,82,High,73,CLOSED,2026-05-17 04:39:18,2026-06-19 04:39:18,Germany,"Synthetic defensive cybersecurity observation related to malware. This record is for awareness, analysis, and defensive security monitoring.",Persistence,Valid Accounts,
THR-2026-1025,2026-09-09 07:03:18,Suspicious Web Activity,Data Exposure,IP,192.0.2.203,Security Vendor,A,83,High,79,FALSE_POSITIVE,2026-08-15 07:03:18,2026-09-11 07:03:18,Australia,"Synthetic defensive cybersecurity observation related to data exposure. This record is for awareness, analysis, and defensive security monitoring.",,,
THR-2026-1026,2026-09-01 07:13:18,Network Threat Observation,Vulnerability Exposure,CVE,CVE-2023-48289,Security Vendor,A,68,High,70,CLOSED,2026-08-23 07:13:18,2026-09-04 07:13:18,Global,"Synthetic defensive cybersecurity observation related to vulnerability exposure. This record is for awareness, analysis, and defensive security monitoring.",,,CVE-2025-13691
THR-2026-1027,2026-05-06 00:43:18,Suspicious Malware Indicator,Malware,CVE,CVE-2022-30735,Community Submission,C,25,High,65,NEW,2026-04-12 00:43:18,2026-05-11 00:43:18,United States,"Synthetic defensive cybersecurity observation related to malware. This record is for awareness, analysis, and defensive security monitoring.",Persistence,Valid Accounts,CVE-2021-51879
THR-2026-1028,2026-08-12 11:35:18,Social Engineering Attempt,Vulnerability Exposure,URL,https://login-check.example.net/verify,Unknown Source,D,94,High,72,NEW,2026-07-13 11:35:18,2026-08-12 11:35:18,United Kingdom,"Synthetic defensive cybersecurity observation related to vulnerability exposure. This record is for awareness, analysis, and defensive security monitoring.",Discovery,Valid Accounts,CVE-2021-10230
THR-2026-1029,2026-09-19 21:05:18,Account Security Event,Social Engineering,Domain,login-check.example.net,Research Report,B,60,High,66,UNDER_REVIEW,2026-08-27 21:05:18,2026-09-19 21:05:18,United States,"Synthetic defensive cybersecurity observation related to social engineering. This record is for awareness, analysis, and defensive security monitoring.",Execution,Data from Information Repositories,
THR-2026-1030,2026-04-12 15:10:18,Suspicious Web Activity,Web Threat,Email/Sender Domain,alerts@login-check.example.com,Unknown Source,D,38,Medium,57,NEW,2026-04-12 15:10:18,2026-04-13 15:10:18,India,"Synthetic defensive cybersecurity observation related to web threat. This record is for awareness, analysis, and defensive security monitoring.",Initial Access,Network Service Scanning,
THR-2026-1031,2026-07-18 16:47:18,Network Threat Observation,Network Threat,SHA-256,69bd09ab1825e3cacf6c9f10686053b6721511b128687bda46674ebe1d92d434,Community Submission,C,97,Critical,89,MONITORING,2026-07-07 16:47:18,2026-07-21 16:47:18,Germany,"Synthetic defensive cybersecurity observation related to network threat. This record is for awareness, analysis, and defensive security monitoring.",Exfiltration,Valid Accounts,
THR-2026-1032,2026-10-05 08:49:18,Potential Data Exposure,Credential Threat,URL,https://login-check.invalid/verify,Internal SOC,A,38,Medium,51,UNDER_REVIEW,2026-09-18 08:49:18,2026-10-05 08:49:18,India,"Synthetic defensive cybersecurity observation related to credential threat. This record is for awareness, analysis, and defensive security monitoring.",Exfiltration,Application Layer Protocol,
THR-2026-1033,2026-06-02 06:24:18,Network Threat Observation,Vulnerability Exposure,Email/Sender Domain,alerts@update-service.invalid,Community Submission,C,82,High,63,UNDER_REVIEW,2026-05-17 06:24:18,2026-06-02 06:24:18,Singapore,"Synthetic defensive cybersecurity observation related to vulnerability exposure. This record is for awareness, analysis, and defensive security monitoring.",,,CVE-2021-54237
THR-2026-1034,2026-08-15 19:49:18,Credential Theft Observation,Phishing,CVE,CVE-2023-6223,Internal SOC,A,68,Medium,50,NEW,2026-08-02 19:49:18,2026-08-18 19:49:18,Global,"Synthetic defensive cybersecurity observation related to phishing. This record is for awareness, analysis, and defensive security monitoring.",,,CVE-2024-47702
THR-2026-1035,2026-08-22 08:06:18,Ransomware Activity Pattern,Web Threat,URL,https://account-verify.example.org/verify,Internal SOC,A,60,High,72,CLOSED,2026-08-16 08:06:18,2026-08-22 08:06:18,Germany,"Synthetic defensive cybersecurity observation related to web threat. This record is for awareness, analysis, and defensive security monitoring.",Command and Control,Credential Phishing,
THR-2026-1036,2026-08-15 14:00:18,Social Engineering Attempt,Account Security,URL,https://account-verify.example.net/verify,Community Submission,C,51,Medium,54,CLOSED,2026-07-19 14:00:18,2026-08-16 14:00:18,Germany,"Synthetic defensive cybersecurity observation related to account security. This record is for awareness, analysis, and defensive security monitoring.",Exfiltration,Valid Accounts,
THR-2026-1037,2026-10-01 10:48:18,Suspicious Web Activity,Malware,URL,https://account-verify.invalid/verify,Research Report,B,92,High,74,NEW,2026-09-23 10:48:18,2026-10-04 10:48:18,Global,"Synthetic defensive cybersecurity observation related to malware. This record is for awareness, analysis, and defensive security monitoring.",Initial Access,Phishing,
THR-2026-1038,2026-04-21 03:14:18,Account Security Event,Social Engineering,Email/Sender Domain,alerts@cloud-security.example.org,Community Submission,C,84,Medium,55,FALSE_POSITIVE,2026-04-14 03:14:18,2026-04-25 03:14:18,India,"Synthetic defensive cybersecurity observation related to social engineering. This record is for awareness, analysis, and defensive security monitoring.",,,
THR-2026-1039,2026-05-01 16:19:18,Account Security Event,Network Threat,Domain,cloud-security.example.net,Public Threat Feed,B,33,Medium,53,CLOSED,2026-04-30 16:19:18,2026-05-05 16:19:18,Global,"Synthetic defensive cybersecurity observation related to network threat. This record is for awareness, analysis, and defensive security monitoring.",Discovery,Network Service Scanning,
THR-2026-1040,2026-04-13 07:59:18,Vulnerability Exposure,Social Engineering,CVE,CVE-2024-7525,Community Submission,C,33,Medium,54,UNDER_REVIEW,2026-03-31 07:59:18,2026-04-16 07:59:18,United States,"Synthetic defensive cybersecurity observation related to social engineering. This record is for awareness, analysis, and defensive security monitoring.",Credential Access,User Execution,CVE-2023-7688
THR-2026-1041,2026-07-14 22:40:18,Account Security Event,Phishing,SHA-256,9d494ac83f75a54e83f1d2a9b25cf0f91f910ae2fe56b33046a9b99cf8c42a31,Unknown Source,D,59,Medium,56,MONITORING,2026-07-08 22:40:18,2026-07-19 22:40:18,Singapore,"Synthetic defensive cybersecurity observation related to phishing. This record is for awareness, analysis, and defensive security monitoring.",Discovery,Phishing,
THR-2026-1042,2026-04-19 07:50:18,Potential Data Exposure,Account Security,SHA-256,a3d58a24bf4a92dc51f105131d59b8cb21ee464090134fce890d40616ea9d17a,Internal SOC,A,33,High,61,NEW,2026-04-13 07:50:18,2026-04-22 07:50:18,India,"Synthetic defensive cybersecurity observation related to account security. This record is for awareness, analysis, and defensive security monitoring.",Credential Access,Phishing,
THR-2026-1043,2026-05-19 09:36:18,Account Security Event,Ransomware,CVE,CVE-2025-58996,Unknown Source,D,28,Medium,60,FALSE_POSITIVE,2026-05-08 09:36:18,2026-05-24 09:36:18,Germany,"Synthetic defensive cybersecurity observation related to ransomware. This record is for awareness, analysis, and defensive security monitoring.",Execution,Phishing,CVE-2025-34617
THR-2026-1044,2026-04-18 19:50:18,Suspicious Web Activity,Malware,SHA-256,ed4f09871d4da7a18bc203a133f0efb0148a91e29d2e6ea6f3100cc1b84e4f2a,Community Submission,C,93,Critical,86,FALSE_POSITIVE,2026-03-23 19:50:18,2026-04-18 19:50:18,United States,"Synthetic defensive cybersecurity observation related to malware. This record is for awareness, analysis, and defensive security monitoring.",Execution,Data from Information Repositories,
THR-2026-1045,2026-05-11 21:19:18,Synthetic Credential Phishing Campaign,Malware,SHA-256,be4834c1c1deb237ebf1089c51d35790a0aeace487bd406cfefe2f1425ba7003,Internal SOC,A,70,High,79,MONITORING,2026-04-30 21:19:18,2026-05-14 21:19:18,Singapore,"Synthetic defensive cybersecurity observation related to malware. This record is for awareness, analysis, and defensive security monitoring.",Initial Access,Credential Phishing,
THR-2026-1046,2026-06-29 17:46:18,Suspicious Malware Indicator,Social Engineering,URL,https://security-alert.example.net/verify,Research Report,B,36,Medium,56,FALSE_POSITIVE,2026-06-20 17:46:18,2026-07-03 17:46:18,United Kingdom,"Synthetic defensive cybersecurity observation related to social engineering. This record is for awareness, analysis, and defensive security monitoring.",,,
THR-2026-1047,2026-06-26 17:09:18,Suspicious Web Activity,Ransomware,Email/Sender Domain,alerts@login-check.example.org,Unknown Source,D,96,Critical,82,UNDER_REVIEW,2026-05-28 17:09:18,2026-06-29 17:09:18,Australia,"Synthetic defensive cybersecurity observation related to ransomware. This record is for awareness, analysis, and defensive security monitoring.",Initial Access,User Execution,
THR-2026-1048,2026-04-24 04:40:18,Potential Data Exposure,Malware,Email/Sender Domain,alerts@secure-login.example.com,Unknown Source,D,70,High,61,MONITORING,2026-04-09 04:40:18,2026-04-26 04:40:18,Australia,"Synthetic defensive cybersecurity observation related to malware. This record is for awareness, analysis, and defensive security monitoring.",Credential Access,User Execution,
THR-2026-1049,2026-05-03 22:07:18,Potential Data Exposure,Malware,SHA-256,2777bb94a913b634e1040eb21d5724b31d07e28ffaef8bf9a7237c90a3f67517,Community Submission,C,75,High,65,MONITORING,2026-04-13 22:07:18,2026-05-05 22:07:18,Singapore,"Synthetic defensive cybersecurity observation related to malware. This record is for awareness, analysis, and defensive security monitoring.",Credential Access,Phishing,
THR-2026-1050,2026-05-15 01:45:18,Network Threat Observation,Web Threat,SHA-256,d3fd9600548ed6eb168d24877723a2f0da46be962e449bee7434a8cefe7f90fe,Security Vendor,A,44,Medium,56,UNDER_REVIEW,2026-05-03 01:45:18,2026-05-16 01:45:18,Global,"Synthetic defensive cybersecurity observation related to web threat. This record is for awareness, analysis, and defensive security monitoring.",Command and Control,Credential Phishing,
THR-2026-1051,2026-07-28 18:26:18,Synthetic Credential Phishing Campaign,Web Threat,Email/Sender Domain,alerts@update-service.example.com,Community Submission,C,25,High,63,MONITORING,2026-07-11 18:26:18,2026-08-02 18:26:18,Germany,"Synthetic defensive cybersecurity observation related to web threat. This record is for awareness, analysis, and defensive security monitoring.",,,
THR-2026-1052,2026-06-19 11:12:18,Credential Theft Observation,Social Engineering,Domain,cloud-security.invalid,Internal SOC,A,92,Critical,82,FALSE_POSITIVE,2026-05-24 11:12:18,2026-06-19 11:12:18,Global,"Synthetic defensive cybersecurity observation related to social engineering. This record is for awareness, analysis, and defensive security monitoring.",Command and Control,Valid Accounts,
THR-2026-1053,2026-09-08 04:38:18,Credential Theft Observation,Network Threat,CVE,CVE-2021-17679,Research Report,B,45,High,68,MONITORING,2026-08-24 04:38:18,2026-09-13 04:38:18,Singapore,"Synthetic defensive cybersecurity observation related to network threat. This record is for awareness, analysis, and defensive security monitoring.",Discovery,Phishing,CVE-2023-13227
THR-2026-1054,2026-07-19 20:42:18,Synthetic Credential Phishing Campaign,Vulnerability Exposure,URL,https://cloud-security.example.com/verify,Community Submission,C,27,Medium,60,MONITORING,2026-07-11 20:42:18,2026-07-19 20:42:18,United Kingdom,"Synthetic defensive cybersecurity observation related to vulnerability exposure. This record is for awareness, analysis, and defensive security monitoring.",,,CVE-2023-43617
THR-2026-1055,2026-05-26 07:07:18,Potential Data Exposure,Phishing,Email/Sender Domain,alerts@identity-check.invalid,Community Submission,C,33,Medium,54,FALSE_POSITIVE,2026-05-18 07:07:18,2026-05-30 07:07:18,Singapore,"Synthetic defensive cybersecurity observation related to phishing. This record is for awareness, analysis, and defensive security monitoring.",Command and Control,Phishing,
THR-2026-1056,2026-07-27 22:18:18,Vulnerability Exposure,Vulnerability Exposure,SHA-256,6790ccce6938defdb50c98651f84916d2e8957e272b29c02d6f0517c7ca42d23,Security Vendor,A,43,Medium,58,CLOSED,2026-06-30 22:18:18,2026-07-27 22:18:18,United Kingdom,"Synthetic defensive cybersecurity observation related to vulnerability exposure. This record is for awareness, analysis, and defensive security monitoring.",Discovery,Credential Phishing,CVE-2025-13105
THR-2026-1057,2026-05-17 21:32:18,Suspicious Malware Indicator,Account Security,CVE,CVE-2023-23300,Research Report,B,56,High,75,FALSE_POSITIVE,2026-04-18 21:32:18,2026-05-21 21:32:18,United Kingdom,"Synthetic defensive cybersecurity observation related to account security. This record is for awareness, analysis, and defensive security monitoring.",Persistence,Data from Information Repositories,CVE-2026-59492
THR-2026-1058,2026-09-20 14:02:18,Vulnerability Exposure,Phishing,IP,203.0.113.12,Security Vendor,A,42,Medium,53,MONITORING,2026-09-05 14:02:18,2026-09-22 14:02:18,India,"Synthetic defensive cybersecurity observation related to phishing. This record is for awareness, analysis, and defensive security monitoring.",Initial Access,Credential Phishing,
THR-2026-1059,2026-06-26 05:25:18,Ransomware Activity Pattern,Malware,SHA-256,cfb7508410225c08fe9dddaf2160c14bfb446d7eb29ec74d1db3e027236939a3,Research Report,B,32,High,65,FALSE_POSITIVE,2026-06-16 05:25:18,2026-06-27 05:25:18,Singapore,"Synthetic defensive cybersecurity observation related to malware. This record is for awareness, analysis, and defensive security monitoring.",Persistence,User Execution,
THR-2026-1060,2026-04-20 15:15:18,Account Security Event,Network Threat,Email/Sender Domain,alerts@account-verify.example.com,Public Threat Feed,B,87,Medium,52,NEW,2026-04-11 15:15:18,2026-04-21 15:15:18,United Kingdom,"Synthetic defensive cybersecurity observation related to network threat. This record is for awareness, analysis, and defensive security monitoring.",Credential Access,Credential Phishing,
THR-2026-1061,2026-07-13 22:35:18,Social Engineering Attempt,Web Threat,CVE,CVE-2023-36226,Public Threat Feed,B,80,High,76,NEW,2026-07-08 22:35:18,2026-07-13 22:35:18,Singapore,"Synthetic defensive cybersecurity observation related to web threat. This record is for awareness, analysis, and defensive security monitoring.",Credential Access,Data from Information Repositories,CVE-2023-33114
THR-2026-1062,2026-09-27 22:43:18,Vulnerability Exposure,Web Threat,URL,https://cloud-security.example.com/verify,Public Threat Feed,B,49,Critical,81,UNDER_REVIEW,2026-09-20 22:43:18,2026-09-29 22:43:18,Global,"Synthetic defensive cybersecurity observation related to web threat. This record is for awareness, analysis, and defensive security monitoring.",Credential Access,User Execution,
THR-2026-1063,2026-09-22 11:07:18,Ransomware Activity Pattern,Web Threat,IP,192.0.2.45,Research Report,B,67,Medium,57,UNDER_REVIEW,2026-08-24 11:07:18,2026-09-27 11:07:18,United Kingdom,"Synthetic defensive cybersecurity observation related to web threat. This record is for awareness, analysis, and defensive security monitoring.",,,
THR-2026-1064,2026-09-01 01:12:18,Ransomware Activity Pattern,Ransomware,SHA-256,6c2c33ab0652735b98a8963d2534b3f05209990b428c86cb75f6e312cbb89a76,Internal SOC,A,86,High,70,NEW,2026-08-30 01:12:18,2026-09-04 01:12:18,India,"Synthetic defensive cybersecurity observation related to ransomware. This record is for awareness, analysis, and defensive security monitoring.",,,
THR-2026-1065,2026-09-20 11:03:18,Account Security Event,Network Threat,Email/Sender Domain,alerts@secure-login.example.net,Internal SOC,A,57,High,71,CLOSED,2026-08-23 11:03:18,2026-09-24 11:03:18,Australia,"Synthetic defensive cybersecurity observation related to network threat. This record is for awareness, analysis, and defensive security monitoring.",,,
THR-2026-1066,2026-06-14 10:52:18,Vulnerability Exposure,Social Engineering,Email/Sender Domain,alerts@cloud-security.example.org,Research Report,B,35,Medium,48,UNDER_REVIEW,2026-05-20 10:52:18,2026-06-16 10:52:18,Australia,"Synthetic defensive cybersecurity observation related to social engineering. This record is for awareness, analysis, and defensive security monitoring.",,,
THR-2026-1067,2026-05-23 03:37:18,Account Security Event,Vulnerability Exposure,IP,203.0.113.99,Public Threat Feed,B,39,Medium,45,FALSE_POSITIVE,2026-04-30 03:37:18,2026-05-26 03:37:18,India,"Synthetic defensive cybersecurity observation related to vulnerability exposure. This record is for awareness, analysis, and defensive security monitoring.",,,CVE-2023-46641
THR-2026-1068,2026-08-22 02:43:18,Credential Theft Observation,Social Engineering,Email/Sender Domain,alerts@secure-login.example.org,Community Submission,C,46,Medium,60,MONITORING,2026-08-19 02:43:18,2026-08-27 02:43:18,United Kingdom,"Synthetic defensive cybersecurity observation related to social engineering. This record is for awareness, analysis, and defensive security monitoring.",Exfiltration,Data from Information Repositories,
THR-2026-1069,2026-07-23 15:22:18,Suspicious Malware Indicator,Web Threat,IP,192.0.2.36,Security Vendor,A,79,Medium,52,UNDER_REVIEW,2026-07-13 15:22:18,2026-07-28 15:22:18,United States,"Synthetic defensive cybersecurity observation related to web threat. This record is for awareness, analysis, and defensive security monitoring.",Command and Control,Credential Phishing,
THR-2026-1070,2026-06-11 20:54:18,Suspicious Web Activity,Web Threat,Email/Sender Domain,alerts@identity-check.example.com,Security Vendor,A,87,High,78,CLOSED,2026-05-18 20:54:18,2026-06-14 20:54:18,United States,"Synthetic defensive cybersecurity observation related to web threat. This record is for awareness, analysis, and defensive security monitoring.",,,
THR-2026-1071,2026-09-16 20:29:18,Suspicious Malware Indicator,Phishing,Domain,secure-login.example.net,Unknown Source,D,96,Critical,83,UNDER_REVIEW,2026-08-25 20:29:18,2026-09-16 20:29:18,Global,"Synthetic defensive cybersecurity observation related to phishing. This record is for awareness, analysis, and defensive security monitoring.",Initial Access,User Execution,
THR-2026-1072,2026-07-13 12:17:18,Credential Theft Observation,Network Threat,CVE,CVE-2023-1774,Public Threat Feed,B,29,High,63,NEW,2026-06-27 12:17:18,2026-07-14 12:17:18,Global,"Synthetic defensive cybersecurity observation related to network threat. This record is for awareness, analysis, and defensive security monitoring.",Exfiltration,Application Layer Protocol,CVE-2022-22693
THR-2026-1073,2026-05-27 08:58:18,Suspicious Web Activity,Malware,Email/Sender Domain,alerts@identity-check.example.org,Security Vendor,A,75,Medium,57,MONITORING,2026-05-14 08:58:18,2026-05-29 08:58:18,United Kingdom,"Synthetic defensive cybersecurity observation related to malware. This record is for awareness, analysis, and defensive security monitoring.",Credential Access,Phishing,
THR-2026-1074,2026-04-30 05:23:18,Network Threat Observation,Data Exposure,Domain,security-alert.invalid,Internal SOC,A,71,High,72,UNDER_REVIEW,2026-04-08 05:23:18,2026-05-04 05:23:18,Singapore,"Synthetic defensive cybersecurity observation related to data exposure. This record is for awareness, analysis, and defensive security monitoring.",,,
THR-2026-1075,2026-04-28 17:14:18,Ransomware Activity Pattern,Social Engineering,Email/Sender Domain,alerts@cloud-security.invalid,Community Submission,C,57,High,75,MONITORING,2026-04-15 17:14:18,2026-05-02 17:14:18,United Kingdom,"Synthetic defensive cybersecurity observation related to social engineering. This record is for awareness, analysis, and defensive security monitoring.",Credential Access,Network Service Scanning,
THR-2026-1076,2026-08-07 10:00:18,Vulnerability Exposure,Ransomware,SHA-256,caba47d0fd748f379e183ae76d1dbe2205004085782ccd148e3c1f2a7fcc97dd,Community Submission,C,82,Medium,57,MONITORING,2026-08-05 10:00:18,2026-08-12 10:00:18,United States,"Synthetic defensive cybersecurity observation related to ransomware. This record is for awareness, analysis, and defensive security monitoring.",Persistence,Valid Accounts,
THR-2026-1077,2026-05-13 08:42:18,Synthetic Credential Phishing Campaign,Credential Threat,Email/Sender Domain,alerts@update-service.example.com,Unknown Source,D,82,High,70,FALSE_POSITIVE,2026-05-10 08:42:18,2026-05-18 08:42:18,United States,"Synthetic defensive cybersecurity observation related to credential threat. This record is for awareness, analysis, and defensive security monitoring.",Execution,Network Service Scanning,
THR-2026-1078,2026-09-04 09:59:18,Synthetic Credential Phishing Campaign,Data Exposure,IP,192.0.2.17,Security Vendor,A,96,High,75,FALSE_POSITIVE,2026-09-01 09:59:18,2026-09-04 09:59:18,Germany,"Synthetic defensive cybersecurity observation related to data exposure. This record is for awareness, analysis, and defensive security monitoring.",,,
THR-2026-1079,2026-05-05 13:56:18,Suspicious Malware Indicator,Social Engineering,SHA-256,2cf9d54021d5db0d55d15421c34b3deddadbd34757d97e95e493ce23f80d2673,Research Report,B,30,Medium,57,FALSE_POSITIVE,2026-04-18 13:56:18,2026-05-10 13:56:18,India,"Synthetic defensive cybersecurity observation related to social engineering. This record is for awareness, analysis, and defensive security monitoring.",Exfiltration,User Execution,
THR-2026-1080,2026-05-17 01:52:18,Suspicious Malware Indicator,Credential Threat,URL,https://secure-login.invalid/verify,Security Vendor,A,36,Medium,50,CLOSED,2026-05-07 01:52:18,2026-05-22 01:52:18,United Kingdom,"Synthetic defensive cybersecurity observation related to credential threat. This record is for awareness, analysis, and defensive security monitoring.",Credential Access,Data from Information Repositories,
THR-2026-1081,2026-07-16 14:01:18,Vulnerability Exposure,Data Exposure,CVE,CVE-2022-1229,Internal SOC,A,65,Medium,59,MONITORING,2026-07-13 14:01:18,2026-07-16 14:01:18,Global,"Synthetic defensive cybersecurity observation related to data exposure. This record is for awareness, analysis, and defensive security monitoring.",,,CVE-2021-30952
THR-2026-1082,2026-04-12 10:24:18,Suspicious Malware Indicator,Web Threat,URL,https://login-check.invalid/verify,Research Report,B,73,High,68,CLOSED,2026-03-30 10:24:18,2026-04-17 10:24:18,United Kingdom,"Synthetic defensive cybersecurity observation related to web threat. This record is for awareness, analysis, and defensive security monitoring.",Persistence,Data from Information Repositories,
THR-2026-1083,2026-05-20 01:45:18,Synthetic Credential Phishing Campaign,Malware,CVE,CVE-2025-41316,Community Submission,C,53,Medium,48,NEW,2026-05-08 01:45:18,2026-05-24 01:45:18,United Kingdom,"Synthetic defensive cybersecurity observation related to malware. This record is for awareness, analysis, and defensive security monitoring.",Exfiltration,Network Service Scanning,CVE-2025-31764
THR-2026-1084,2026-05-21 12:15:18,Account Security Event,Credential Threat,SHA-256,a6f5a441e03faa8b04602a8dd46b1157b3ebe529574420e64f2a0da48718b375,Research Report,B,50,Medium,57,NEW,2026-05-03 12:15:18,2026-05-25 12:15:18,Singapore,"Synthetic defensive cybersecurity observation related to credential threat. This record is for awareness, analysis, and defensive security monitoring.",,,
THR-2026-1085,2026-05-22 14:09:18,Synthetic Credential Phishing Campaign,Credential Threat,Email/Sender Domain,alerts@account-verify.example.net,Community Submission,C,96,High,72,UNDER_REVIEW,2026-05-02 14:09:18,2026-05-25 14:09:18,United Kingdom,"Synthetic defensive cybersecurity observation related to credential threat. This record is for awareness, analysis, and defensive security monitoring.",,,
THR-2026-1086,2026-09-30 09:43:18,Potential Data Exposure,Social Engineering,IP,203.0.113.144,Public Threat Feed,B,73,High,66,UNDER_REVIEW,2026-09-17 09:43:18,2026-10-05 09:43:18,Germany,"Synthetic defensive cybersecurity observation related to social engineering. This record is for awareness, analysis, and defensive security monitoring.",Initial Access,User Execution,
THR-2026-1087,2026-06-09 00:30:18,Social Engineering Attempt,Malware,Email/Sender Domain,alerts@account-verify.invalid,Internal SOC,A,98,High,79,UNDER_REVIEW,2026-05-24 00:30:18,2026-06-11 00:30:18,Germany,"Synthetic defensive cybersecurity observation related to malware. This record is for awareness, analysis, and defensive security monitoring.",Persistence,Credential Phishing,
THR-2026-1088,2026-09-11 16:06:18,Ransomware Activity Pattern,Account Security,Domain,security-alert.example.com,Security Vendor,A,37,High,62,FALSE_POSITIVE,2026-08-24 16:06:18,2026-09-14 16:06:18,Germany,"Synthetic defensive cybersecurity observation related to account security. This record is for awareness, analysis, and defensive security monitoring.",Persistence,Network Service Scanning,
THR-2026-1089,2026-09-08 18:29:18,Synthetic Credential Phishing Campaign,Account Security,IP,198.51.100.112,Public Threat Feed,B,58,Medium,58,FALSE_POSITIVE,2026-08-18 18:29:18,2026-09-10 18:29:18,United States,"Synthetic defensive cybersecurity observation related to account security. This record is for awareness, analysis, and defensive security monitoring.",Initial Access,Data from Information Repositories,
THR-2026-1090,2026-09-30 12:48:18,Network Threat Observation,Account Security,Domain,update-service.example.org,Research Report,B,71,Medium,56,NEW,2026-09-28 12:48:18,2026-10-05 12:48:18,Germany,"Synthetic defensive cybersecurity observation related to account security. This record is for awareness, analysis, and defensive security monitoring.",,,
THR-2026-1091,2026-08-24 18:12:18,Suspicious Malware Indicator,Ransomware,Domain,update-service.example.com,Public Threat Feed,B,60,High,73,UNDER_REVIEW,2026-08-14 18:12:18,2026-08-29 18:12:18,Australia,"Synthetic defensive cybersecurity observation related to ransomware. This record is for awareness, analysis, and defensive security monitoring.",,,
THR-2026-1092,2026-05-20 00:51:18,Synthetic Credential Phishing Campaign,Web Threat,CVE,CVE-2021-8613,Internal SOC,A,36,Medium,50,FALSE_POSITIVE,2026-05-05 00:51:18,2026-05-20 00:51:18,United Kingdom,"Synthetic defensive cybersecurity observation related to web threat. This record is for awareness, analysis, and defensive security monitoring.",Initial Access,Network Service Scanning,CVE-2025-43040
THR-2026-1093,2026-06-18 09:04:18,Social Engineering Attempt,Ransomware,SHA-256,46bbcc2dba62acb263074cf5d7b516b8d4e04b539134bf51b5653c4b968eb12a,Unknown Source,D,38,High,65,FALSE_POSITIVE,2026-05-21 09:04:18,2026-06-18 09:04:18,United States,"Synthetic defensive cybersecurity observation related to ransomware. This record is for awareness, analysis, and defensive security monitoring.",Execution,Phishing,
THR-2026-1094,2026-10-03 20:35:18,Potential Data Exposure,Phishing,SHA-256,f88d5c93c1f1613fadcecaf83d186888b269b81a8901e0e44982c08bd9bcfde3,Unknown Source,D,80,Medium,55,MONITORING,2026-09-05 20:35:18,2026-10-08 20:35:18,Singapore,"Synthetic defensive cybersecurity observation related to phishing. This record is for awareness, analysis, and defensive security monitoring.",,,
THR-2026-1095,2026-06-21 17:16:18,Suspicious Web Activity,Network Threat,CVE,CVE-2024-51199,Research Report,B,43,High,64,NEW,2026-06-03 17:16:18,2026-06-22 17:16:18,Germany,"Synthetic defensive cybersecurity observation related to network threat. This record is for awareness, analysis, and defensive security monitoring.",Exfiltration,Application Layer Protocol,CVE-2025-17848
THR-2026-1096,2026-07-17 18:46:18,Network Threat Observation,Malware,Email/Sender Domain,alerts@login-check.example.com,Internal SOC,A,90,High,75,MONITORING,2026-07-11 18:46:18,2026-07-22 18:46:18,Global,"Synthetic defensive cybersecurity observation related to malware. This record is for awareness, analysis, and defensive security monitoring.",,,
THR-2026-1097,2026-07-22 04:55:18,Credential Theft Observation,Data Exposure,CVE,CVE-2023-58105,Public Threat Feed,B,53,High,65,UNDER_REVIEW,2026-06-27 04:55:18,2026-07-27 04:55:18,Germany,"Synthetic defensive cybersecurity observation related to data exposure. This record is for awareness, analysis, and defensive security monitoring.",Discovery,Phishing,CVE-2025-51065
THR-2026-1098,2026-05-07 18:37:18,Potential Data Exposure,Vulnerability Exposure,URL,https://account-verify.example.com/verify,Public Threat Feed,B,80,High,73,MONITORING,2026-04-15 18:37:18,2026-05-09 18:37:18,Global,"Synthetic defensive cybersecurity observation related to vulnerability exposure. This record is for awareness, analysis, and defensive security monitoring.",Execution,Credential Phishing,CVE-2025-13794
THR-2026-1099,2026-06-12 20:52:18,Social Engineering Attempt,Web Threat,SHA-256,b0deb10a941dad043ed6f72f4843a17415b89ebca2f5270867a7c4fd8245124e,Internal SOC,A,94,High,73,MONITORING,2026-06-04 20:52:18,2026-06-17 20:52:18,United Kingdom,"Synthetic defensive cybersecurity observation related to web threat. This record is for awareness, analysis, and defensive security monitoring.",Initial Access,User Execution,
THR-2026-1100,2026-05-20 00:54:18,Suspicious Web Activity,Vulnerability Exposure,Domain,identity-check.invalid,Internal SOC,A,48,Medium,52,FALSE_POSITIVE,2026-04-26 00:54:18,2026-05-22 00:54:18,India,"Synthetic defensive cybersecurity observation related to vulnerability exposure. This record is for awareness, analysis, and defensive security monitoring.",,,CVE-2026-46864
THR-2026-1101,2026-09-10 16:08:18,Social Engineering Attempt,Credential Threat,IP,203.0.113.100,Public Threat Feed,B,37,High,73,NEW,2026-09-10 16:08:18,2026-09-11 16:08:18,Australia,"Synthetic defensive cybersecurity observation related to credential threat. This record is for awareness, analysis, and defensive security monitoring.",Command and Control,Valid Accounts,
THR-2026-1102,2026-04-10 09:08:18,Network Threat Observation,Ransomware,CVE,CVE-2025-24418,Internal SOC,A,72,Medium,52,NEW,2026-04-05 09:08:18,2026-04-10 09:08:18,India,"Synthetic defensive cybersecurity observation related to ransomware. This record is for awareness, analysis, and defensive security monitoring.",Execution,Data from Information Repositories,CVE-2022-29687
THR-2026-1103,2026-08-20 00:00:18,Account Security Event,Vulnerability Exposure,CVE,CVE-2023-3096,Unknown Source,D,35,Medium,60,CLOSED,2026-07-31 00:00:18,2026-08-25 00:00:18,United Kingdom,"Synthetic defensive cybersecurity observation related to vulnerability exposure. This record is for awareness, analysis, and defensive security monitoring.",Initial Access,Data from Information Repositories,CVE-2024-42531
THR-2026-1104,2026-05-18 09:52:18,Network Threat Observation,Social Engineering,IP,203.0.113.8,Unknown Source,D,49,High,69,UNDER_REVIEW,2026-05-07 09:52:18,2026-05-23 09:52:18,Australia,"Synthetic defensive cybersecurity observation related to social engineering. This record is for awareness, analysis, and defensive security monitoring.",Exfiltration,Data from Information Repositories,
THR-2026-1105,2026-10-02 05:07:18,Network Threat Observation,Malware,IP,192.0.2.241,Internal SOC,A,75,Medium,51,NEW,2026-09-04 05:07:18,2026-10-06 05:07:18,United States,"Synthetic defensive cybersecurity observation related to malware. This record is for awareness, analysis, and defensive security monitoring.",,,
THR-2026-1106,2026-04-27 15:53:18,Ransomware Activity Pattern,Vulnerability Exposure,IP,203.0.113.92,Unknown Source,D,61,Medium,60,MONITORING,2026-04-24 15:53:18,2026-04-28 15:53:18,Global,"Synthetic defensive cybersecurity observation related to vulnerability exposure. This record is for awareness, analysis, and defensive security monitoring.",Exfiltration,Valid Accounts,CVE-2025-41409
THR-2026-1107,2026-09-27 10:25:18,Synthetic Credential Phishing Campaign,Network Threat,CVE,CVE-2024-38433,Community Submission,C,43,Medium,55,CLOSED,2026-08-28 10:25:18,2026-09-30 10:25:18,Global,"Synthetic defensive cybersecurity observation related to network threat. This record is for awareness, analysis, and defensive security monitoring.",Discovery,Phishing,CVE-2021-43213
THR-2026-1108,2026-06-04 19:34:18,Credential Theft Observation,Malware,Email/Sender Domain,alerts@identity-check.example.com,Security Vendor,A,81,Medium,60,FALSE_POSITIVE,2026-05-13 19:34:18,2026-06-09 19:34:18,Global,"Synthetic defensive cybersecurity observation related to malware. This record is for awareness, analysis, and defensive security monitoring.",Persistence,User Execution,
THR-2026-1109,2026-06-26 20:22:18,Network Threat Observation,Account Security,CVE,CVE-2021-5776,Public Threat Feed,B,72,High,72,CLOSED,2026-06-14 20:22:18,2026-06-27 20:22:18,United States,"Synthetic defensive cybersecurity observation related to account security. This record is for awareness, analysis, and defensive security monitoring.",Credential Access,User Execution,CVE-2022-11530
THR-2026-1110,2026-08-01 06:14:18,Account Security Event,Web Threat,Domain,identity-check.example.com,Security Vendor,A,48,High,68,UNDER_REVIEW,2026-07-31 06:14:18,2026-08-06 06:14:18,Global,"Synthetic defensive cybersecurity observation related to web threat. This record is for awareness, analysis, and defensive security monitoring.",Execution,User Execution,
THR-2026-1111,2026-04-15 10:29:18,Potential Data Exposure,Network Threat,IP,203.0.113.234,Unknown Source,D,29,Medium,44,CLOSED,2026-04-08 10:29:18,2026-04-15 10:29:18,Singapore,"Synthetic defensive cybersecurity observation related to network threat. This record is for awareness, analysis, and defensive security monitoring.",Persistence,Valid Accounts,
THR-2026-1112,2026-08-10 07:12:18,Network Threat Observation,Phishing,Domain,update-service.example.org,Public Threat Feed,B,39,High,66,FALSE_POSITIVE,2026-07-12 07:12:18,2026-08-10 07:12:18,Singapore,"Synthetic defensive cybersecurity observation related to phishing. This record is for awareness, analysis, and defensive security monitoring.",Exfiltration,Network Service Scanning,
THR-2026-1113,2026-06-19 02:41:18,Credential Theft Observation,Social Engineering,URL,https://update-service.example.com/verify,Security Vendor,A,48,High,69,NEW,2026-06-07 02:41:18,2026-06-19 02:41:18,Australia,"Synthetic defensive cybersecurity observation related to social engineering. This record is for awareness, analysis, and defensive security monitoring.",Execution,Credential Phishing,
THR-2026-1114,2026-04-10 16:43:18,Network Threat Observation,Network Threat,URL,https://cloud-security.example.com/verify,Internal SOC,A,34,Medium,56,UNDER_REVIEW,2026-04-10 16:43:18,2026-04-13 16:43:18,Australia,"Synthetic defensive cybersecurity observation related to network threat. This record is for awareness, analysis, and defensive security monitoring.",,,
THR-2026-1115,2026-04-19 06:47:18,Social Engineering Attempt,Data Exposure,IP,203.0.113.2,Internal SOC,A,80,Medium,59,MONITORING,2026-04-08 06:47:18,2026-04-23 06:47:18,Singapore,"Synthetic defensive cybersecurity observation related to data exposure. This record is for awareness, analysis, and defensive security monitoring.",Initial Access,Credential Phishing,
THR-2026-1116,2026-05-18 09:05:18,Social Engineering Attempt,Malware,IP,192.0.2.181,Community Submission,C,52,High,68,NEW,2026-04-30 09:05:18,2026-05-20 09:05:18,Germany,"Synthetic defensive cybersecurity observation related to malware. This record is for awareness, analysis, and defensive security monitoring.",Discovery,Network Service Scanning,
THR-2026-1117,2026-04-08 15:57:18,Potential Data Exposure,Phishing,CVE,CVE-2025-32430,Community Submission,C,68,Medium,60,UNDER_REVIEW,2026-04-02 15:57:18,2026-04-08 15:57:18,Global,"Synthetic defensive cybersecurity observation related to phishing. This record is for awareness, analysis, and defensive security monitoring.",Discovery,User Execution,CVE-2025-11130
THR-2026-1118,2026-08-25 11:48:18,Potential Data Exposure,Network Threat,URL,https://security-alert.example.com/verify,Security Vendor,A,37,High,65,UNDER_REVIEW,2026-08-20 11:48:18,2026-08-29 11:48:18,Australia,"Synthetic defensive cybersecurity observation related to network threat. This record is for awareness, analysis, and defensive security monitoring.",Execution,Phishing,
THR-2026-1119,2026-05-23 12:44:18,Credential Theft Observation,Web Threat,IP,203.0.113.3,Public Threat Feed,B,87,High,62,UNDER_REVIEW,2026-05-21 12:44:18,2026-05-26 12:44:18,Australia,"Synthetic defensive cybersecurity observation related to web threat. This record is for awareness, analysis, and defensive security monitoring.",Command and Control,Application Layer Protocol,
THR-2026-1120,2026-08-10 07:43:18,Ransomware Activity Pattern,Phishing,Domain,identity-check.invalid,Research Report,B,51,Medium,42,UNDER_REVIEW,2026-07-19 07:43:18,2026-08-13 07:43:18,United Kingdom,"Synthetic defensive cybersecurity observation related to phishing. This record is for awareness, analysis, and defensive security monitoring.",Command and Control,Valid Accounts,
THR-2026-1121,2026-06-26 05:51:18,Account Security Event,Phishing,Domain,security-alert.example.net,Public Threat Feed,B,78,High,66,CLOSED,2026-06-05 05:51:18,2026-06-26 05:51:18,Germany,"Synthetic defensive cybersecurity observation related to phishing. This record is for awareness, analysis, and defensive security monitoring.",Persistence,Credential Phishing,
THR-2026-1122,2026-04-22 06:13:18,Suspicious Malware Indicator,Account Security,IP,198.51.100.77,Unknown Source,D,53,Medium,56,CLOSED,2026-04-20 06:13:18,2026-04-25 06:13:18,Global,"Synthetic defensive cybersecurity observation related to account security. This record is for awareness, analysis, and defensive security monitoring.",Discovery,Phishing,
THR-2026-1123,2026-07-30 03:58:18,Suspicious Malware Indicator,Ransomware,Email/Sender Domain,alerts@secure-login.example.net,Community Submission,C,92,High,69,CLOSED,2026-06-30 03:58:18,2026-08-04 03:58:18,United States,"Synthetic defensive cybersecurity observation related to ransomware. This record is for awareness, analysis, and defensive security monitoring.",Execution,Network Service Scanning,
THR-2026-1124,2026-07-03 23:16:18,Vulnerability Exposure,Malware,Domain,update-service.invalid,Research Report,B,78,High,71,CLOSED,2026-06-05 23:16:18,2026-07-05 23:16:18,United States,"Synthetic defensive cybersecurity observation related to malware. This record is for awareness, analysis, and defensive security monitoring.",Command and Control,Credential Phishing,
THR-2026-1125,2026-05-10 02:02:18,Social Engineering Attempt,Ransomware,IP,198.51.100.101,Public Threat Feed,B,75,High,67,UNDER_REVIEW,2026-04-16 02:02:18,2026-05-12 02:02:18,Australia,"Synthetic defensive cybersecurity observation related to ransomware. This record is for awareness, analysis, and defensive security monitoring.",Persistence,Network Service Scanning,
THR-2026-1126,2026-07-01 06:22:18,Suspicious Malware Indicator,Credential Threat,CVE,CVE-2021-20367,Security Vendor,A,78,High,62,UNDER_REVIEW,2026-06-25 06:22:18,2026-07-02 06:22:18,United Kingdom,"Synthetic defensive cybersecurity observation related to credential threat. This record is for awareness, analysis, and defensive security monitoring.",Execution,Data from Information Repositories,CVE-2024-58806
THR-2026-1127,2026-07-28 14:42:18,Synthetic Credential Phishing Campaign,Vulnerability Exposure,CVE,CVE-2025-49165,Community Submission,C,68,High,63,CLOSED,2026-07-25 14:42:18,2026-08-02 14:42:18,Singapore,"Synthetic defensive cybersecurity observation related to vulnerability exposure. This record is for awareness, analysis, and defensive security monitoring.",Command and Control,Network Service Scanning,CVE-2026-59083
THR-2026-1128,2026-09-13 14:13:18,Network Threat Observation,Malware,CVE,CVE-2022-59154,Research Report,B,77,High,69,UNDER_REVIEW,2026-08-26 14:13:18,2026-09-18 14:13:18,Australia,"Synthetic defensive cybersecurity observation related to malware. This record is for awareness, analysis, and defensive security monitoring.",Persistence,Credential Phishing,CVE-2022-37680
THR-2026-1129,2026-07-31 04:59:18,Network Threat Observation,Ransomware,URL,https://cloud-security.example.net/verify,Security Vendor,A,71,High,67,CLOSED,2026-07-30 04:59:18,2026-08-05 04:59:18,India,"Synthetic defensive cybersecurity observation related to ransomware. This record is for awareness, analysis, and defensive security monitoring.",,,
THR-2026-1130,2026-04-16 03:20:18,Suspicious Web Activity,Network Threat,CVE,CVE-2026-51599,Research Report,B,84,High,75,MONITORING,2026-04-06 03:20:18,2026-04-19 03:20:18,United States,"Synthetic defensive cybersecurity observation related to network threat. This record is for awareness, analysis, and defensive security monitoring.",Persistence,Valid Accounts,CVE-2026-53264
THR-2026-1131,2026-05-29 23:00:18,Ransomware Activity Pattern,Vulnerability Exposure,URL,https://account-verify.example.org/verify,Security Vendor,A,59,High,73,MONITORING,2026-05-27 23:00:18,2026-06-01 23:00:18,India,"Synthetic defensive cybersecurity observation related to vulnerability exposure. This record is for awareness, analysis, and defensive security monitoring.",Discovery,Application Layer Protocol,CVE-2022-6182
THR-2026-1132,2026-08-18 23:13:18,Vulnerability Exposure,Phishing,Email/Sender Domain,alerts@account-verify.example.net,Public Threat Feed,B,64,Medium,60,UNDER_REVIEW,2026-08-14 23:13:18,2026-08-20 23:13:18,India,"Synthetic defensive cybersecurity observation related to phishing. This record is for awareness, analysis, and defensive security monitoring.",Exfiltration,Valid Accounts,
THR-2026-1133,2026-09-05 03:40:18,Suspicious Web Activity,Phishing,SHA-256,83fa03cd84778927bb24b220cbbe1fd0a0b6c49c4400c4b1a725d71abaa23cdd,Public Threat Feed,B,60,High,72,FALSE_POSITIVE,2026-08-24 03:40:18,2026-09-05 03:40:18,Singapore,"Synthetic defensive cybersecurity observation related to phishing. This record is for awareness, analysis, and defensive security monitoring.",,,
THR-2026-1134,2026-07-20 00:55:18,Social Engineering Attempt,Credential Threat,Domain,secure-login.example.net,Unknown Source,D,45,High,69,UNDER_REVIEW,2026-07-11 00:55:18,2026-07-21 00:55:18,Australia,"Synthetic defensive cybersecurity observation related to credential threat. This record is for awareness, analysis, and defensive security monitoring.",Exfiltration,Credential Phishing,
THR-2026-1135,2026-05-31 18:59:18,Suspicious Malware Indicator,Credential Threat,IP,198.51.100.187,Security Vendor,A,27,High,62,FALSE_POSITIVE,2026-05-20 18:59:18,2026-06-01 18:59:18,Germany,"Synthetic defensive cybersecurity observation related to credential threat. This record is for awareness, analysis, and defensive security monitoring.",Initial Access,Network Service Scanning,
THR-2026-1136,2026-06-16 19:00:18,Social Engineering Attempt,Web Threat,URL,https://login-check.invalid/verify,Public Threat Feed,B,71,Medium,57,CLOSED,2026-06-02 19:00:18,2026-06-18 19:00:18,United States,"Synthetic defensive cybersecurity observation related to web threat. This record is for awareness, analysis, and defensive security monitoring.",Command and Control,Valid Accounts,
THR-2026-1137,2026-06-08 21:43:18,Credential Theft Observation,Phishing,CVE,CVE-2024-1223,Research Report,B,68,High,71,NEW,2026-05-21 21:43:18,2026-06-11 21:43:18,United Kingdom,"Synthetic defensive cybersecurity observation related to phishing. This record is for awareness, analysis, and defensive security monitoring.",Initial Access,Application Layer Protocol,CVE-2024-13340
THR-2026-1138,2026-09-19 10:52:18,Synthetic Credential Phishing Campaign,Phishing,CVE,CVE-2021-10960,Public Threat Feed,B,44,High,74,CLOSED,2026-08-21 10:52:18,2026-09-21 10:52:18,Global,"Synthetic defensive cybersecurity observation related to phishing. This record is for awareness, analysis, and defensive security monitoring.",Command and Control,Valid Accounts,CVE-2026-3990
THR-2026-1139,2026-09-28 16:32:18,Credential Theft Observation,Ransomware,IP,198.51.100.136,Unknown Source,D,65,Medium,58,NEW,2026-09-21 16:32:18,2026-10-02 16:32:18,Germany,"Synthetic defensive cybersecurity observation related to ransomware. This record is for awareness, analysis, and defensive security monitoring.",Execution,Phishing,
THR-2026-1140,2026-08-20 12:50:18,Social Engineering Attempt,Credential Threat,IP,192.0.2.89,Security Vendor,A,69,Medium,52,UNDER_REVIEW,2026-08-01 12:50:18,2026-08-25 12:50:18,Australia,"Synthetic defensive cybersecurity observation related to credential threat. This record is for awareness, analysis, and defensive security monitoring.",Persistence,Network Service Scanning,
THR-2026-1141,2026-08-07 13:12:18,Network Threat Observation,Network Threat,CVE,CVE-2024-46297,Community Submission,C,55,Medium,60,UNDER_REVIEW,2026-08-01 13:12:18,2026-08-11 13:12:18,Global,"Synthetic defensive cybersecurity observation related to network threat. This record is for awareness, analysis, and defensive security monitoring.",Persistence,Valid Accounts,CVE-2021-19830
THR-2026-1142,2026-06-26 08:53:18,Ransomware Activity Pattern,Ransomware,Domain,update-service.example.net,Research Report,B,36,Medium,53,NEW,2026-06-25 08:53:18,2026-06-30 08:53:18,Global,"Synthetic defensive cybersecurity observation related to ransomware. This record is for awareness, analysis, and defensive security monitoring.",,,
THR-2026-1143,2026-06-02 08:42:18,Potential Data Exposure,Data Exposure,Domain,security-alert.example.com,Public Threat Feed,B,50,Medium,54,NEW,2026-05-21 08:42:18,2026-06-02 08:42:18,Global,"Synthetic defensive cybersecurity observation related to data exposure. This record is for awareness, analysis, and defensive security monitoring.",Credential Access,Application Layer Protocol,
THR-2026-1144,2026-06-05 05:31:18,Ransomware Activity Pattern,Vulnerability Exposure,CVE,CVE-2022-11576,Security Vendor,A,93,Critical,81,FALSE_POSITIVE,2026-05-22 05:31:18,2026-06-07 05:31:18,India,"Synthetic defensive cybersecurity observation related to vulnerability exposure. This record is for awareness, analysis, and defensive security monitoring.",,,CVE-2022-46275
THR-2026-1145,2026-08-26 12:59:18,Ransomware Activity Pattern,Malware,Email/Sender Domain,alerts@identity-check.example.org,Unknown Source,D,44,High,62,CLOSED,2026-08-05 12:59:18,2026-08-31 12:59:18,India,"Synthetic defensive cybersecurity observation related to malware. This record is for awareness, analysis, and defensive security monitoring.",Credential Access,Valid Accounts,
THR-2026-1146,2026-08-04 08:57:18,Vulnerability Exposure,Account Security,URL,https://identity-check.example.net/verify,Community Submission,C,31,Medium,58,MONITORING,2026-07-15 08:57:18,2026-08-04 08:57:18,India,"Synthetic defensive cybersecurity observation related to account security. This record is for awareness, analysis, and defensive security monitoring.",,,
THR-2026-1147,2026-09-03 15:16:18,Suspicious Malware Indicator,Credential Threat,IP,192.0.2.199,Internal SOC,A,65,High,64,CLOSED,2026-08-24 15:16:18,2026-09-04 15:16:18,United States,"Synthetic defensive cybersecurity observation related to credential threat. This record is for awareness, analysis, and defensive security monitoring.",Credential Access,Application Layer Protocol,
THR-2026-1148,2026-04-20 00:27:18,Social Engineering Attempt,Phishing,Email/Sender Domain,alerts@login-check.example.org,Unknown Source,D,76,High,76,MONITORING,2026-04-18 00:27:18,2026-04-22 00:27:18,United Kingdom,"Synthetic defensive cybersecurity observation related to phishing. This record is for awareness, analysis, and defensive security monitoring.",Discovery,Phishing,
THR-2026-1149,2026-09-17 09:15:18,Account Security Event,Ransomware,CVE,CVE-2026-6985,Public Threat Feed,B,72,High,69,FALSE_POSITIVE,2026-08-24 09:15:18,2026-09-22 09:15:18,Australia,"Synthetic defensive cybersecurity observation related to ransomware. This record is for awareness, analysis, and defensive security monitoring.",Credential Access,Network Service Scanning,CVE-2023-2108
THR-2026-1150,2026-09-19 20:00:18,Vulnerability Exposure,Credential Threat,Email/Sender Domain,alerts@security-alert.invalid,Internal SOC,A,95,High,69,NEW,2026-09-19 20:00:18,2026-09-20 20:00:18,Singapore,"Synthetic defensive cybersecurity observation related to credential threat. This record is for awareness, analysis, and defensive security monitoring.",Exfiltration,Application Layer Protocol,
THR-2026-1151,2026-05-12 04:03:18,Potential Data Exposure,Social Engineering,IP,203.0.113.166,Community Submission,C,36,Low,39,CLOSED,2026-04-20 04:03:18,2026-05-15 04:03:18,Germany,"Synthetic defensive cybersecurity observation related to social engineering. This record is for awareness, analysis, and defensive security monitoring.",Initial Access,Network Service Scanning,
THR-2026-1152,2026-08-07 09:00:18,Vulnerability Exposure,Data Exposure,SHA-256,2a4d21d0d10780babe5dd7a13b3f38f261fb6ae27f6fa7c33d5c24be45ed0383,Security Vendor,A,46,High,63,NEW,2026-07-19 09:00:18,2026-08-08 09:00:18,Germany,"Synthetic defensive cybersecurity observation related to data exposure. This record is for awareness, analysis, and defensive security monitoring.",Persistence,Application Layer Protocol,
THR-2026-1153,2026-08-05 14:52:18,Suspicious Web Activity,Account Security,Email/Sender Domain,alerts@security-alert.invalid,Unknown Source,D,85,High,78,FALSE_POSITIVE,2026-07-30 14:52:18,2026-08-10 14:52:18,India,"Synthetic defensive cybersecurity observation related to account security. This record is for awareness, analysis, and defensive security monitoring.",Command and Control,Data from Information Repositories,
THR-2026-1154,2026-08-20 04:44:18,Synthetic Credential Phishing Campaign,Vulnerability Exposure,URL,https://cloud-security.example.org/verify,Security Vendor,A,28,Medium,56,CLOSED,2026-08-16 04:44:18,2026-08-20 04:44:18,Global,"Synthetic defensive cybersecurity observation related to vulnerability exposure. This record is for awareness, analysis, and defensive security monitoring.",,,CVE-2021-24066
THR-2026-1155,2026-06-05 11:06:18,Vulnerability Exposure,Vulnerability Exposure,URL,https://account-verify.example.org/verify,Security Vendor,A,97,Critical,87,FALSE_POSITIVE,2026-06-04 11:06:18,2026-06-05 11:06:18,Australia,"Synthetic defensive cybersecurity observation related to vulnerability exposure. This record is for awareness, analysis, and defensive security monitoring.",Exfiltration,Credential Phishing,CVE-2025-31426
THR-2026-1156,2026-09-12 21:59:18,Synthetic Credential Phishing Campaign,Social Engineering,SHA-256,1ec454f5fd3060f537245faecd32df96c96444f61f28445767c5ba6c7a237af0,Public Threat Feed,B,82,High,71,MONITORING,2026-09-06 21:59:18,2026-09-15 21:59:18,India,"Synthetic defensive cybersecurity observation related to social engineering. This record is for awareness, analysis, and defensive security monitoring.",Initial Access,Credential Phishing,
THR-2026-1157,2026-06-29 03:15:18,Social Engineering Attempt,Credential Threat,URL,https://login-check.invalid/verify,Security Vendor,A,53,Medium,57,FALSE_POSITIVE,2026-06-16 03:15:18,2026-07-03 03:15:18,Australia,"Synthetic defensive cybersecurity observation related to credential threat. This record is for awareness, analysis, and defensive security monitoring.",Persistence,Valid Accounts,
THR-2026-1158,2026-05-06 21:05:18,Ransomware Activity Pattern,Account Security,CVE,CVE-2024-28100,Public Threat Feed,B,66,Medium,57,UNDER_REVIEW,2026-05-06 21:05:18,2026-05-07 21:05:18,Germany,"Synthetic defensive cybersecurity observation related to account security. This record is for awareness, analysis, and defensive security monitoring.",Persistence,Valid Accounts,CVE-2022-35669
THR-2026-1159,2026-07-11 16:26:18,Credential Theft Observation,Malware,URL,https://account-verify.example.org/verify,Research Report,B,92,Critical,85,MONITORING,2026-06-30 16:26:18,2026-07-13 16:26:18,Global,"Synthetic defensive cybersecurity observation related to malware. This record is for awareness, analysis, and defensive security monitoring.",Persistence,Application Layer Protocol,
THR-2026-1160,2026-06-25 16:52:18,Credential Theft Observation,Credential Threat,URL,https://cloud-security.example.org/verify,Security Vendor,A,34,High,62,MONITORING,2026-06-06 16:52:18,2026-06-29 16:52:18,Singapore,"Synthetic defensive cybersecurity observation related to credential threat. This record is for awareness, analysis, and defensive security monitoring.",Credential Access,User Execution,
THR-2026-1161,2026-08-23 07:37:18,Ransomware Activity Pattern,Credential Threat,Email/Sender Domain,alerts@secure-login.example.net,Public Threat Feed,B,77,High,75,UNDER_REVIEW,2026-08-22 07:37:18,2026-08-27 07:37:18,Singapore,"Synthetic defensive cybersecurity observation related to credential threat. This record is for awareness, analysis, and defensive security monitoring.",Command and Control,Data from Information Repositories,
THR-2026-1162,2026-08-26 08:51:18,Suspicious Malware Indicator,Data Exposure,CVE,CVE-2024-50917,Research Report,B,91,High,72,NEW,2026-07-29 08:51:18,2026-08-30 08:51:18,Germany,"Synthetic defensive cybersecurity observation related to data exposure. This record is for awareness, analysis, and defensive security monitoring.",,,CVE-2026-12359
THR-2026-1163,2026-06-22 00:30:18,Ransomware Activity Pattern,Network Threat,URL,https://login-check.example.com/verify,Security Vendor,A,91,Critical,81,NEW,2026-06-07 00:30:18,2026-06-26 00:30:18,India,"Synthetic defensive cybersecurity observation related to network threat. This record is for awareness, analysis, and defensive security monitoring.",Persistence,User Execution,
THR-2026-1164,2026-08-08 17:48:18,Network Threat Observation,Account Security,SHA-256,655a22ce37bb3b68d1f4947356193975153bc3f0297df58323c94227dd3bed7f,Security Vendor,A,73,High,73,UNDER_REVIEW,2026-07-13 17:48:18,2026-08-08 17:48:18,Global,"Synthetic defensive cybersecurity observation related to account security. This record is for awareness, analysis, and defensive security monitoring.",Initial Access,Valid Accounts,
THR-2026-1165,2026-07-12 17:30:18,Potential Data Exposure,Social Engineering,URL,https://update-service.invalid/verify,Research Report,B,70,High,77,FALSE_POSITIVE,2026-06-22 17:30:18,2026-07-17 17:30:18,Singapore,"Synthetic defensive cybersecurity observation related to social engineering. This record is for awareness, analysis, and defensive security monitoring.",Execution,Phishing,
THR-2026-1166,2026-06-25 23:37:18,Synthetic Credential Phishing Campaign,Web Threat,CVE,CVE-2022-20439,Security Vendor,A,63,Medium,58,UNDER_REVIEW,2026-06-23 23:37:18,2026-06-25 23:37:18,United States,"Synthetic defensive cybersecurity observation related to web threat. This record is for awareness, analysis, and defensive security monitoring.",Exfiltration,Credential Phishing,CVE-2025-25312
THR-2026-1167,2026-06-10 02:40:18,Credential Theft Observation,Ransomware,CVE,CVE-2026-30541,Security Vendor,A,29,Medium,60,FALSE_POSITIVE,2026-06-02 02:40:18,2026-06-13 02:40:18,Germany,"Synthetic defensive cybersecurity observation related to ransomware. This record is for awareness, analysis, and defensive security monitoring.",Discovery,Application Layer Protocol,CVE-2021-20743
THR-2026-1168,2026-05-13 03:27:18,Social Engineering Attempt,Vulnerability Exposure,Email/Sender Domain,alerts@update-service.example.org,Internal SOC,A,29,Medium,59,NEW,2026-04-19 03:27:18,2026-05-17 03:27:18,Germany,"Synthetic defensive cybersecurity observation related to vulnerability exposure. This record is for awareness, analysis, and defensive security monitoring.",,,CVE-2026-6876
THR-2026-1169,2026-08-07 18:01:18,Potential Data Exposure,Web Threat,Domain,secure-login.example.org,Internal SOC,A,63,High,66,CLOSED,2026-07-13 18:01:18,2026-08-09 18:01:18,Germany,"Synthetic defensive cybersecurity observation related to web threat. This record is for awareness, analysis, and defensive security monitoring.",,,
THR-2026-1170,2026-08-31 19:42:18,Ransomware Activity Pattern,Network Threat,Domain,account-verify.example.net,Internal SOC,A,68,Medium,59,FALSE_POSITIVE,2026-08-12 19:42:18,2026-09-01 19:42:18,India,"Synthetic defensive cybersecurity observation related to network threat. This record is for awareness, analysis, and defensive security monitoring.",,,
THR-2026-1171,2026-06-22 21:23:18,Vulnerability Exposure,Credential Threat,Domain,cloud-security.example.net,Unknown Source,D,54,High,63,MONITORING,2026-06-20 21:23:18,2026-06-27 21:23:18,Global,"Synthetic defensive cybersecurity observation related to credential threat. This record is for awareness, analysis, and defensive security monitoring.",,,
THR-2026-1172,2026-07-09 01:36:18,Network Threat Observation,Phishing,SHA-256,5dd742bd033dfb6c413c8960b674af415fb7d663418942c950029a521e9475ad,Internal SOC,A,43,High,78,NEW,2026-06-11 01:36:18,2026-07-14 01:36:18,India,"Synthetic defensive cybersecurity observation related to phishing. This record is for awareness, analysis, and defensive security monitoring.",,,
THR-2026-1173,2026-08-23 04:50:18,Ransomware Activity Pattern,Ransomware,Domain,login-check.example.com,Unknown Source,D,96,Critical,83,FALSE_POSITIVE,2026-08-17 04:50:18,2026-08-25 04:50:18,United Kingdom,"Synthetic defensive cybersecurity observation related to ransomware. This record is for awareness, analysis, and defensive security monitoring.",Credential Access,Phishing,
THR-2026-1174,2026-08-24 14:00:18,Vulnerability Exposure,Account Security,CVE,CVE-2023-44290,Internal SOC,A,27,Medium,56,FALSE_POSITIVE,2026-08-20 14:00:18,2026-08-26 14:00:18,Germany,"Synthetic defensive cybersecurity observation related to account security. This record is for awareness, analysis, and defensive security monitoring.",Command and Control,Data from Information Repositories,CVE-2021-29793
THR-2026-1175,2026-04-28 15:52:18,Network Threat Observation,Malware,SHA-256,13f1345669d9ea4055a7514b0316d035d6dad28baa5f89979d9f8476a3808416,Public Threat Feed,B,88,High,69,FALSE_POSITIVE,2026-04-01 15:52:18,2026-04-29 15:52:18,United States,"Synthetic defensive cybersecurity observation related to malware. This record is for awareness, analysis, and defensive security monitoring.",,,
THR-2026-1176,2026-09-19 06:42:18,Account Security Event,Data Exposure,SHA-256,31a4a0068dee464aa0005232b13155dca8d2f7b0f75f454df0944d956d0e1162,Internal SOC,A,85,Medium,59,MONITORING,2026-09-09 06:42:18,2026-09-23 06:42:18,Germany,"Synthetic defensive cybersecurity observation related to data exposure. This record is for awareness, analysis, and defensive security monitoring.",Credential Access,Data from Information Repositories,
THR-2026-1177,2026-06-03 04:11:18,Suspicious Malware Indicator,Data Exposure,URL,https://cloud-security.example.com/verify,Community Submission,C,89,High,77,NEW,2026-05-28 04:11:18,2026-06-06 04:11:18,United States,"Synthetic defensive cybersecurity observation related to data exposure. This record is for awareness, analysis, and defensive security monitoring.",Initial Access,Phishing,
THR-2026-1178,2026-04-11 18:25:18,Suspicious Malware Indicator,Phishing,IP,198.51.100.219,Community Submission,C,90,High,71,NEW,2026-03-17 18:25:18,2026-04-16 18:25:18,Global,"Synthetic defensive cybersecurity observation related to phishing. This record is for awareness, analysis, and defensive security monitoring.",,,
THR-2026-1179,2026-05-07 16:12:18,Network Threat Observation,Social Engineering,URL,https://identity-check.invalid/verify,Public Threat Feed,B,53,High,61,CLOSED,2026-04-29 16:12:18,2026-05-12 16:12:18,India,"Synthetic defensive cybersecurity observation related to social engineering. This record is for awareness, analysis, and defensive security monitoring.",,,
THR-2026-1180,2026-08-03 04:16:18,Suspicious Web Activity,Ransomware,Domain,security-alert.example.com,Security Vendor,A,88,High,65,NEW,2026-07-20 04:16:18,2026-08-04 04:16:18,Germany,"Synthetic defensive cybersecurity observation related to ransomware. This record is for awareness, analysis, and defensive security monitoring.",,,
THR-2026-1181,2026-08-16 12:04:18,Credential Theft Observation,Ransomware,SHA-256,186002e07771209516cfe77faa1886e9736927a2c4346f1e9f2044038988093d,Community Submission,C,58,High,69,MONITORING,2026-08-16 12:04:18,2026-08-21 12:04:18,United Kingdom,"Synthetic defensive cybersecurity observation related to ransomware. This record is for awareness, analysis, and defensive security monitoring.",Credential Access,Data from Information Repositories,
THR-2026-1182,2026-07-13 11:34:18,Network Threat Observation,Phishing,URL,https://secure-login.example.net/verify,Security Vendor,A,91,Critical,82,FALSE_POSITIVE,2026-06-29 11:34:18,2026-07-13 11:34:18,Australia,"Synthetic defensive cybersecurity observation related to phishing. This record is for awareness, analysis, and defensive security monitoring.",,,
THR-2026-1183,2026-04-28 12:54:18,Credential Theft Observation,Network Threat,IP,192.0.2.243,Research Report,B,65,High,67,FALSE_POSITIVE,2026-04-23 12:54:18,2026-05-01 12:54:18,Australia,"Synthetic defensive cybersecurity observation related to network threat. This record is for awareness, analysis, and defensive security monitoring.",Persistence,Credential Phishing,
THR-2026-1184,2026-08-26 00:15:18,Vulnerability Exposure,Credential Threat,URL,https://account-verify.invalid/verify,Research Report,B,88,Medium,59,UNDER_REVIEW,2026-08-22 00:15:18,2026-08-26 00:15:18,Global,"Synthetic defensive cybersecurity observation related to credential threat. This record is for awareness, analysis, and defensive security monitoring.",,,
THR-2026-1185,2026-07-24 08:47:18,Account Security Event,Account Security,Domain,account-verify.example.org,Security Vendor,A,72,Medium,51,FALSE_POSITIVE,2026-07-14 08:47:18,2026-07-27 08:47:18,Germany,"Synthetic defensive cybersecurity observation related to account security. This record is for awareness, analysis, and defensive security monitoring.",,,
THR-2026-1186,2026-07-21 14:03:18,Suspicious Malware Indicator,Credential Threat,SHA-256,67c34fe49a14170b0766aa07dc5d354d8f9e5e521b2e8387395eea81986873ce,Internal SOC,A,44,Medium,60,MONITORING,2026-06-21 14:03:18,2026-07-22 14:03:18,Singapore,"Synthetic defensive cybersecurity observation related to credential threat. This record is for awareness, analysis, and defensive security monitoring.",Discovery,Phishing,
THR-2026-1187,2026-09-25 10:34:18,Ransomware Activity Pattern,Data Exposure,URL,https://login-check.invalid/verify,Security Vendor,A,51,Medium,51,UNDER_REVIEW,2026-09-07 10:34:18,2026-09-29 10:34:18,Global,"Synthetic defensive cybersecurity observation related to data exposure. This record is for awareness, analysis, and defensive security monitoring.",Execution,Phishing,
THR-2026-1188,2026-05-21 06:56:18,Vulnerability Exposure,Ransomware,IP,198.51.100.229,Research Report,B,62,Medium,60,NEW,2026-05-08 06:56:18,2026-05-25 06:56:18,India,"Synthetic defensive cybersecurity observation related to ransomware. This record is for awareness, analysis, and defensive security monitoring.",Exfiltration,Network Service Scanning,
THR-2026-1189,2026-07-19 06:58:18,Vulnerability Exposure,Malware,Email/Sender Domain,alerts@security-alert.example.net,Internal SOC,A,96,High,65,CLOSED,2026-06-23 06:58:18,2026-07-24 06:58:18,Australia,"Synthetic defensive cybersecurity observation related to malware. This record is for awareness, analysis, and defensive security monitoring.",,,
THR-2026-1190,2026-04-24 23:33:18,Suspicious Malware Indicator,Data Exposure,SHA-256,0c0b5f6c2fe6d8ed0e7acf7712b6d7d764c31e2c554370ffb9f6df78536a0c44,Unknown Source,D,65,High,64,CLOSED,2026-03-25 23:33:18,2026-04-27 23:33:18,Australia,"Synthetic defensive cybersecurity observation related to data exposure. This record is for awareness, analysis, and defensive security monitoring.",Execution,Valid Accounts,
THR-2026-1191,2026-08-21 09:39:18,Ransomware Activity Pattern,Web Threat,CVE,CVE-2025-17576,Public Threat Feed,B,43,Medium,51,FALSE_POSITIVE,2026-08-16 09:39:18,2026-08-21 09:39:18,United States,"Synthetic defensive cybersecurity observation related to web threat. This record is for awareness, analysis, and defensive security monitoring.",Exfiltration,Phishing,CVE-2021-19633
THR-2026-1192,2026-09-11 19:56:18,Account Security Event,Web Threat,CVE,CVE-2025-41171,Security Vendor,A,90,High,74,MONITORING,2026-08-23 19:56:18,2026-09-14 19:56:18,Singapore,"Synthetic defensive cybersecurity observation related to web threat. This record is for awareness, analysis, and defensive security monitoring.",Command and Control,Network Service Scanning,CVE-2024-39543
THR-2026-1193,2026-08-09 22:24:18,Synthetic Credential Phishing Campaign,Malware,CVE,CVE-2021-1352,Unknown Source,D,50,Medium,43,MONITORING,2026-07-27 22:24:18,2026-08-09 22:24:18,United States,"Synthetic defensive cybersecurity observation related to malware. This record is for awareness, analysis, and defensive security monitoring.",Command and Control,Valid Accounts,CVE-2022-47283
THR-2026-1194,2026-04-27 10:31:18,Potential Data Exposure,Data Exposure,URL,https://security-alert.invalid/verify,Public Threat Feed,B,75,Medium,47,MONITORING,2026-04-02 10:31:18,2026-04-28 10:31:18,Singapore,"Synthetic defensive cybersecurity observation related to data exposure. This record is for awareness, analysis, and defensive security monitoring.",,,
THR-2026-1195,2026-09-20 10:23:18,Social Engineering Attempt,Ransomware,SHA-256,24cf63c6b90402b63bf36da3b58fcad3c96b48e4252c2549e52ac9566cd1876f,Unknown Source,D,46,High,74,UNDER_REVIEW,2026-09-08 10:23:18,2026-09-24 10:23:18,Global,"Synthetic defensive cybersecurity observation related to ransomware. This record is for awareness, analysis, and defensive security monitoring.",Execution,Valid Accounts,
THR-2026-1196,2026-08-11 20:25:18,Suspicious Malware Indicator,Data Exposure,Domain,identity-check.example.net,Internal SOC,A,89,Critical,82,UNDER_REVIEW,2026-07-14 20:25:18,2026-08-16 20:25:18,Germany,"Synthetic defensive cybersecurity observation related to data exposure. This record is for awareness, analysis, and defensive security monitoring.",Credential Access,Phishing,
THR-2026-1197,2026-04-18 19:01:18,Ransomware Activity Pattern,Credential Threat,SHA-256,64acdc2aceb871ee7a5cfecfa329eb4e9d104ed28af441e452ed74c5c9302299,Security Vendor,A,38,Medium,50,FALSE_POSITIVE,2026-04-13 19:01:18,2026-04-19 19:01:18,Global,"Synthetic defensive cybersecurity observation related to credential threat. This record is for awareness, analysis, and defensive security monitoring.",Discovery,Application Layer Protocol,
THR-2026-1198,2026-05-22 20:31:18,Social Engineering Attempt,Credential Threat,URL,https://update-service.example.net/verify,Unknown Source,D,84,Critical,84,NEW,2026-04-30 20:31:18,2026-05-27 20:31:18,Australia,"Synthetic defensive cybersecurity observation related to credential threat. This record is for awareness, analysis, and defensive security monitoring.",,,
THR-2026-1199,2026-04-25 18:18:18,Suspicious Malware Indicator,Phishing,SHA-256,823c6d15f659fc6b02f2b57091d2f689a4558db59bee45b1adf98f7971b11d88,Public Threat Feed,B,72,High,71,UNDER_REVIEW,2026-04-22 18:18:18,2026-04-30 18:18:18,Germany,"Synthetic defensive cybersecurity observation related to phishing. This record is for awareness, analysis, and defensive security monitoring.",,,
THR-2026-1200,2026-07-06 17:25:18,Suspicious Web Activity,Account Security,SHA-256,722b576b3e475027ac0c0a1af4a3f9e27c27dd32b30adc0ef403d510d8d0b65c,Unknown Source,D,39,High,69,CLOSED,2026-06-18 17:25:18,2026-07-10 17:25:18,United States,"Synthetic defensive cybersecurity observation related to account security. This record is for awareness, analysis, and defensive security monitoring.",,,
THR-2026-1201,2026-04-09 23:17:18,Suspicious Malware Indicator,Phishing,CVE,CVE-2022-22212,Community Submission,C,44,High,66,CLOSED,2026-03-28 23:17:18,2026-04-10 23:17:18,United States,"Synthetic defensive cybersecurity observation related to phishing. This record is for awareness, analysis, and defensive security monitoring.",Persistence,Network Service Scanning,CVE-2025-55357
THR-2026-1202,2026-07-27 14:24:18,Suspicious Web Activity,Data Exposure,Email/Sender Domain,alerts@security-alert.invalid,Internal SOC,A,45,High,64,CLOSED,2026-07-07 14:24:18,2026-08-01 14:24:18,United Kingdom,"Synthetic defensive cybersecurity observation related to data exposure. This record is for awareness, analysis, and defensive security monitoring.",Command and Control,Credential Phishing,
THR-2026-1203,2026-06-25 20:50:18,Social Engineering Attempt,Ransomware,Email/Sender Domain,alerts@account-verify.example.net,Community Submission,C,63,High,62,MONITORING,2026-06-08 20:50:18,2026-06-25 20:50:18,Singapore,"Synthetic defensive cybersecurity observation related to ransomware. This record is for awareness, analysis, and defensive security monitoring.",Persistence,Application Layer Protocol,
THR-2026-1204,2026-05-29 02:44:18,Social Engineering Attempt,Account Security,Email/Sender Domain,alerts@secure-login.example.org,Security Vendor,A,60,Medium,60,UNDER_REVIEW,2026-05-16 02:44:18,2026-06-01 02:44:18,Germany,"Synthetic defensive cybersecurity observation related to account security. This record is for awareness, analysis, and defensive security monitoring.",Command and Control,Network Service Scanning,
THR-2026-1205,2026-07-30 02:31:18,Potential Data Exposure,Data Exposure,Email/Sender Domain,alerts@cloud-security.example.net,Security Vendor,A,73,Medium,54,NEW,2026-07-30 02:31:18,2026-08-03 02:31:18,United Kingdom,"Synthetic defensive cybersecurity observation related to data exposure. This record is for awareness, analysis, and defensive security monitoring.",Execution,Phishing,
THR-2026-1206,2026-05-16 15:54:18,Potential Data Exposure,Phishing,Domain,cloud-security.example.org,Community Submission,C,83,High,61,MONITORING,2026-05-15 15:54:18,2026-05-16 15:54:18,Singapore,"Synthetic defensive cybersecurity observation related to phishing. This record is for awareness, analysis, and defensive security monitoring.",,,
THR-2026-1207,2026-07-12 20:32:18,Account Security Event,Malware,Domain,identity-check.example.net,Community Submission,C,94,Medium,55,MONITORING,2026-06-21 20:32:18,2026-07-16 20:32:18,Global,"Synthetic defensive cybersecurity observation related to malware. This record is for awareness, analysis, and defensive security monitoring.",,,
THR-2026-1208,2026-07-03 11:48:18,Vulnerability Exposure,Malware,Email/Sender Domain,alerts@cloud-security.example.net,Internal SOC,A,55,Medium,56,NEW,2026-07-03 11:48:18,2026-07-04 11:48:18,Singapore,"Synthetic defensive cybersecurity observation related to malware. This record is for awareness, analysis, and defensive security monitoring.",Exfiltration,Data from Information Repositories,
THR-2026-1209,2026-09-10 18:35:18,Potential Data Exposure,Account Security,URL,https://identity-check.example.org/verify,Security Vendor,A,27,High,63,CLOSED,2026-08-17 18:35:18,2026-09-14 18:35:18,Germany,"Synthetic defensive cybersecurity observation related to account security. This record is for awareness, analysis, and defensive security monitoring.",Discovery,Phishing,
THR-2026-1210,2026-08-24 21:55:18,Credential Theft Observation,Data Exposure,SHA-256,f8ce8fbbeb9286d320d73f86d55cdf14b663ab8506410546893c500faf3225f2,Internal SOC,A,27,High,66,MONITORING,2026-08-04 21:55:18,2026-08-24 21:55:18,Australia,"Synthetic defensive cybersecurity observation related to data exposure. This record is for awareness, analysis, and defensive security monitoring.",,,
THR-2026-1211,2026-05-06 10:26:18,Vulnerability Exposure,Malware,IP,203.0.113.232,Unknown Source,D,62,Medium,59,CLOSED,2026-04-21 10:26:18,2026-05-08 10:26:18,Global,"Synthetic defensive cybersecurity observation related to malware. This record is for awareness, analysis, and defensive security monitoring.",Persistence,Valid Accounts,
THR-2026-1212,2026-05-01 16:24:18,Vulnerability Exposure,Web Threat,IP,192.0.2.48,Security Vendor,A,41,Medium,55,UNDER_REVIEW,2026-04-04 16:24:18,2026-05-04 16:24:18,India,"Synthetic defensive cybersecurity observation related to web threat. This record is for awareness, analysis, and defensive security monitoring.",Discovery,Phishing,
THR-2026-1213,2026-07-18 19:54:18,Network Threat Observation,Network Threat,Domain,account-verify.example.com,Community Submission,C,62,Medium,57,FALSE_POSITIVE,2026-07-06 19:54:18,2026-07-20 19:54:18,Germany,"Synthetic defensive cybersecurity observation related to network threat. This record is for awareness, analysis, and defensive security monitoring.",Persistence,Valid Accounts,
THR-2026-1214,2026-08-31 02:30:18,Account Security Event,Malware,Domain,login-check.invalid,Security Vendor,A,65,High,65,UNDER_REVIEW,2026-08-08 02:30:18,2026-09-02 02:30:18,Germany,"Synthetic defensive cybersecurity observation related to malware. This record is for awareness, analysis, and defensive security monitoring.",,,
THR-2026-1215,2026-08-05 15:42:18,Potential Data Exposure,Ransomware,CVE,CVE-2026-17146,Research Report,B,36,Medium,52,FALSE_POSITIVE,2026-07-16 15:42:18,2026-08-08 15:42:18,United Kingdom,"Synthetic defensive cybersecurity observation related to ransomware. This record is for awareness, analysis, and defensive security monitoring.",,,CVE-2023-36131
THR-2026-1216,2026-05-08 14:32:18,Network Threat Observation,Data Exposure,URL,https://login-check.example.net/verify,Public Threat Feed,B,66,High,66,NEW,2026-05-03 14:32:18,2026-05-13 14:32:18,Singapore,"Synthetic defensive cybersecurity observation related to data exposure. This record is for awareness, analysis, and defensive security monitoring.",,,
THR-2026-1217,2026-09-21 18:57:18,Suspicious Malware Indicator,Network Threat,SHA-256,4032ddbe028c385d6ca70f90dcbb04e5522757509467f98bc03d5fd9baf7b94b,Public Threat Feed,B,35,Medium,47,CLOSED,2026-09-01 18:57:18,2026-09-21 18:57:18,Germany,"Synthetic defensive cybersecurity observation related to network threat. This record is for awareness, analysis, and defensive security monitoring.",Persistence,User Execution,
THR-2026-1218,2026-05-22 12:04:18,Social Engineering Attempt,Social Engineering,Domain,login-check.example.org,Public Threat Feed,B,52,High,62,FALSE_POSITIVE,2026-04-25 12:04:18,2026-05-27 12:04:18,United Kingdom,"Synthetic defensive cybersecurity observation related to social engineering. This record is for awareness, analysis, and defensive security monitoring.",,,
THR-2026-1219,2026-07-12 04:20:18,Suspicious Malware Indicator,Account Security,SHA-256,900bbfec6910de8f9e06446a3bb17c6b97e3eb1202ea7c7a04598831b27f33aa,Internal SOC,A,62,Medium,55,UNDER_REVIEW,2026-06-26 04:20:18,2026-07-16 04:20:18,Germany,"Synthetic defensive cybersecurity observation related to account security. This record is for awareness, analysis, and defensive security monitoring.",,,
THR-2026-1220,2026-08-19 21:52:18,Ransomware Activity Pattern,Malware,IP,203.0.113.18,Research Report,B,55,High,78,MONITORING,2026-08-18 21:52:18,2026-08-23 21:52:18,Global,"Synthetic defensive cybersecurity observation related to malware. This record is for awareness, analysis, and defensive security monitoring.",Execution,Credential Phishing,
THR-2026-1221,2026-07-16 14:47:18,Suspicious Web Activity,Data Exposure,SHA-256,7e13f3ff31a6e386e01d240169b90bc90334c1876abf7a07cad0cbb58ef93c92,Internal SOC,A,61,Medium,57,MONITORING,2026-07-06 14:47:18,2026-07-17 14:47:18,Global,"Synthetic defensive cybersecurity observation related to data exposure. This record is for awareness, analysis, and defensive security monitoring.",Command and Control,Valid Accounts,
THR-2026-1222,2026-09-08 00:24:18,Suspicious Malware Indicator,Network Threat,CVE,CVE-2026-32404,Security Vendor,A,90,High,64,CLOSED,2026-08-18 00:24:18,2026-09-11 00:24:18,Australia,"Synthetic defensive cybersecurity observation related to network threat. This record is for awareness, analysis, and defensive security monitoring.",Credential Access,Valid Accounts,CVE-2024-33542
THR-2026-1223,2026-08-31 17:13:18,Vulnerability Exposure,Account Security,SHA-256,cbec4abdb561b6c21172b5e94d90d9544c9b472bcc5a1496101dd90cf5cd6556,Research Report,B,33,Medium,57,MONITORING,2026-08-13 17:13:18,2026-09-02 17:13:18,India,"Synthetic defensive cybersecurity observation related to account security. This record is for awareness, analysis, and defensive security monitoring.",Discovery,Network Service Scanning,
THR-2026-1224,2026-05-17 01:21:18,Credential Theft Observation,Account Security,Email/Sender Domain,alerts@cloud-security.example.org,Internal SOC,A,29,Medium,56,UNDER_REVIEW,2026-05-10 01:21:18,2026-05-21 01:21:18,India,"Synthetic defensive cybersecurity observation related to account security. This record is for awareness, analysis, and defensive security monitoring.",Command and Control,Phishing,
THR-2026-1225,2026-06-28 03:04:18,Account Security Event,Data Exposure,Email/Sender Domain,alerts@identity-check.example.net,Community Submission,C,91,High,63,FALSE_POSITIVE,2026-05-29 03:04:18,2026-07-02 03:04:18,United Kingdom,"Synthetic defensive cybersecurity observation related to data exposure. This record is for awareness, analysis, and defensive security monitoring.",Credential Access,Valid Accounts,
THR-2026-1226,2026-09-02 19:04:18,Suspicious Malware Indicator,Data Exposure,URL,https://update-service.example.net/verify,Internal SOC,A,87,High,78,FALSE_POSITIVE,2026-08-30 19:04:18,2026-09-06 19:04:18,Singapore,"Synthetic defensive cybersecurity observation related to data exposure. This record is for awareness, analysis, and defensive security monitoring.",,,
THR-2026-1227,2026-09-14 21:51:18,Suspicious Web Activity,Malware,Domain,account-verify.invalid,Community Submission,C,94,High,74,MONITORING,2026-08-16 21:51:18,2026-09-16 21:51:18,Global,"Synthetic defensive cybersecurity observation related to malware. This record is for awareness, analysis, and defensive security monitoring.",Execution,Credential Phishing,
THR-2026-1228,2026-08-10 15:50:18,Vulnerability Exposure,Social Engineering,Domain,cloud-security.invalid,Community Submission,C,75,High,64,NEW,2026-08-04 15:50:18,2026-08-14 15:50:18,Singapore,"Synthetic defensive cybersecurity observation related to social engineering. This record is for awareness, analysis, and defensive security monitoring.",Execution,Network Service Scanning,
THR-2026-1229,2026-04-29 13:53:18,Ransomware Activity Pattern,Social Engineering,Email/Sender Domain,alerts@cloud-security.invalid,Community Submission,C,68,Medium,50,CLOSED,2026-04-02 13:53:18,2026-05-04 13:53:18,Germany,"Synthetic defensive cybersecurity observation related to social engineering. This record is for awareness, analysis, and defensive security monitoring.",Discovery,Phishing,
THR-2026-1230,2026-08-10 00:46:18,Potential Data Exposure,Network Threat,URL,https://cloud-security.invalid/verify,Public Threat Feed,B,79,High,62,CLOSED,2026-07-21 00:46:18,2026-08-15 00:46:18,Australia,"Synthetic defensive cybersecurity observation related to network threat. This record is for awareness, analysis, and defensive security monitoring.",Initial Access,Data from Information Repositories,
THR-2026-1231,2026-08-04 17:46:18,Account Security Event,Network Threat,Domain,update-service.example.org,Community Submission,C,75,Medium,50,UNDER_REVIEW,2026-08-04 17:46:18,2026-08-05 17:46:18,Australia,"Synthetic defensive cybersecurity observation related to network threat. This record is for awareness, analysis, and defensive security monitoring.",,,
THR-2026-1232,2026-07-13 18:00:18,Suspicious Web Activity,Network Threat,URL,https://account-verify.invalid/verify,Unknown Source,D,79,Medium,56,UNDER_REVIEW,2026-07-10 18:00:18,2026-07-17 18:00:18,United Kingdom,"Synthetic defensive cybersecurity observation related to network threat. This record is for awareness, analysis, and defensive security monitoring.",,,
THR-2026-1233,2026-05-31 05:27:18,Network Threat Observation,Credential Threat,CVE,CVE-2025-48226,Security Vendor,A,76,High,66,FALSE_POSITIVE,2026-05-07 05:27:18,2026-06-03 05:27:18,Germany,"Synthetic defensive cybersecurity observation related to credential threat. This record is for awareness, analysis, and defensive security monitoring.",Discovery,Valid Accounts,CVE-2021-15223
THR-2026-1234,2026-05-19 00:56:18,Suspicious Web Activity,Credential Threat,URL,https://update-service.example.com/verify,Internal SOC,A,32,Medium,52,NEW,2026-04-25 00:56:18,2026-05-22 00:56:18,Australia,"Synthetic defensive cybersecurity observation related to credential threat. This record is for awareness, analysis, and defensive security monitoring.",Persistence,Data from Information Repositories,
THR-2026-1235,2026-09-06 08:27:18,Ransomware Activity Pattern,Vulnerability Exposure,SHA-256,00781a6261c7e39d9926bc6e1ea5e813b92991afb0c8d31ac2fe7ebc1d3c2576,Research Report,B,87,High,65,UNDER_REVIEW,2026-08-28 08:27:18,2026-09-07 08:27:18,Germany,"Synthetic defensive cybersecurity observation related to vulnerability exposure. This record is for awareness, analysis, and defensive security monitoring.",Credential Access,Valid Accounts,CVE-2025-3791
THR-2026-1236,2026-06-23 11:30:18,Suspicious Malware Indicator,Social Engineering,IP,198.51.100.207,Public Threat Feed,B,94,Critical,87,MONITORING,2026-05-25 11:30:18,2026-06-24 11:30:18,United Kingdom,"Synthetic defensive cybersecurity observation related to social engineering. This record is for awareness, analysis, and defensive security monitoring.",,,
THR-2026-1237,2026-07-14 14:54:18,Vulnerability Exposure,Malware,CVE,CVE-2023-3808,Community Submission,C,34,Medium,56,MONITORING,2026-07-08 14:54:18,2026-07-16 14:54:18,India,"Synthetic defensive cybersecurity observation related to malware. This record is for awareness, analysis, and defensive security monitoring.",Initial Access,Valid Accounts,CVE-2026-20635
THR-2026-1238,2026-06-02 22:38:18,Suspicious Web Activity,Data Exposure,Email/Sender Domain,alerts@identity-check.example.org,Community Submission,C,87,Medium,44,MONITORING,2026-05-20 22:38:18,2026-06-03 22:38:18,Germany,"Synthetic defensive cybersecurity observation related to data exposure. This record is for awareness, analysis, and defensive security monitoring.",Initial Access,Network Service Scanning,
THR-2026-1239,2026-05-11 10:25:18,Account Security Event,Account Security,Domain,identity-check.invalid,Public Threat Feed,B,52,High,67,FALSE_POSITIVE,2026-04-26 10:25:18,2026-05-14 10:25:18,United States,"Synthetic defensive cybersecurity observation related to account security. This record is for awareness, analysis, and defensive security monitoring.",Execution,Network Service Scanning,
THR-2026-1240,2026-07-08 07:57:18,Social Engineering Attempt,Data Exposure,URL,https://security-alert.example.net/verify,Public Threat Feed,B,90,Critical,82,NEW,2026-06-16 07:57:18,2026-07-09 07:57:18,Germany,"Synthetic defensive cybersecurity observation related to data exposure. This record is for awareness, analysis, and defensive security monitoring.",Persistence,Valid Accounts,
THR-2026-1241,2026-06-29 03:02:18,Potential Data Exposure,Phishing,CVE,CVE-2025-5260,Security Vendor,A,95,High,79,FALSE_POSITIVE,2026-06-06 03:02:18,2026-06-29 03:02:18,Germany,"Synthetic defensive cybersecurity observation related to phishing. This record is for awareness, analysis, and defensive security monitoring.",Execution,Network Service Scanning,CVE-2022-39708
THR-2026-1242,2026-08-11 23:33:18,Suspicious Web Activity,Social Engineering,SHA-256,fa099c08c4c2bdfea82f85f697fdebb6a09ca890a65d745e5698a1c07d3ad849,Research Report,B,70,High,69,UNDER_REVIEW,2026-07-18 23:33:18,2026-08-14 23:33:18,Australia,"Synthetic defensive cybersecurity observation related to social engineering. This record is for awareness, analysis, and defensive security monitoring.",,,
THR-2026-1243,2026-04-24 22:50:18,Network Threat Observation,Phishing,Email/Sender Domain,alerts@account-verify.example.com,Security Vendor,A,39,Medium,48,NEW,2026-04-19 22:50:18,2026-04-28 22:50:18,United Kingdom,"Synthetic defensive cybersecurity observation related to phishing. This record is for awareness, analysis, and defensive security monitoring.",Initial Access,Application Layer Protocol,
THR-2026-1244,2026-09-01 11:34:18,Social Engineering Attempt,Ransomware,Domain,identity-check.example.org,Internal SOC,A,29,High,70,NEW,2026-08-08 11:34:18,2026-09-03 11:34:18,Singapore,"Synthetic defensive cybersecurity observation related to ransomware. This record is for awareness, analysis, and defensive security monitoring.",,,
THR-2026-1245,2026-09-19 16:21:18,Ransomware Activity Pattern,Credential Threat,Domain,security-alert.example.org,Public Threat Feed,B,55,High,63,FALSE_POSITIVE,2026-08-28 16:21:18,2026-09-23 16:21:18,Germany,"Synthetic defensive cybersecurity observation related to credential threat. This record is for awareness, analysis, and defensive security monitoring.",,,
THR-2026-1246,2026-07-31 17:25:18,Social Engineering Attempt,Phishing,Email/Sender Domain,alerts@cloud-security.example.org,Security Vendor,A,96,High,76,UNDER_REVIEW,2026-07-25 17:25:18,2026-08-01 17:25:18,United States,"Synthetic defensive cybersecurity observation related to phishing. This record is for awareness, analysis, and defensive security monitoring.",Persistence,Phishing,
THR-2026-1247,2026-05-21 16:48:18,Vulnerability Exposure,Web Threat,CVE,CVE-2022-4293,Public Threat Feed,B,52,Medium,58,CLOSED,2026-05-20 16:48:18,2026-05-22 16:48:18,India,"Synthetic defensive cybersecurity observation related to web threat. This record is for awareness, analysis, and defensive security monitoring.",Execution,Network Service Scanning,CVE-2024-7502
THR-2026-1248,2026-09-26 16:30:18,Ransomware Activity Pattern,Vulnerability Exposure,SHA-256,41f9f45c26fdfd6730e230f4c0a2b9535ba0619b1731cda3f0919504ce65f642,Research Report,B,46,Medium,56,FALSE_POSITIVE,2026-09-02 16:30:18,2026-09-27 16:30:18,United Kingdom,"Synthetic defensive cybersecurity observation related to vulnerability exposure. This record is for awareness, analysis, and defensive security monitoring.",Execution,Credential Phishing,CVE-2024-48280
THR-2026-1249,2026-09-28 10:45:18,Account Security Event,Data Exposure,Email/Sender Domain,alerts@login-check.invalid,Security Vendor,A,68,Medium,52,CLOSED,2026-09-13 10:45:18,2026-09-29 10:45:18,United States,"Synthetic defensive cybersecurity observation related to data exposure. This record is for awareness, analysis, and defensive security monitoring.",Discovery,Credential Phishing,
THR-2026-1250,2026-09-12 08:38:18,Potential Data Exposure,Malware,Domain,update-service.invalid,Community Submission,C,29,Medium,59,CLOSED,2026-08-26 08:38:18,2026-09-15 08:38:18,Germany,"Synthetic defensive cybersecurity observation related to malware. This record is for awareness, analysis, and defensive security monitoring.",,,
THR-2026-1251,2026-09-06 20:44:18,Suspicious Malware Indicator,Ransomware,Domain,update-service.invalid,Community Submission,C,57,Medium,52,CLOSED,2026-08-19 20:44:18,2026-09-07 20:44:18,United Kingdom,"Synthetic defensive cybersecurity observation related to ransomware. This record is for awareness, analysis, and defensive security monitoring.",Persistence,Valid Accounts,
THR-2026-1252,2026-07-22 07:40:18,Network Threat Observation,Vulnerability Exposure,IP,192.0.2.55,Internal SOC,A,43,High,72,FALSE_POSITIVE,2026-07-11 07:40:18,2026-07-23 07:40:18,United Kingdom,"Synthetic defensive cybersecurity observation related to vulnerability exposure. This record is for awareness, analysis, and defensive security monitoring.",Exfiltration,Phishing,CVE-2021-10441
THR-2026-1253,2026-06-06 06:27:18,Network Threat Observation,Ransomware,CVE,CVE-2023-7184,Security Vendor,A,27,High,66,UNDER_REVIEW,2026-05-18 06:27:18,2026-06-06 06:27:18,United States,"Synthetic defensive cybersecurity observation related to ransomware. This record is for awareness, analysis, and defensive security monitoring.",Credential Access,Credential Phishing,CVE-2024-43044
THR-2026-1254,2026-07-27 23:59:18,Synthetic Credential Phishing Campaign,Malware,CVE,CVE-2022-7931,Community Submission,C,63,High,61,NEW,2026-07-05 23:59:18,2026-07-29 23:59:18,Singapore,"Synthetic defensive cybersecurity observation related to malware. This record is for awareness, analysis, and defensive security monitoring.",Command and Control,Phishing,CVE-2021-26052
THR-2026-1255,2026-04-09 02:05:18,Potential Data Exposure,Network Threat,Email/Sender Domain,alerts@update-service.example.net,Research Report,B,36,High,61,UNDER_REVIEW,2026-03-21 02:05:18,2026-04-13 02:05:18,United States,"Synthetic defensive cybersecurity observation related to network threat. This record is for awareness, analysis, and defensive security monitoring.",Credential Access,Credential Phishing,
THR-2026-1256,2026-05-27 12:37:18,Account Security Event,Phishing,IP,192.0.2.147,Community Submission,C,59,High,62,NEW,2026-05-13 12:37:18,2026-06-01 12:37:18,Germany,"Synthetic defensive cybersecurity observation related to phishing. This record is for awareness, analysis, and defensive security monitoring.",Persistence,Network Service Scanning,
THR-2026-1257,2026-05-23 05:26:18,Credential Theft Observation,Account Security,Domain,cloud-security.example.org,Unknown Source,D,63,Medium,48,UNDER_REVIEW,2026-05-04 05:26:18,2026-05-28 05:26:18,United Kingdom,"Synthetic defensive cybersecurity observation related to account security. This record is for awareness, analysis, and defensive security monitoring.",,,
THR-2026-1258,2026-09-05 04:15:18,Vulnerability Exposure,Data Exposure,URL,https://security-alert.example.com/verify,Research Report,B,59,High,61,NEW,2026-08-06 04:15:18,2026-09-09 04:15:18,United States,"Synthetic defensive cybersecurity observation related to data exposure. This record is for awareness, analysis, and defensive security monitoring.",Initial Access,Valid Accounts,
THR-2026-1259,2026-10-05 05:03:18,Vulnerability Exposure,Credential Threat,CVE,CVE-2022-52988,Internal SOC,A,43,High,62,MONITORING,2026-09-29 05:03:18,2026-10-05 05:03:18,Australia,"Synthetic defensive cybersecurity observation related to credential threat. This record is for awareness, analysis, and defensive security monitoring.",,,CVE-2025-35012
THR-2026-1260,2026-05-24 17:02:18,Synthetic Credential Phishing Campaign,Vulnerability Exposure,SHA-256,5c006f52fadfad50217d4bcbe9ebbb7f9e0a5161899938bba60d9325971865eb,Internal SOC,A,39,Medium,51,FALSE_POSITIVE,2026-04-30 17:02:18,2026-05-28 17:02:18,Global,"Synthetic defensive cybersecurity observation related to vulnerability exposure. This record is for awareness, analysis, and defensive security monitoring.",,,CVE-2021-27620
THR-2026-1261,2026-08-14 21:04:18,Account Security Event,Malware,SHA-256,69f838803fb3a9fe3b37f3bdc995d74ed751855de9e07688b98defb5a154c77d,Unknown Source,D,44,High,65,CLOSED,2026-07-19 21:04:18,2026-08-18 21:04:18,Australia,"Synthetic defensive cybersecurity observation related to malware. This record is for awareness, analysis, and defensive security monitoring.",Command and Control,Network Service Scanning,
THR-2026-1262,2026-05-17 22:21:18,Synthetic Credential Phishing Campaign,Phishing,SHA-256,587c505639daf2855daa22b784acab346664ef32b1688c158b68fd2dbe7244c8,Security Vendor,A,68,Medium,50,FALSE_POSITIVE,2026-05-09 22:21:18,2026-05-20 22:21:18,Singapore,"Synthetic defensive cybersecurity observation related to phishing. This record is for awareness, analysis, and defensive security monitoring.",,,
THR-2026-1263,2026-06-13 08:52:18,Potential Data Exposure,Web Threat,CVE,CVE-2026-25207,Internal SOC,A,80,Medium,59,MONITORING,2026-06-10 08:52:18,2026-06-17 08:52:18,United Kingdom,"Synthetic defensive cybersecurity observation related to web threat. This record is for awareness, analysis, and defensive security monitoring.",Discovery,Valid Accounts,CVE-2026-40592
THR-2026-1264,2026-09-18 00:38:18,Synthetic Credential Phishing Campaign,Account Security,URL,https://update-service.example.org/verify,Public Threat Feed,B,27,Low,39,CLOSED,2026-09-08 00:38:18,2026-09-19 00:38:18,Singapore,"Synthetic defensive cybersecurity observation related to account security. This record is for awareness, analysis, and defensive security monitoring.",Discovery,Network Service Scanning,
THR-2026-1265,2026-08-28 13:48:18,Synthetic Credential Phishing Campaign,Web Threat,URL,https://cloud-security.example.com/verify,Community Submission,C,59,High,73,FALSE_POSITIVE,2026-08-25 13:48:18,2026-08-28 13:48:18,India,"Synthetic defensive cybersecurity observation related to web threat. This record is for awareness, analysis, and defensive security monitoring.",,,
THR-2026-1266,2026-10-05 06:54:18,Potential Data Exposure,Data Exposure,Domain,login-check.example.net,Internal SOC,A,53,High,74,MONITORING,2026-09-23 06:54:18,2026-10-06 06:54:18,Australia,"Synthetic defensive cybersecurity observation related to data exposure. This record is for awareness, analysis, and defensive security monitoring.",Persistence,Valid Accounts,
THR-2026-1267,2026-08-26 04:29:18,Ransomware Activity Pattern,Social Engineering,Domain,secure-login.invalid,Internal SOC,A,70,High,69,FALSE_POSITIVE,2026-08-12 04:29:18,2026-08-26 04:29:18,United States,"Synthetic defensive cybersecurity observation related to social engineering. This record is for awareness, analysis, and defensive security monitoring.",Discovery,Application Layer Protocol,
THR-2026-1268,2026-04-27 01:29:18,Vulnerability Exposure,Network Threat,IP,192.0.2.227,Public Threat Feed,B,78,High,72,NEW,2026-04-09 01:29:18,2026-04-27 01:29:18,India,"Synthetic defensive cybersecurity observation related to network threat. This record is for awareness, analysis, and defensive security monitoring.",Credential Access,Network Service Scanning,
THR-2026-1269,2026-09-02 18:36:18,Suspicious Malware Indicator,Ransomware,Domain,identity-check.example.com,Research Report,B,79,Medium,47,UNDER_REVIEW,2026-08-17 18:36:18,2026-09-03 18:36:18,United States,"Synthetic defensive cybersecurity observation related to ransomware. This record is for awareness, analysis, and defensive security monitoring.",,,
THR-2026-1270,2026-09-27 14:54:18,Vulnerability Exposure,Account Security,CVE,CVE-2024-50245,Unknown Source,D,79,High,69,MONITORING,2026-09-19 14:54:18,2026-10-01 14:54:18,United States,"Synthetic defensive cybersecurity observation related to account security. This record is for awareness, analysis, and defensive security monitoring.",Exfiltration,Data from Information Repositories,CVE-2024-49197
THR-2026-1271,2026-08-29 21:25:18,Synthetic Credential Phishing Campaign,Web Threat,URL,https://login-check.invalid/verify,Public Threat Feed,B,30,Medium,55,MONITORING,2026-08-22 21:25:18,2026-09-03 21:25:18,United States,"Synthetic defensive cybersecurity observation related to web threat. This record is for awareness, analysis, and defensive security monitoring.",Initial Access,User Execution,
THR-2026-1272,2026-07-31 04:29:18,Ransomware Activity Pattern,Social Engineering,CVE,CVE-2022-21830,Internal SOC,A,51,High,65,NEW,2026-07-14 04:29:18,2026-08-03 04:29:18,Australia,"Synthetic defensive cybersecurity observation related to social engineering. This record is for awareness, analysis, and defensive security monitoring.",Command and Control,Valid Accounts,CVE-2024-36045
THR-2026-1273,2026-06-19 13:00:18,Ransomware Activity Pattern,Social Engineering,CVE,CVE-2023-6019,Unknown Source,D,75,High,74,FALSE_POSITIVE,2026-06-07 13:00:18,2026-06-21 13:00:18,Germany,"Synthetic defensive cybersecurity observation related to social engineering. This record is for awareness, analysis, and defensive security monitoring.",Credential Access,Data from Information Repositories,CVE-2022-57093
THR-2026-1274,2026-06-08 09:09:18,Network Threat Observation,Data Exposure,SHA-256,4f682d84512bbeeac25fc2621a0ec8aff397ef2ddfd6a4c74eae6b4878abf730,Internal SOC,A,59,High,74,NEW,2026-06-03 09:09:18,2026-06-12 09:09:18,Germany,"Synthetic defensive cybersecurity observation related to data exposure. This record is for awareness, analysis, and defensive security monitoring.",Initial Access,Data from Information Repositories,
THR-2026-1275,2026-07-17 03:00:18,Vulnerability Exposure,Data Exposure,URL,https://identity-check.example.net/verify,Internal SOC,A,86,High,66,FALSE_POSITIVE,2026-07-11 03:00:18,2026-07-19 03:00:18,United States,"Synthetic defensive cybersecurity observation related to data exposure. This record is for awareness, analysis, and defensive security monitoring.",Initial Access,Valid Accounts,
THR-2026-1276,2026-08-25 00:35:18,Suspicious Web Activity,Malware,URL,https://cloud-security.example.org/verify,Internal SOC,A,80,High,76,NEW,2026-08-07 00:35:18,2026-08-26 00:35:18,Global,"Synthetic defensive cybersecurity observation related to malware. This record is for awareness, analysis, and defensive security monitoring.",Initial Access,Phishing,
THR-2026-1277,2026-06-09 04:51:18,Credential Theft Observation,Account Security,SHA-256,608de4f0902dc4433f412c7ab042d3faca95b0424ea540131901b595f2f52677,Research Report,B,94,High,71,FALSE_POSITIVE,2026-05-13 04:51:18,2026-06-14 04:51:18,Global,"Synthetic defensive cybersecurity observation related to account security. This record is for awareness, analysis, and defensive security monitoring.",,,
THR-2026-1278,2026-05-22 19:34:18,Vulnerability Exposure,Web Threat,Email/Sender Domain,alerts@update-service.example.org,Community Submission,C,89,High,80,NEW,2026-05-04 19:34:18,2026-05-25 19:34:18,United Kingdom,"Synthetic defensive cybersecurity observation related to web threat. This record is for awareness, analysis, and defensive security monitoring.",,,
THR-2026-1279,2026-07-18 05:09:18,Ransomware Activity Pattern,Malware,IP,192.0.2.221,Internal SOC,A,48,High,67,NEW,2026-06-25 05:09:18,2026-07-20 05:09:18,India,"Synthetic defensive cybersecurity observation related to malware. This record is for awareness, analysis, and defensive security monitoring.",Command and Control,Credential Phishing,
THR-2026-1280,2026-05-31 07:45:18,Vulnerability Exposure,Phishing,URL,https://login-check.invalid/verify,Unknown Source,D,92,High,72,UNDER_REVIEW,2026-05-09 07:45:18,2026-06-05 07:45:18,United States,"Synthetic defensive cybersecurity observation related to phishing. This record is for awareness, analysis, and defensive security monitoring.",Initial Access,Application Layer Protocol,
THR-2026-1281,2026-09-23 09:46:18,Credential Theft Observation,Credential Threat,IP,198.51.100.236,Internal SOC,A,95,Critical,87,CLOSED,2026-08-29 09:46:18,2026-09-25 09:46:18,Global,"Synthetic defensive cybersecurity observation related to credential threat. This record is for awareness, analysis, and defensive security monitoring.",Initial Access,Valid Accounts,
THR-2026-1282,2026-06-21 10:02:18,Network Threat Observation,Malware,CVE,CVE-2026-47877,Unknown Source,D,37,High,62,FALSE_POSITIVE,2026-05-29 10:02:18,2026-06-21 10:02:18,Global,"Synthetic defensive cybersecurity observation related to malware. This record is for awareness, analysis, and defensive security monitoring.",Initial Access,Application Layer Protocol,CVE-2022-50844
THR-2026-1283,2026-07-12 23:53:18,Social Engineering Attempt,Data Exposure,URL,https://account-verify.example.com/verify,Internal SOC,A,61,High,63,MONITORING,2026-07-12 23:53:18,2026-07-17 23:53:18,Singapore,"Synthetic defensive cybersecurity observation related to data exposure. This record is for awareness, analysis, and defensive security monitoring.",,,
THR-2026-1284,2026-04-14 21:18:18,Synthetic Credential Phishing Campaign,Ransomware,CVE,CVE-2026-15856,Research Report,B,85,High,64,CLOSED,2026-03-22 21:18:18,2026-04-14 21:18:18,India,"Synthetic defensive cybersecurity observation related to ransomware. This record is for awareness, analysis, and defensive security monitoring.",,,CVE-2024-40239
THR-2026-1285,2026-06-07 07:43:18,Vulnerability Exposure,Vulnerability Exposure,IP,198.51.100.124,Unknown Source,D,95,High,74,CLOSED,2026-05-10 07:43:18,2026-06-08 07:43:18,Global,"Synthetic defensive cybersecurity observation related to vulnerability exposure. This record is for awareness, analysis, and defensive security monitoring.",Initial Access,Network Service Scanning,CVE-2025-42532
THR-2026-1286,2026-05-15 07:54:18,Potential Data Exposure,Credential Threat,SHA-256,6ae10527aebcfd911f1c17201fe6583a031993a9b1db63d51b6a55955fd7bedf,Security Vendor,A,54,Medium,59,FALSE_POSITIVE,2026-04-17 07:54:18,2026-05-15 07:54:18,United Kingdom,"Synthetic defensive cybersecurity observation related to credential threat. This record is for awareness, analysis, and defensive security monitoring.",Exfiltration,User Execution,
THR-2026-1287,2026-08-17 07:38:18,Suspicious Malware Indicator,Social Engineering,Email/Sender Domain,alerts@update-service.invalid,Security Vendor,A,46,Medium,46,CLOSED,2026-07-20 07:38:18,2026-08-20 07:38:18,Singapore,"Synthetic defensive cybersecurity observation related to social engineering. This record is for awareness, analysis, and defensive security monitoring.",,,
THR-2026-1288,2026-09-29 23:00:18,Suspicious Malware Indicator,Vulnerability Exposure,Email/Sender Domain,alerts@security-alert.example.org,Unknown Source,D,83,High,67,UNDER_REVIEW,2026-09-15 23:00:18,2026-10-04 23:00:18,India,"Synthetic defensive cybersecurity observation related to vulnerability exposure. This record is for awareness, analysis, and defensive security monitoring.",Persistence,Phishing,CVE-2024-41615
THR-2026-1289,2026-10-03 05:39:18,Suspicious Web Activity,Malware,SHA-256,932ac146c6b8fa933935468e4a18cce7468eb1cbe3b199853bd0eb6c217d8a7a,Unknown Source,D,43,High,64,MONITORING,2026-09-22 05:39:18,2026-10-03 05:39:18,Global,"Synthetic defensive cybersecurity observation related to malware. This record is for awareness, analysis, and defensive security monitoring.",Execution,Application Layer Protocol,
THR-2026-1290,2026-07-22 19:47:18,Suspicious Malware Indicator,Malware,Email/Sender Domain,alerts@identity-check.example.net,Internal SOC,A,53,High,66,FALSE_POSITIVE,2026-07-15 19:47:18,2026-07-22 19:47:18,Global,"Synthetic defensive cybersecurity observation related to malware. This record is for awareness, analysis, and defensive security monitoring.",Exfiltration,Phishing,
THR-2026-1291,2026-06-30 20:05:18,Suspicious Web Activity,Phishing,URL,https://update-service.example.com/verify,Community Submission,C,30,Medium,56,UNDER_REVIEW,2026-06-19 20:05:18,2026-07-05 20:05:18,Australia,"Synthetic defensive cybersecurity observation related to phishing. This record is for awareness, analysis, and defensive security monitoring.",Exfiltration,Network Service Scanning,
THR-2026-1292,2026-09-05 02:53:18,Ransomware Activity Pattern,Network Threat,Domain,update-service.example.net,Public Threat Feed,B,36,Medium,41,NEW,2026-08-21 02:53:18,2026-09-08 02:53:18,United Kingdom,"Synthetic defensive cybersecurity observation related to network threat. This record is for awareness, analysis, and defensive security monitoring.",Credential Access,Valid Accounts,
THR-2026-1293,2026-06-12 20:30:18,Network Threat Observation,Data Exposure,URL,https://cloud-security.example.net/verify,Security Vendor,A,39,Medium,53,FALSE_POSITIVE,2026-05-18 20:30:18,2026-06-12 20:30:18,India,"Synthetic defensive cybersecurity observation related to data exposure. This record is for awareness, analysis, and defensive security monitoring.",,,
THR-2026-1294,2026-06-09 06:37:18,Suspicious Web Activity,Network Threat,URL,https://update-service.example.org/verify,Internal SOC,A,73,High,68,MONITORING,2026-05-17 06:37:18,2026-06-12 06:37:18,Germany,"Synthetic defensive cybersecurity observation related to network threat. This record is for awareness, analysis, and defensive security monitoring.",,,
THR-2026-1295,2026-06-10 05:48:18,Vulnerability Exposure,Social Engineering,SHA-256,fb6fc3209990257037ab8ef908b43c58461d19c7195214eef0ff49c117758011,Research Report,B,70,Medium,46,CLOSED,2026-05-15 05:48:18,2026-06-14 05:48:18,Singapore,"Synthetic defensive cybersecurity observation related to social engineering. This record is for awareness, analysis, and defensive security monitoring.",,,
THR-2026-1296,2026-07-19 04:18:18,Suspicious Malware Indicator,Credential Threat,SHA-256,c8861112c8c20695767dc4f5228826eac89b7955a37a081cafb4c4ac06edff09,Research Report,B,32,Medium,55,FALSE_POSITIVE,2026-07-19 04:18:18,2026-07-20 04:18:18,Global,"Synthetic defensive cybersecurity observation related to credential threat. This record is for awareness, analysis, and defensive security monitoring.",Persistence,Application Layer Protocol,
THR-2026-1297,2026-07-30 23:08:18,Potential Data Exposure,Social Engineering,CVE,CVE-2023-3994,Security Vendor,A,31,Medium,43,CLOSED,2026-07-14 23:08:18,2026-08-02 23:08:18,Germany,"Synthetic defensive cybersecurity observation related to social engineering. This record is for awareness, analysis, and defensive security monitoring.",Credential Access,User Execution,CVE-2022-37372
THR-2026-1298,2026-09-17 13:38:18,Vulnerability Exposure,Ransomware,IP,198.51.100.107,Security Vendor,A,73,High,63,UNDER_REVIEW,2026-08-18 13:38:18,2026-09-19 13:38:18,United Kingdom,"Synthetic defensive cybersecurity observation related to ransomware. This record is for awareness, analysis, and defensive security monitoring.",Discovery,Valid Accounts,
THR-2026-1299,2026-06-22 14:07:18,Potential Data Exposure,Credential Threat,Email/Sender Domain,alerts@update-service.example.com,Community Submission,C,89,High,70,UNDER_REVIEW,2026-06-22 14:07:18,2026-06-24 14:07:18,India,"Synthetic defensive cybersecurity observation related to credential threat. This record is for awareness, analysis, and defensive security monitoring.",Command and Control,User Execution,
THR-2026-1300,2026-05-04 07:21:18,Network Threat Observation,Network Threat,Domain,secure-login.example.net,Research Report,B,69,High,65,CLOSED,2026-04-28 07:21:18,2026-05-08 07:21:18,United Kingdom,"Synthetic defensive cybersecurity observation related to network threat. This record is for awareness, analysis, and defensive security monitoring.",Exfiltration,Phishing,
THR-2026-1301,2026-05-29 15:55:18,Suspicious Web Activity,Network Threat,Domain,security-alert.example.net,Unknown Source,D,66,High,69,NEW,2026-05-15 15:55:18,2026-06-01 15:55:18,Singapore,"Synthetic defensive cybersecurity observation related to network threat. This record is for awareness, analysis, and defensive security monitoring.",Command and Control,Data from Information Repositories,
THR-2026-1302,2026-06-05 04:56:18,Credential Theft Observation,Phishing,Domain,security-alert.invalid,Security Vendor,A,92,High,71,UNDER_REVIEW,2026-05-24 04:56:18,2026-06-10 04:56:18,United States,"Synthetic defensive cybersecurity observation related to phishing. This record is for awareness, analysis, and defensive security monitoring.",Command and Control,Valid Accounts,
THR-2026-1303,2026-04-21 20:24:18,Ransomware Activity Pattern,Social Engineering,IP,192.0.2.200,Research Report,B,34,Medium,54,MONITORING,2026-04-02 20:24:18,2026-04-21 20:24:18,United States,"Synthetic defensive cybersecurity observation related to social engineering. This record is for awareness, analysis, and defensive security monitoring.",,,
THR-2026-1304,2026-05-17 04:49:18,Account Security Event,Account Security,Email/Sender Domain,alerts@login-check.example.com,Internal SOC,A,61,High,64,FALSE_POSITIVE,2026-05-06 04:49:18,2026-05-18 04:49:18,Global,"Synthetic defensive cybersecurity observation related to account security. This record is for awareness, analysis, and defensive security monitoring.",Exfiltration,Valid Accounts,
THR-2026-1305,2026-07-29 06:08:18,Synthetic Credential Phishing Campaign,Ransomware,IP,198.51.100.140,Research Report,B,77,High,75,NEW,2026-07-17 06:08:18,2026-07-31 06:08:18,Global,"Synthetic defensive cybersecurity observation related to ransomware. This record is for awareness, analysis, and defensive security monitoring.",Initial Access,Credential Phishing,
THR-2026-1306,2026-07-09 14:51:18,Credential Theft Observation,Social Engineering,IP,192.0.2.106,Public Threat Feed,B,35,High,61,CLOSED,2026-06-09 14:51:18,2026-07-09 14:51:18,United States,"Synthetic defensive cybersecurity observation related to social engineering. This record is for awareness, analysis, and defensive security monitoring.",Persistence,User Execution,
THR-2026-1307,2026-07-25 21:24:18,Vulnerability Exposure,Vulnerability Exposure,Email/Sender Domain,alerts@cloud-security.example.org,Internal SOC,A,39,High,61,MONITORING,2026-07-18 21:24:18,2026-07-29 21:24:18,India,"Synthetic defensive cybersecurity observation related to vulnerability exposure. This record is for awareness, analysis, and defensive security monitoring.",Execution,User Execution,CVE-2025-3130
THR-2026-1308,2026-08-09 12:13:18,Potential Data Exposure,Account Security,CVE,CVE-2021-11490,Research Report,B,95,High,77,FALSE_POSITIVE,2026-08-02 12:13:18,2026-08-10 12:13:18,India,"Synthetic defensive cybersecurity observation related to account security. This record is for awareness, analysis, and defensive security monitoring.",Exfiltration,Credential Phishing,CVE-2024-12808
THR-2026-1309,2026-09-20 06:58:18,Network Threat Observation,Credential Threat,URL,https://cloud-security.example.com/verify,Research Report,B,63,High,77,CLOSED,2026-09-07 06:58:18,2026-09-25 06:58:18,Global,"Synthetic defensive cybersecurity observation related to credential threat. This record is for awareness, analysis, and defensive security monitoring.",Execution,Network Service Scanning,
THR-2026-1310,2026-05-08 00:50:18,Potential Data Exposure,Web Threat,URL,https://update-service.example.org/verify,Internal SOC,A,87,Critical,87,NEW,2026-04-24 00:50:18,2026-05-13 00:50:18,Germany,"Synthetic defensive cybersecurity observation related to web threat. This record is for awareness, analysis, and defensive security monitoring.",Command and Control,Credential Phishing,
THR-2026-1311,2026-04-17 12:52:18,Ransomware Activity Pattern,Network Threat,SHA-256,9fb5ac0bbc1640c74a08e8fdb9f9107ad007d46ad155234621f65fd55898739c,Security Vendor,A,27,Medium,49,NEW,2026-04-14 12:52:18,2026-04-21 12:52:18,United Kingdom,"Synthetic defensive cybersecurity observation related to network threat. This record is for awareness, analysis, and defensive security monitoring.",Exfiltration,Data from Information Repositories,
THR-2026-1312,2026-05-09 04:40:18,Credential Theft Observation,Web Threat,Domain,security-alert.example.com,Public Threat Feed,B,60,High,65,NEW,2026-04-11 04:40:18,2026-05-10 04:40:18,United States,"Synthetic defensive cybersecurity observation related to web threat. This record is for awareness, analysis, and defensive security monitoring.",Execution,User Execution,
THR-2026-1313,2026-09-05 15:55:18,Synthetic Credential Phishing Campaign,Malware,IP,192.0.2.219,Public Threat Feed,B,72,Medium,55,CLOSED,2026-08-13 15:55:18,2026-09-06 15:55:18,Singapore,"Synthetic defensive cybersecurity observation related to malware. This record is for awareness, analysis, and defensive security monitoring.",Discovery,Data from Information Repositories,
THR-2026-1314,2026-08-17 06:33:18,Account Security Event,Data Exposure,Email/Sender Domain,alerts@update-service.example.com,Research Report,B,51,Medium,58,NEW,2026-07-21 06:33:18,2026-08-18 06:33:18,Global,"Synthetic defensive cybersecurity observation related to data exposure. This record is for awareness, analysis, and defensive security monitoring.",Discovery,Phishing,
THR-2026-1315,2026-07-29 03:46:18,Network Threat Observation,Network Threat,Email/Sender Domain,alerts@cloud-security.example.net,Internal SOC,A,93,High,71,MONITORING,2026-07-24 03:46:18,2026-08-02 03:46:18,Global,"Synthetic defensive cybersecurity observation related to network threat. This record is for awareness, analysis, and defensive security monitoring.",Discovery,Network Service Scanning,
THR-2026-1316,2026-08-16 09:21:18,Ransomware Activity Pattern,Account Security,Domain,login-check.invalid,Community Submission,C,40,High,65,CLOSED,2026-08-02 09:21:18,2026-08-18 09:21:18,United States,"Synthetic defensive cybersecurity observation related to account security. This record is for awareness, analysis, and defensive security monitoring.",Discovery,Data from Information Repositories,
THR-2026-1317,2026-09-09 17:43:18,Social Engineering Attempt,Web Threat,CVE,CVE-2023-16212,Research Report,B,51,Medium,58,CLOSED,2026-09-04 17:43:18,2026-09-12 17:43:18,United States,"Synthetic defensive cybersecurity observation related to web threat. This record is for awareness, analysis, and defensive security monitoring.",,,CVE-2022-7545
THR-2026-1318,2026-08-01 23:45:18,Suspicious Malware Indicator,Vulnerability Exposure,URL,https://update-service.example.com/verify,Unknown Source,D,44,High,62,NEW,2026-07-04 23:45:18,2026-08-02 23:45:18,India,"Synthetic defensive cybersecurity observation related to vulnerability exposure. This record is for awareness, analysis, and defensive security monitoring.",,,CVE-2025-28900
THR-2026-1319,2026-07-28 10:39:18,Credential Theft Observation,Account Security,Email/Sender Domain,alerts@cloud-security.example.org,Internal SOC,A,93,Medium,60,MONITORING,2026-07-23 10:39:18,2026-08-02 10:39:18,India,"Synthetic defensive cybersecurity observation related to account security. This record is for awareness, analysis, and defensive security monitoring.",,,
THR-2026-1320,2026-07-21 04:09:18,Social Engineering Attempt,Network Threat,IP,203.0.113.119,Community Submission,C,42,Medium,53,UNDER_REVIEW,2026-06-25 04:09:18,2026-07-21 04:09:18,United Kingdom,"Synthetic defensive cybersecurity observation related to network threat. This record is for awareness, analysis, and defensive security monitoring.",Credential Access,Network Service Scanning,
THR-2026-1321,2026-05-29 18:36:18,Network Threat Observation,Ransomware,URL,https://identity-check.invalid/verify,Unknown Source,D,57,High,63,FALSE_POSITIVE,2026-05-07 18:36:18,2026-05-31 18:36:18,United States,"Synthetic defensive cybersecurity observation related to ransomware. This record is for awareness, analysis, and defensive security monitoring.",Command and Control,Phishing,
THR-2026-1322,2026-05-11 05:38:18,Potential Data Exposure,Web Threat,Email/Sender Domain,alerts@update-service.example.org,Security Vendor,A,30,Medium,56,NEW,2026-04-13 05:38:18,2026-05-12 05:38:18,United Kingdom,"Synthetic defensive cybersecurity observation related to web threat. This record is for awareness, analysis, and defensive security monitoring.",Exfiltration,Network Service Scanning,
THR-2026-1323,2026-09-20 19:30:18,Potential Data Exposure,Phishing,Domain,security-alert.example.com,Public Threat Feed,B,94,High,69,MONITORING,2026-08-31 19:30:18,2026-09-24 19:30:18,Australia,"Synthetic defensive cybersecurity observation related to phishing. This record is for awareness, analysis, and defensive security monitoring.",Credential Access,Application Layer Protocol,
THR-2026-1324,2026-06-04 07:09:18,Credential Theft Observation,Social Engineering,Domain,cloud-security.example.org,Public Threat Feed,B,47,Medium,54,MONITORING,2026-05-17 07:09:18,2026-06-05 07:09:18,India,"Synthetic defensive cybersecurity observation related to social engineering. This record is for awareness, analysis, and defensive security monitoring.",Exfiltration,Network Service Scanning,
THR-2026-1325,2026-05-22 06:29:18,Ransomware Activity Pattern,Vulnerability Exposure,Domain,secure-login.example.net,Unknown Source,D,47,Medium,56,UNDER_REVIEW,2026-04-29 06:29:18,2026-05-27 06:29:18,Singapore,"Synthetic defensive cybersecurity observation related to vulnerability exposure. This record is for awareness, analysis, and defensive security monitoring.",Exfiltration,User Execution,CVE-2023-30309
THR-2026-1326,2026-09-13 02:15:18,Vulnerability Exposure,Ransomware,CVE,CVE-2024-12156,Community Submission,C,46,Medium,43,CLOSED,2026-08-26 02:15:18,2026-09-14 02:15:18,India,"Synthetic defensive cybersecurity observation related to ransomware. This record is for awareness, analysis, and defensive security monitoring.",,,CVE-2021-40681
THR-2026-1327,2026-05-10 00:24:18,Suspicious Web Activity,Ransomware,SHA-256,ea4659e6fb4f1b099f0f57bcd829d57d25a2a0964860010012241fac77b1f9ea,Internal SOC,A,58,High,62,NEW,2026-05-04 00:24:18,2026-05-11 00:24:18,India,"Synthetic defensive cybersecurity observation related to ransomware. This record is for awareness, analysis, and defensive security monitoring.",Command and Control,Valid Accounts,
THR-2026-1328,2026-08-14 18:12:18,Social Engineering Attempt,Account Security,IP,192.0.2.23,Security Vendor,A,35,Low,40,FALSE_POSITIVE,2026-08-09 18:12:18,2026-08-15 18:12:18,United States,"Synthetic defensive cybersecurity observation related to account security. This record is for awareness, analysis, and defensive security monitoring.",Credential Access,Data from Information Repositories,
THR-2026-1329,2026-06-02 14:49:18,Vulnerability Exposure,Phishing,CVE,CVE-2021-32064,Public Threat Feed,B,27,Medium,46,CLOSED,2026-05-23 14:49:18,2026-06-05 14:49:18,Global,"Synthetic defensive cybersecurity observation related to phishing. This record is for awareness, analysis, and defensive security monitoring.",Execution,Credential Phishing,CVE-2026-50044
THR-2026-1330,2026-08-07 21:40:18,Vulnerability Exposure,Web Threat,Domain,identity-check.example.com,Research Report,B,70,High,62,UNDER_REVIEW,2026-08-01 21:40:18,2026-08-09 21:40:18,Australia,"Synthetic defensive cybersecurity observation related to web threat. This record is for awareness, analysis, and defensive security monitoring.",,,
THR-2026-1331,2026-04-23 16:35:18,Suspicious Web Activity,Malware,Domain,security-alert.example.com,Internal SOC,A,50,High,68,NEW,2026-04-14 16:35:18,2026-04-28 16:35:18,Germany,"Synthetic defensive cybersecurity observation related to malware. This record is for awareness, analysis, and defensive security monitoring.",Persistence,User Execution,
THR-2026-1332,2026-04-19 23:18:18,Synthetic Credential Phishing Campaign,Web Threat,IP,198.51.100.220,Research Report,B,50,High,70,UNDER_REVIEW,2026-04-08 23:18:18,2026-04-22 23:18:18,Global,"Synthetic defensive cybersecurity observation related to web threat. This record is for awareness, analysis, and defensive security monitoring.",Persistence,Network Service Scanning,
THR-2026-1333,2026-09-17 20:31:18,Social Engineering Attempt,Web Threat,Domain,login-check.invalid,Internal SOC,A,30,High,66,CLOSED,2026-08-21 20:31:18,2026-09-19 20:31:18,Singapore,"Synthetic defensive cybersecurity observation related to web threat. This record is for awareness, analysis, and defensive security monitoring.",Discovery,Network Service Scanning,
THR-2026-1334,2026-08-09 21:32:18,Ransomware Activity Pattern,Credential Threat,Domain,security-alert.example.org,Internal SOC,A,48,Medium,52,MONITORING,2026-08-01 21:32:18,2026-08-11 21:32:18,Germany,"Synthetic defensive cybersecurity observation related to credential threat. This record is for awareness, analysis, and defensive security monitoring.",Exfiltration,User Execution,
THR-2026-1335,2026-08-23 23:56:18,Vulnerability Exposure,Credential Threat,Email/Sender Domain,alerts@cloud-security.example.com,Public Threat Feed,B,98,High,73,CLOSED,2026-08-14 23:56:18,2026-08-27 23:56:18,Singapore,"Synthetic defensive cybersecurity observation related to credential threat. This record is for awareness, analysis, and defensive security monitoring.",Discovery,Phishing,
THR-2026-1336,2026-09-18 15:51:18,Network Threat Observation,Web Threat,CVE,CVE-2026-59041,Community Submission,C,50,Medium,60,MONITORING,2026-08-19 15:51:18,2026-09-18 15:51:18,Germany,"Synthetic defensive cybersecurity observation related to web threat. This record is for awareness, analysis, and defensive security monitoring.",Command and Control,User Execution,CVE-2025-58304
THR-2026-1337,2026-05-04 10:58:18,Social Engineering Attempt,Ransomware,IP,203.0.113.20,Community Submission,C,60,High,63,MONITORING,2026-04-09 10:58:18,2026-05-04 10:58:18,Australia,"Synthetic defensive cybersecurity observation related to ransomware. This record is for awareness, analysis, and defensive security monitoring.",Credential Access,Phishing,
THR-2026-1338,2026-06-10 18:53:18,Synthetic Credential Phishing Campaign,Web Threat,SHA-256,8a38470d086ea643d18f165495525d9f5e1ddbf249280f05434411f78ecf878c,Public Threat Feed,B,77,High,69,CLOSED,2026-05-25 18:53:18,2026-06-12 18:53:18,India,"Synthetic defensive cybersecurity observation related to web threat. This record is for awareness, analysis, and defensive security monitoring.",,,
THR-2026-1339,2026-06-08 07:08:18,Suspicious Malware Indicator,Data Exposure,SHA-256,3c61aafa806dfaa72b9f75bf55bb6a5b3183ab9704e9415d5259712de419d756,Security Vendor,A,69,High,74,MONITORING,2026-05-11 07:08:18,2026-06-11 07:08:18,Australia,"Synthetic defensive cybersecurity observation related to data exposure. This record is for awareness, analysis, and defensive security monitoring.",Initial Access,Network Service Scanning,
THR-2026-1340,2026-06-05 13:41:18,Suspicious Web Activity,Network Threat,Email/Sender Domain,alerts@account-verify.invalid,Internal SOC,A,98,High,69,CLOSED,2026-05-18 13:41:18,2026-06-05 13:41:18,Australia,"Synthetic defensive cybersecurity observation related to network threat. This record is for awareness, analysis, and defensive security monitoring.",Exfiltration,Data from Information Repositories,
THR-2026-1341,2026-09-27 00:54:18,Suspicious Web Activity,Data Exposure,SHA-256,fc8c9ac89810c145994f6a026deede970f09563d6102bf3c9427535476663d12,Unknown Source,D,55,Medium,50,FALSE_POSITIVE,2026-09-26 00:54:18,2026-09-28 00:54:18,Singapore,"Synthetic defensive cybersecurity observation related to data exposure. This record is for awareness, analysis, and defensive security monitoring.",,,
THR-2026-1342,2026-09-29 23:21:18,Ransomware Activity Pattern,Credential Threat,Domain,identity-check.example.com,Community Submission,C,86,Medium,57,CLOSED,2026-09-07 23:21:18,2026-09-29 23:21:18,Germany,"Synthetic defensive cybersecurity observation related to credential threat. This record is for awareness, analysis, and defensive security monitoring.",Exfiltration,Credential Phishing,
THR-2026-1343,2026-06-11 19:10:18,Account Security Event,Account Security,CVE,CVE-2021-26376,Public Threat Feed,B,35,Medium,55,CLOSED,2026-05-26 19:10:18,2026-06-14 19:10:18,Global,"Synthetic defensive cybersecurity observation related to account security. This record is for awareness, analysis, and defensive security monitoring.",,,CVE-2023-45318
THR-2026-1344,2026-04-10 15:56:18,Synthetic Credential Phishing Campaign,Credential Threat,Email/Sender Domain,alerts@identity-check.example.org,Research Report,B,63,High,64,MONITORING,2026-03-14 15:56:18,2026-04-14 15:56:18,Global,"Synthetic defensive cybersecurity observation related to credential threat. This record is for awareness, analysis, and defensive security monitoring.",Initial Access,Data from Information Repositories,
THR-2026-1345,2026-04-22 18:24:18,Vulnerability Exposure,Web Threat,Email/Sender Domain,alerts@identity-check.example.net,Internal SOC,A,40,Medium,48,NEW,2026-03-29 18:24:18,2026-04-27 18:24:18,Germany,"Synthetic defensive cybersecurity observation related to web threat. This record is for awareness, analysis, and defensive security monitoring.",Credential Access,Valid Accounts,
THR-2026-1346,2026-06-06 05:00:18,Potential Data Exposure,Ransomware,IP,203.0.113.21,Security Vendor,A,76,High,68,FALSE_POSITIVE,2026-05-19 05:00:18,2026-06-10 05:00:18,Global,"Synthetic defensive cybersecurity observation related to ransomware. This record is for awareness, analysis, and defensive security monitoring.",Discovery,Valid Accounts,
THR-2026-1347,2026-08-06 21:46:18,Suspicious Web Activity,Social Engineering,IP,203.0.113.68,Internal SOC,A,78,High,75,UNDER_REVIEW,2026-07-23 21:46:18,2026-08-11 21:46:18,Germany,"Synthetic defensive cybersecurity observation related to social engineering. This record is for awareness, analysis, and defensive security monitoring.",Discovery,User Execution,
THR-2026-1348,2026-04-16 04:31:18,Synthetic Credential Phishing Campaign,Ransomware,IP,192.0.2.73,Unknown Source,D,93,High,68,MONITORING,2026-04-07 04:31:18,2026-04-21 04:31:18,Global,"Synthetic defensive cybersecurity observation related to ransomware. This record is for awareness, analysis, and defensive security monitoring.",Discovery,Network Service Scanning,
THR-2026-1349,2026-07-09 18:23:18,Ransomware Activity Pattern,Vulnerability Exposure,SHA-256,3a7dd11ff08f899a7f7fd56843cc17b41ad0ed245d553c77067702a9ce47a3cc,Public Threat Feed,B,73,Medium,51,UNDER_REVIEW,2026-07-03 18:23:18,2026-07-09 18:23:18,Singapore,"Synthetic defensive cybersecurity observation related to vulnerability exposure. This record is for awareness, analysis, and defensive security monitoring.",Discovery,Application Layer Protocol,CVE-2025-35766
THR-2026-1350,2026-06-07 12:17:18,Vulnerability Exposure,Web Threat,CVE,CVE-2026-18765,Research Report,B,31,Medium,59,UNDER_REVIEW,2026-06-04 12:17:18,2026-06-10 12:17:18,Australia,"Synthetic defensive cybersecurity observation related to web threat. This record is for awareness, analysis, and defensive security monitoring.",Initial Access,User Execution,CVE-2021-26320
THR-2026-1351,2026-05-09 12:09:18,Synthetic Credential Phishing Campaign,Data Exposure,Email/Sender Domain,alerts@security-alert.example.net,Community Submission,C,31,High,63,NEW,2026-05-05 12:09:18,2026-05-14 12:09:18,India,"Synthetic defensive cybersecurity observation related to data exposure. This record is for awareness, analysis, and defensive security monitoring.",,,
THR-2026-1352,2026-06-13 10:38:18,Potential Data Exposure,Social Engineering,IP,203.0.113.230,Unknown Source,D,44,High,68,NEW,2026-06-13 10:38:18,2026-06-17 10:38:18,Germany,"Synthetic defensive cybersecurity observation related to social engineering. This record is for awareness, analysis, and defensive security monitoring.",Execution,Credential Phishing,
THR-2026-1353,2026-07-20 19:31:18,Social Engineering Attempt,Ransomware,Email/Sender Domain,alerts@security-alert.example.org,Unknown Source,D,78,Medium,56,FALSE_POSITIVE,2026-06-26 19:31:18,2026-07-20 19:31:18,United States,"Synthetic defensive cybersecurity observation related to ransomware. This record is for awareness, analysis, and defensive security monitoring.",Command and Control,Application Layer Protocol,
THR-2026-1354,2026-05-06 14:44:18,Social Engineering Attempt,Social Engineering,CVE,CVE-2024-26684,Research Report,B,34,Medium,54,UNDER_REVIEW,2026-04-13 14:44:18,2026-05-10 14:44:18,India,"Synthetic defensive cybersecurity observation related to social engineering. This record is for awareness, analysis, and defensive security monitoring.",Discovery,Phishing,CVE-2022-53416
THR-2026-1355,2026-04-26 05:52:18,Suspicious Web Activity,Data Exposure,Domain,account-verify.example.org,Unknown Source,D,55,High,61,UNDER_REVIEW,2026-04-13 05:52:18,2026-04-27 05:52:18,United Kingdom,"Synthetic defensive cybersecurity observation related to data exposure. This record is for awareness, analysis, and defensive security monitoring.",Exfiltration,Network Service Scanning,
THR-2026-1356,2026-10-04 09:40:18,Ransomware Activity Pattern,Vulnerability Exposure,CVE,CVE-2023-11636,Unknown Source,D,57,High,71,MONITORING,2026-10-04 09:40:18,2026-10-09 09:40:18,United States,"Synthetic defensive cybersecurity observation related to vulnerability exposure. This record is for awareness, analysis, and defensive security monitoring.",Credential Access,Network Service Scanning,CVE-2026-44106
THR-2026-1357,2026-10-03 06:16:18,Synthetic Credential Phishing Campaign,Phishing,Email/Sender Domain,alerts@security-alert.example.net,Community Submission,C,44,Medium,46,CLOSED,2026-09-04 06:16:18,2026-10-05 06:16:18,India,"Synthetic defensive cybersecurity observation related to phishing. This record is for awareness, analysis, and defensive security monitoring.",Execution,Data from Information Repositories,
THR-2026-1358,2026-07-07 04:07:18,Suspicious Malware Indicator,Web Threat,Domain,identity-check.example.net,Public Threat Feed,B,42,Medium,56,MONITORING,2026-06-13 04:07:18,2026-07-10 04:07:18,Global,"Synthetic defensive cybersecurity observation related to web threat. This record is for awareness, analysis, and defensive security monitoring.",Persistence,Application Layer Protocol,
THR-2026-1359,2026-09-04 23:56:18,Credential Theft Observation,Phishing,Domain,secure-login.example.org,Research Report,B,59,High,77,MONITORING,2026-08-13 23:56:18,2026-09-08 23:56:18,Australia,"Synthetic defensive cybersecurity observation related to phishing. This record is for awareness, analysis, and defensive security monitoring.",Credential Access,Credential Phishing,
THR-2026-1360,2026-06-08 16:02:18,Suspicious Malware Indicator,Ransomware,Domain,security-alert.example.org,Research Report,B,54,High,68,FALSE_POSITIVE,2026-05-20 16:02:18,2026-06-12 16:02:18,United Kingdom,"Synthetic defensive cybersecurity observation related to ransomware. This record is for awareness, analysis, and defensive security monitoring.",Discovery,Data from Information Repositories,
THR-2026-1361,2026-08-18 16:18:18,Ransomware Activity Pattern,Social Engineering,CVE,CVE-2021-26154,Security Vendor,A,42,High,70,CLOSED,2026-08-06 16:18:18,2026-08-19 16:18:18,Germany,"Synthetic defensive cybersecurity observation related to social engineering. This record is for awareness, analysis, and defensive security monitoring.",Initial Access,Credential Phishing,CVE-2025-41624
THR-2026-1362,2026-05-06 16:09:18,Account Security Event,Account Security,Email/Sender Domain,alerts@cloud-security.example.com,Community Submission,C,49,High,64,UNDER_REVIEW,2026-04-10 16:09:18,2026-05-07 16:09:18,United Kingdom,"Synthetic defensive cybersecurity observation related to account security. This record is for awareness, analysis, and defensive security monitoring.",Exfiltration,Network Service Scanning,
THR-2026-1363,2026-08-18 23:53:18,Credential Theft Observation,Social Engineering,SHA-256,778fca77fce2a41413b3d7e1c786707bda25238ac77758faea660609acd51ae8,Internal SOC,A,84,Critical,81,FALSE_POSITIVE,2026-07-25 23:53:18,2026-08-21 23:53:18,United States,"Synthetic defensive cybersecurity observation related to social engineering. This record is for awareness, analysis, and defensive security monitoring.",Initial Access,Network Service Scanning,
THR-2026-1364,2026-08-17 16:46:18,Synthetic Credential Phishing Campaign,Web Threat,Email/Sender Domain,alerts@login-check.example.org,Research Report,B,37,High,62,MONITORING,2026-08-13 16:46:18,2026-08-18 16:46:18,India,"Synthetic defensive cybersecurity observation related to web threat. This record is for awareness, analysis, and defensive security monitoring.",,,
THR-2026-1365,2026-09-27 02:05:18,Suspicious Malware Indicator,Social Engineering,SHA-256,04dcd85c5458a92d8f9416cdfc61e8f09520fde7aa0381f0b1b53d85b838c9b5,Internal SOC,A,33,Medium,49,UNDER_REVIEW,2026-08-29 02:05:18,2026-10-01 02:05:18,Singapore,"Synthetic defensive cybersecurity observation related to social engineering. This record is for awareness, analysis, and defensive security monitoring.",,,
THR-2026-1366,2026-05-01 18:24:18,Ransomware Activity Pattern,Account Security,SHA-256,1c5ae1b72c7ef32b8fa7240aba8a1e86b2c548051f2076eb12035c4bb349f17f,Unknown Source,D,94,High,66,UNDER_REVIEW,2026-04-11 18:24:18,2026-05-03 18:24:18,United Kingdom,"Synthetic defensive cybersecurity observation related to account security. This record is for awareness, analysis, and defensive security monitoring.",Initial Access,User Execution,
THR-2026-1367,2026-08-07 11:15:18,Suspicious Web Activity,Account Security,CVE,CVE-2025-41661,Research Report,B,32,Medium,57,CLOSED,2026-07-09 11:15:18,2026-08-10 11:15:18,United States,"Synthetic defensive cybersecurity observation related to account security. This record is for awareness, analysis, and defensive security monitoring.",Discovery,Data from Information Repositories,CVE-2021-41788
THR-2026-1368,2026-09-13 20:09:18,Social Engineering Attempt,Data Exposure,IP,203.0.113.105,Unknown Source,D,72,High,66,CLOSED,2026-09-02 20:09:18,2026-09-14 20:09:18,India,"Synthetic defensive cybersecurity observation related to data exposure. This record is for awareness, analysis, and defensive security monitoring.",Discovery,Credential Phishing,
THR-2026-1369,2026-07-18 04:01:18,Ransomware Activity Pattern,Account Security,URL,https://account-verify.example.com/verify,Research Report,B,44,High,70,NEW,2026-06-18 04:01:18,2026-07-20 04:01:18,Australia,"Synthetic defensive cybersecurity observation related to account security. This record is for awareness, analysis, and defensive security monitoring.",Execution,Credential Phishing,
THR-2026-1370,2026-06-01 05:10:18,Network Threat Observation,Account Security,URL,https://login-check.example.com/verify,Research Report,B,37,High,62,CLOSED,2026-05-27 05:10:18,2026-06-01 05:10:18,India,"Synthetic defensive cybersecurity observation related to account security. This record is for awareness, analysis, and defensive security monitoring.",Exfiltration,Network Service Scanning,
THR-2026-1371,2026-05-05 12:47:18,Credential Theft Observation,Ransomware,IP,198.51.100.11,Community Submission,C,67,High,66,UNDER_REVIEW,2026-04-17 12:47:18,2026-05-06 12:47:18,United Kingdom,"Synthetic defensive cybersecurity observation related to ransomware. This record is for awareness, analysis, and defensive security monitoring.",Command and Control,Valid Accounts,
THR-2026-1372,2026-07-27 20:24:18,Vulnerability Exposure,Web Threat,URL,https://cloud-security.example.com/verify,Unknown Source,D,82,High,63,UNDER_REVIEW,2026-07-27 20:24:18,2026-07-30 20:24:18,United Kingdom,"Synthetic defensive cybersecurity observation related to web threat. This record is for awareness, analysis, and defensive security monitoring.",Initial Access,Phishing,
THR-2026-1373,2026-04-11 17:57:18,Credential Theft Observation,Social Engineering,SHA-256,168fd69d32f6dbeaa17967bf3f9d25ef06a2c95d96562ecf4ff1d37922c57ab1,Internal SOC,A,34,Medium,55,UNDER_REVIEW,2026-03-18 17:57:18,2026-04-13 17:57:18,Global,"Synthetic defensive cybersecurity observation related to social engineering. This record is for awareness, analysis, and defensive security monitoring.",Discovery,Network Service Scanning,
THR-2026-1374,2026-09-16 18:01:18,Potential Data Exposure,Network Threat,IP,203.0.113.21,Internal SOC,A,74,Medium,60,NEW,2026-09-05 18:01:18,2026-09-20 18:01:18,United Kingdom,"Synthetic defensive cybersecurity observation related to network threat. This record is for awareness, analysis, and defensive security monitoring.",Exfiltration,Credential Phishing,
THR-2026-1375,2026-04-18 07:53:18,Social Engineering Attempt,Web Threat,URL,https://login-check.invalid/verify,Unknown Source,D,75,High,75,MONITORING,2026-04-06 07:53:18,2026-04-18 07:53:18,India,"Synthetic defensive cybersecurity observation related to web threat. This record is for awareness, analysis, and defensive security monitoring.",Discovery,Valid Accounts,
THR-2026-1376,2026-08-02 15:52:18,Potential Data Exposure,Phishing,CVE,CVE-2021-45628,Community Submission,C,64,Medium,55,UNDER_REVIEW,2026-07-08 15:52:18,2026-08-07 15:52:18,Singapore,"Synthetic defensive cybersecurity observation related to phishing. This record is for awareness, analysis, and defensive security monitoring.",,,CVE-2021-53708
THR-2026-1377,2026-05-16 23:08:18,Social Engineering Attempt,Vulnerability Exposure,SHA-256,69d19b43a295136e585929a44d4f947b2e602933c79fb998bd959702eaf91ae7,Unknown Source,D,30,High,62,FALSE_POSITIVE,2026-04-16 23:08:18,2026-05-18 23:08:18,India,"Synthetic defensive cybersecurity observation related to vulnerability exposure. This record is for awareness, analysis, and defensive security monitoring.",Execution,Credential Phishing,CVE-2026-2378
THR-2026-1378,2026-05-05 04:56:18,Vulnerability Exposure,Network Threat,Domain,security-alert.example.com,Security Vendor,A,68,High,66,NEW,2026-04-29 04:56:18,2026-05-10 04:56:18,United States,"Synthetic defensive cybersecurity observation related to network threat. This record is for awareness, analysis, and defensive security monitoring.",Discovery,Credential Phishing,
THR-2026-1379,2026-06-16 20:49:18,Synthetic Credential Phishing Campaign,Web Threat,URL,https://secure-login.example.com/verify,Community Submission,C,89,Critical,86,NEW,2026-05-31 20:49:18,2026-06-21 20:49:18,Australia,"Synthetic defensive cybersecurity observation related to web threat. This record is for awareness, analysis, and defensive security monitoring.",Command and Control,Phishing,
THR-2026-1380,2026-08-10 09:46:18,Suspicious Malware Indicator,Account Security,CVE,CVE-2023-36200,Security Vendor,A,94,Critical,85,MONITORING,2026-08-04 09:46:18,2026-08-15 09:46:18,Singapore,"Synthetic defensive cybersecurity observation related to account security. This record is for awareness, analysis, and defensive security monitoring.",Persistence,Network Service Scanning,CVE-2024-7570
THR-2026-1381,2026-09-06 16:10:18,Ransomware Activity Pattern,Phishing,URL,https://security-alert.invalid/verify,Public Threat Feed,B,76,Medium,51,MONITORING,2026-08-25 16:10:18,2026-09-06 16:10:18,United States,"Synthetic defensive cybersecurity observation related to phishing. This record is for awareness, analysis, and defensive security monitoring.",Discovery,Credential Phishing,
THR-2026-1382,2026-04-10 09:56:18,Credential Theft Observation,Phishing,SHA-256,694b4e20afc5bd26d0b0899458aca9e7781fc87b666892d506c4b16f46c0539d,Unknown Source,D,59,Medium,59,CLOSED,2026-03-24 09:56:18,2026-04-15 09:56:18,Global,"Synthetic defensive cybersecurity observation related to phishing. This record is for awareness, analysis, and defensive security monitoring.",Initial Access,User Execution,
THR-2026-1383,2026-06-19 20:00:18,Network Threat Observation,Vulnerability Exposure,CVE,CVE-2026-50738,Security Vendor,A,98,Medium,59,FALSE_POSITIVE,2026-06-07 20:00:18,2026-06-22 20:00:18,Germany,"Synthetic defensive cybersecurity observation related to vulnerability exposure. This record is for awareness, analysis, and defensive security monitoring.",Initial Access,User Execution,CVE-2022-17265
THR-2026-1384,2026-09-02 00:20:18,Vulnerability Exposure,Credential Threat,IP,203.0.113.103,Research Report,B,74,Medium,50,NEW,2026-08-07 00:20:18,2026-09-06 00:20:18,United Kingdom,"Synthetic defensive cybersecurity observation related to credential threat. This record is for awareness, analysis, and defensive security monitoring.",,,
THR-2026-1385,2026-07-03 10:43:18,Vulnerability Exposure,Phishing,SHA-256,24758ce00c6b01f1bd3e314f1e7c67e037e839ddae28aa45b5d6352d2b8b41e3,Unknown Source,D,75,Medium,57,NEW,2026-06-10 10:43:18,2026-07-07 10:43:18,Singapore,"Synthetic defensive cybersecurity observation related to phishing. This record is for awareness, analysis, and defensive security monitoring.",,,
THR-2026-1386,2026-08-24 10:00:18,Network Threat Observation,Data Exposure,Email/Sender Domain,alerts@security-alert.invalid,Unknown Source,D,52,Medium,46,FALSE_POSITIVE,2026-08-01 10:00:18,2026-08-25 10:00:18,United Kingdom,"Synthetic defensive cybersecurity observation related to data exposure. This record is for awareness, analysis, and defensive security monitoring.",,,
THR-2026-1387,2026-04-09 16:28:18,Ransomware Activity Pattern,Network Threat,Domain,update-service.invalid,Community Submission,C,83,High,79,NEW,2026-04-02 16:28:18,2026-04-09 16:28:18,Singapore,"Synthetic defensive cybersecurity observation related to network threat. This record is for awareness, analysis, and defensive security monitoring.",Command and Control,Network Service Scanning,
THR-2026-1388,2026-04-19 01:35:18,Network Threat Observation,Vulnerability Exposure,IP,198.51.100.192,Unknown Source,D,84,High,62,FALSE_POSITIVE,2026-03-25 01:35:18,2026-04-21 01:35:18,Singapore,"Synthetic defensive cybersecurity observation related to vulnerability exposure. This record is for awareness, analysis, and defensive security monitoring.",Persistence,Application Layer Protocol,CVE-2022-3873
THR-2026-1389,2026-05-15 08:06:18,Network Threat Observation,Web Threat,URL,https://secure-login.example.com/verify,Research Report,B,36,Medium,54,MONITORING,2026-04-28 08:06:18,2026-05-19 08:06:18,Global,"Synthetic defensive cybersecurity observation related to web threat. This record is for awareness, analysis, and defensive security monitoring.",Exfiltration,User Execution,
THR-2026-1390,2026-08-28 08:20:18,Vulnerability Exposure,Network Threat,SHA-256,b5cc5c48a3c6adcc66ce89cc9a96c2695d97957bc348d13a41f0d4b1f5b38bd2,Internal SOC,A,45,High,73,NEW,2026-08-09 08:20:18,2026-08-31 08:20:18,United States,"Synthetic defensive cybersecurity observation related to network threat. This record is for awareness, analysis, and defensive security monitoring.",Exfiltration,Credential Phishing,
THR-2026-1391,2026-10-03 02:23:18,Vulnerability Exposure,Malware,SHA-256,55c30724556fa4c7181afa0b361a23a3146321ec326322fbedfcb562efcda3eb,Security Vendor,A,64,High,69,UNDER_REVIEW,2026-09-06 02:23:18,2026-10-08 02:23:18,United States,"Synthetic defensive cybersecurity observation related to malware. This record is for awareness, analysis, and defensive security monitoring.",Persistence,Data from Information Repositories,
THR-2026-1392,2026-09-17 21:37:18,Vulnerability Exposure,Malware,URL,https://update-service.invalid/verify,Unknown Source,D,28,Medium,50,MONITORING,2026-08-27 21:37:18,2026-09-22 21:37:18,Germany,"Synthetic defensive cybersecurity observation related to malware. This record is for awareness, analysis, and defensive security monitoring.",Initial Access,User Execution,
THR-2026-1393,2026-09-16 05:36:18,Suspicious Web Activity,Data Exposure,SHA-256,023a00016d68a9b9952106cb0193c699b09e1ebcef82003205d901e5a7cf2431,Public Threat Feed,B,72,High,63,CLOSED,2026-08-29 05:36:18,2026-09-18 05:36:18,United Kingdom,"Synthetic defensive cybersecurity observation related to data exposure. This record is for awareness, analysis, and defensive security monitoring.",Command and Control,Application Layer Protocol,
THR-2026-1394,2026-07-15 12:22:18,Potential Data Exposure,Network Threat,Domain,identity-check.example.net,Unknown Source,D,65,Medium,55,CLOSED,2026-07-12 12:22:18,2026-07-19 12:22:18,Australia,"Synthetic defensive cybersecurity observation related to network threat. This record is for awareness, analysis, and defensive security monitoring.",,,
THR-2026-1395,2026-05-17 04:39:18,Potential Data Exposure,Web Threat,CVE,CVE-2024-26951,Unknown Source,D,52,Medium,54,FALSE_POSITIVE,2026-04-19 04:39:18,2026-05-19 04:39:18,India,"Synthetic defensive cybersecurity observation related to web threat. This record is for awareness, analysis, and defensive security monitoring.",Persistence,Application Layer Protocol,CVE-2023-42104
THR-2026-1396,2026-09-12 18:35:18,Ransomware Activity Pattern,Social Engineering,IP,192.0.2.7,Unknown Source,D,56,High,75,FALSE_POSITIVE,2026-09-05 18:35:18,2026-09-12 18:35:18,United Kingdom,"Synthetic defensive cybersecurity observation related to social engineering. This record is for awareness, analysis, and defensive security monitoring.",,,
THR-2026-1397,2026-04-09 20:38:18,Suspicious Web Activity,Vulnerability Exposure,SHA-256,3f14ad8ddbdecce9bcf022f4dd758a04e50467d93b9cf6a46781aca98cedecdf,Security Vendor,A,49,High,63,UNDER_REVIEW,2026-03-15 20:38:18,2026-04-14 20:38:18,Global,"Synthetic defensive cybersecurity observation related to vulnerability exposure. This record is for awareness, analysis, and defensive security monitoring.",,,CVE-2024-19946
THR-2026-1398,2026-06-30 15:56:18,Social Engineering Attempt,Data Exposure,Domain,update-service.example.com,Security Vendor,A,45,High,65,FALSE_POSITIVE,2026-06-12 15:56:18,2026-07-05 15:56:18,Australia,"Synthetic defensive cybersecurity observation related to data exposure. This record is for awareness, analysis, and defensive security monitoring.",Execution,Valid Accounts,
THR-2026-1399,2026-09-29 17:45:18,Account Security Event,Data Exposure,URL,https://security-alert.example.com/verify,Internal SOC,A,30,Medium,55,UNDER_REVIEW,2026-09-21 17:45:18,2026-10-04 17:45:18,Singapore,"Synthetic defensive cybersecurity observation related to data exposure. This record is for awareness, analysis, and defensive security monitoring.",,,
THR-2026-1400,2026-05-24 06:55:18,Network Threat Observation,Web Threat,URL,https://cloud-security.invalid/verify,Unknown Source,D,63,Medium,54,MONITORING,2026-05-05 06:55:18,2026-05-24 06:55:18,Global,"Synthetic defensive cybersecurity observation related to web threat. This record is for awareness, analysis, and defensive security monitoring.",Persistence,Application Layer Protocol,
THR-2026-1401,2026-05-12 13:13:18,Credential Theft Observation,Network Threat,Domain,login-check.invalid,Security Vendor,A,32,High,72,NEW,2026-04-23 13:13:18,2026-05-12 13:13:18,Australia,"Synthetic defensive cybersecurity observation related to network threat. This record is for awareness, analysis, and defensive security monitoring.",Exfiltration,Credential Phishing,
THR-2026-1402,2026-09-02 20:23:18,Suspicious Malware Indicator,Web Threat,Domain,update-service.invalid,Security Vendor,A,44,Medium,53,CLOSED,2026-08-19 20:23:18,2026-09-05 20:23:18,Germany,"Synthetic defensive cybersecurity observation related to web threat. This record is for awareness, analysis, and defensive security monitoring.",,,
THR-2026-1403,2026-09-22 04:27:18,Potential Data Exposure,Web Threat,CVE,CVE-2023-9865,Public Threat Feed,B,81,Medium,60,MONITORING,2026-08-28 04:27:18,2026-09-22 04:27:18,India,"Synthetic defensive cybersecurity observation related to web threat. This record is for awareness, analysis, and defensive security monitoring.",Command and Control,Data from Information Repositories,CVE-2022-41888
THR-2026-1404,2026-07-28 11:08:18,Ransomware Activity Pattern,Phishing,CVE,CVE-2024-30716,Research Report,B,63,Medium,59,CLOSED,2026-07-08 11:08:18,2026-07-31 11:08:18,United States,"Synthetic defensive cybersecurity observation related to phishing. This record is for awareness, analysis, and defensive security monitoring.",Persistence,Network Service Scanning,CVE-2023-34183
THR-2026-1405,2026-08-17 19:09:18,Suspicious Web Activity,Phishing,SHA-256,22824de42c1320dfb19502bccaafed4c4bb59afdf81bf5c8b89d9c19eb906662,Research Report,B,26,Medium,58,NEW,2026-08-06 19:09:18,2026-08-22 19:09:18,United Kingdom,"Synthetic defensive cybersecurity observation related to phishing. This record is for awareness, analysis, and defensive security monitoring.",Discovery,Credential Phishing,
THR-2026-1406,2026-05-07 13:02:18,Potential Data Exposure,Web Threat,URL,https://identity-check.example.org/verify,Research Report,B,51,High,65,FALSE_POSITIVE,2026-04-19 13:02:18,2026-05-12 13:02:18,Global,"Synthetic defensive cybersecurity observation related to web threat. This record is for awareness, analysis, and defensive security monitoring.",Initial Access,User Execution,
THR-2026-1407,2026-07-17 10:56:18,Vulnerability Exposure,Account Security,CVE,CVE-2024-20437,Unknown Source,D,29,High,67,UNDER_REVIEW,2026-07-08 10:56:18,2026-07-21 10:56:18,United States,"Synthetic defensive cybersecurity observation related to account security. This record is for awareness, analysis, and defensive security monitoring.",Execution,Application Layer Protocol,CVE-2022-10366
THR-2026-1408,2026-05-17 17:06:18,Suspicious Malware Indicator,Credential Threat,Email/Sender Domain,alerts@account-verify.example.org,Unknown Source,D,73,Medium,52,FALSE_POSITIVE,2026-04-18 17:06:18,2026-05-21 17:06:18,United Kingdom,"Synthetic defensive cybersecurity observation related to credential threat. This record is for awareness, analysis, and defensive security monitoring.",,,
THR-2026-1409,2026-08-31 04:59:18,Social Engineering Attempt,Credential Threat,URL,https://account-verify.example.com/verify,Unknown Source,D,34,Low,38,UNDER_REVIEW,2026-08-13 04:59:18,2026-09-04 04:59:18,United Kingdom,"Synthetic defensive cybersecurity observation related to credential threat. This record is for awareness, analysis, and defensive security monitoring.",Credential Access,Application Layer Protocol,
THR-2026-1410,2026-05-24 06:53:18,Social Engineering Attempt,Social Engineering,CVE,CVE-2021-22615,Security Vendor,A,87,High,77,FALSE_POSITIVE,2026-04-24 06:53:18,2026-05-25 06:53:18,Global,"Synthetic defensive cybersecurity observation related to social engineering. This record is for awareness, analysis, and defensive security monitoring.",Persistence,Phishing,CVE-2026-36785
THR-2026-1411,2026-05-10 15:28:18,Potential Data Exposure,Vulnerability Exposure,Email/Sender Domain,alerts@cloud-security.example.org,Research Report,B,34,Medium,42,CLOSED,2026-04-28 15:28:18,2026-05-12 15:28:18,India,"Synthetic defensive cybersecurity observation related to vulnerability exposure. This record is for awareness, analysis, and defensive security monitoring.",Exfiltration,Application Layer Protocol,CVE-2025-40286
THR-2026-1412,2026-08-16 14:17:18,Social Engineering Attempt,Network Threat,Email/Sender Domain,alerts@security-alert.example.com,Community Submission,C,81,High,67,CLOSED,2026-08-09 14:17:18,2026-08-16 14:17:18,Global,"Synthetic defensive cybersecurity observation related to network threat. This record is for awareness, analysis, and defensive security monitoring.",Initial Access,Phishing,
THR-2026-1413,2026-09-02 11:45:18,Social Engineering Attempt,Data Exposure,IP,203.0.113.130,Public Threat Feed,B,43,Medium,60,CLOSED,2026-08-20 11:45:18,2026-09-04 11:45:18,United Kingdom,"Synthetic defensive cybersecurity observation related to data exposure. This record is for awareness, analysis, and defensive security monitoring.",Persistence,Credential Phishing,
THR-2026-1414,2026-08-22 03:21:18,Vulnerability Exposure,Data Exposure,SHA-256,3376013e551a7216fef679e5455215284ebd75a648913f736ed99c6292340fdd,Internal SOC,A,70,High,65,CLOSED,2026-08-09 03:21:18,2026-08-24 03:21:18,United Kingdom,"Synthetic defensive cybersecurity observation related to data exposure. This record is for awareness, analysis, and defensive security monitoring.",,,
THR-2026-1415,2026-06-20 23:29:18,Suspicious Web Activity,Data Exposure,SHA-256,e1043d07181cc6a7ee7b2ae14a70acf9cf87f727461f46c08c0651c36e57bbe3,Internal SOC,A,41,Medium,53,MONITORING,2026-06-12 23:29:18,2026-06-22 23:29:18,India,"Synthetic defensive cybersecurity observation related to data exposure. This record is for awareness, analysis, and defensive security monitoring.",,,
THR-2026-1416,2026-08-14 19:25:18,Credential Theft Observation,Data Exposure,Email/Sender Domain,alerts@cloud-security.example.org,Research Report,B,62,High,61,CLOSED,2026-07-16 19:25:18,2026-08-18 19:25:18,Global,"Synthetic defensive cybersecurity observation related to data exposure. This record is for awareness, analysis, and defensive security monitoring.",,,
THR-2026-1417,2026-04-29 02:00:18,Vulnerability Exposure,Phishing,CVE,CVE-2021-12361,Security Vendor,A,27,Low,37,NEW,2026-03-31 02:00:18,2026-05-01 02:00:18,Global,"Synthetic defensive cybersecurity observation related to phishing. This record is for awareness, analysis, and defensive security monitoring.",Command and Control,User Execution,CVE-2025-43138
THR-2026-1418,2026-09-18 05:34:18,Vulnerability Exposure,Phishing,Email/Sender Domain,alerts@identity-check.invalid,Internal SOC,A,93,High,69,FALSE_POSITIVE,2026-08-28 05:34:18,2026-09-22 05:34:18,Germany,"Synthetic defensive cybersecurity observation related to phishing. This record is for awareness, analysis, and defensive security monitoring.",Discovery,Credential Phishing,
THR-2026-1419,2026-09-07 05:28:18,Suspicious Web Activity,Account Security,SHA-256,14f0d1ff17882ea364f33841376af3c7f7a1afc8a39176427453aa624c694dab,Public Threat Feed,B,59,Medium,48,NEW,2026-08-26 05:28:18,2026-09-11 05:28:18,Germany,"Synthetic defensive cybersecurity observation related to account security. This record is for awareness, analysis, and defensive security monitoring.",Execution,User Execution,
THR-2026-1420,2026-04-24 15:37:18,Potential Data Exposure,Vulnerability Exposure,CVE,CVE-2021-10198,Unknown Source,D,90,High,67,CLOSED,2026-04-06 15:37:18,2026-04-26 15:37:18,India,"Synthetic defensive cybersecurity observation related to vulnerability exposure. This record is for awareness, analysis, and defensive security monitoring.",,,CVE-2023-39304
THR-2026-1421,2026-09-11 23:53:18,Synthetic Credential Phishing Campaign,Ransomware,CVE,CVE-2024-13531,Security Vendor,A,59,High,61,MONITORING,2026-08-26 23:53:18,2026-09-15 23:53:18,United States,"Synthetic defensive cybersecurity observation related to ransomware. This record is for awareness, analysis, and defensive security monitoring.",Initial Access,Valid Accounts,CVE-2023-41011
THR-2026-1422,2026-06-10 00:12:18,Potential Data Exposure,Malware,Email/Sender Domain,alerts@update-service.example.org,Unknown Source,D,83,High,74,FALSE_POSITIVE,2026-05-30 00:12:18,2026-06-10 00:12:18,Australia,"Synthetic defensive cybersecurity observation related to malware. This record is for awareness, analysis, and defensive security monitoring.",Execution,Valid Accounts,
THR-2026-1423,2026-06-25 13:19:18,Ransomware Activity Pattern,Phishing,Email/Sender Domain,alerts@security-alert.example.com,Internal SOC,A,41,High,71,UNDER_REVIEW,2026-05-31 13:19:18,2026-06-27 13:19:18,Germany,"Synthetic defensive cybersecurity observation related to phishing. This record is for awareness, analysis, and defensive security monitoring.",Initial Access,Application Layer Protocol,
THR-2026-1424,2026-07-22 19:38:18,Ransomware Activity Pattern,Network Threat,CVE,CVE-2025-15000,Security Vendor,A,60,High,68,NEW,2026-07-19 19:38:18,2026-07-25 19:38:18,United Kingdom,"Synthetic defensive cybersecurity observation related to network threat. This record is for awareness, analysis, and defensive security monitoring.",Initial Access,Data from Information Repositories,CVE-2024-27401
THR-2026-1425,2026-06-29 23:59:18,Potential Data Exposure,Data Exposure,IP,203.0.113.215,Public Threat Feed,B,89,High,63,NEW,2026-06-19 23:59:18,2026-07-03 23:59:18,Germany,"Synthetic defensive cybersecurity observation related to data exposure. This record is for awareness, analysis, and defensive security monitoring.",Execution,Valid Accounts,
THR-2026-1426,2026-04-28 19:14:18,Account Security Event,Ransomware,SHA-256,8768a65b0f2851aab0b8a220402f929176522381bd11b14c25895d830b72194d,Security Vendor,A,53,High,68,NEW,2026-04-28 19:14:18,2026-04-29 19:14:18,Australia,"Synthetic defensive cybersecurity observation related to ransomware. This record is for awareness, analysis, and defensive security monitoring.",,,
THR-2026-1427,2026-07-25 21:23:18,Social Engineering Attempt,Vulnerability Exposure,URL,https://update-service.example.net/verify,Unknown Source,D,94,High,79,MONITORING,2026-07-07 21:23:18,2026-07-27 21:23:18,United Kingdom,"Synthetic defensive cybersecurity observation related to vulnerability exposure. This record is for awareness, analysis, and defensive security monitoring.",Execution,Network Service Scanning,CVE-2026-52843
THR-2026-1428,2026-06-11 12:38:18,Suspicious Malware Indicator,Data Exposure,IP,198.51.100.127,Internal SOC,A,94,Critical,84,FALSE_POSITIVE,2026-05-28 12:38:18,2026-06-15 12:38:18,India,"Synthetic defensive cybersecurity observation related to data exposure. This record is for awareness, analysis, and defensive security monitoring.",Discovery,Network Service Scanning,
THR-2026-1429,2026-08-12 19:35:18,Potential Data Exposure,Web Threat,URL,https://login-check.example.com/verify,Research Report,B,74,High,74,NEW,2026-07-26 19:35:18,2026-08-16 19:35:18,Australia,"Synthetic defensive cybersecurity observation related to web threat. This record is for awareness, analysis, and defensive security monitoring.",Credential Access,Credential Phishing,
THR-2026-1430,2026-04-26 14:13:18,Potential Data Exposure,Malware,Domain,cloud-security.invalid,Public Threat Feed,B,76,Medium,58,UNDER_REVIEW,2026-04-26 14:13:18,2026-05-01 14:13:18,Singapore,"Synthetic defensive cybersecurity observation related to malware. This record is for awareness, analysis, and defensive security monitoring.",Command and Control,Data from Information Repositories,
THR-2026-1431,2026-04-21 20:51:18,Account Security Event,Data Exposure,Email/Sender Domain,alerts@login-check.invalid,Research Report,B,37,Medium,58,NEW,2026-03-23 20:51:18,2026-04-24 20:51:18,Germany,"Synthetic defensive cybersecurity observation related to data exposure. This record is for awareness, analysis, and defensive security monitoring.",Discovery,Valid Accounts,
THR-2026-1432,2026-08-07 04:34:18,Vulnerability Exposure,Credential Threat,SHA-256,c4606850c8ee1f5c00ee5eeb6c3eed021482c36a26a8e80dffc73adc9a3b8420,Community Submission,C,96,High,78,MONITORING,2026-07-10 04:34:18,2026-08-12 04:34:18,Singapore,"Synthetic defensive cybersecurity observation related to credential threat. This record is for awareness, analysis, and defensive security monitoring.",Credential Access,Phishing,
THR-2026-1433,2026-04-30 21:56:18,Network Threat Observation,Credential Threat,CVE,CVE-2026-30235,Security Vendor,A,78,High,67,NEW,2026-04-14 21:56:18,2026-05-05 21:56:18,Global,"Synthetic defensive cybersecurity observation related to credential threat. This record is for awareness, analysis, and defensive security monitoring.",Credential Access,Credential Phishing,CVE-2022-23172
THR-2026-1434,2026-07-13 01:11:18,Ransomware Activity Pattern,Credential Threat,CVE,CVE-2026-7135,Public Threat Feed,B,46,Medium,48,FALSE_POSITIVE,2026-07-12 01:11:18,2026-07-18 01:11:18,Germany,"Synthetic defensive cybersecurity observation related to credential threat. This record is for awareness, analysis, and defensive security monitoring.",Discovery,Network Service Scanning,CVE-2021-24427
THR-2026-1435,2026-05-27 18:38:18,Social Engineering Attempt,Credential Threat,Email/Sender Domain,alerts@login-check.invalid,Public Threat Feed,B,60,Medium,54,UNDER_REVIEW,2026-05-24 18:38:18,2026-05-27 18:38:18,United States,"Synthetic defensive cybersecurity observation related to credential threat. This record is for awareness, analysis, and defensive security monitoring.",,,
THR-2026-1436,2026-06-26 18:13:18,Social Engineering Attempt,Network Threat,IP,198.51.100.159,Internal SOC,A,93,Medium,60,CLOSED,2026-06-24 18:13:18,2026-07-01 18:13:18,Singapore,"Synthetic defensive cybersecurity observation related to network threat. This record is for awareness, analysis, and defensive security monitoring.",Initial Access,Data from Information Repositories,
THR-2026-1437,2026-06-17 19:33:18,Suspicious Web Activity,Ransomware,Domain,login-check.example.com,Research Report,B,63,High,74,CLOSED,2026-06-09 19:33:18,2026-06-20 19:33:18,Australia,"Synthetic defensive cybersecurity observation related to ransomware. This record is for awareness, analysis, and defensive security monitoring.",Exfiltration,Credential Phishing,
THR-2026-1438,2026-06-05 05:03:18,Suspicious Malware Indicator,Web Threat,IP,198.51.100.150,Unknown Source,D,52,Medium,53,CLOSED,2026-05-21 05:03:18,2026-06-09 05:03:18,United Kingdom,"Synthetic defensive cybersecurity observation related to web threat. This record is for awareness, analysis, and defensive security monitoring.",,,
THR-2026-1439,2026-05-27 23:16:18,Suspicious Malware Indicator,Social Engineering,CVE,CVE-2023-37648,Security Vendor,A,43,High,68,MONITORING,2026-05-03 23:16:18,2026-06-01 23:16:18,Australia,"Synthetic defensive cybersecurity observation related to social engineering. This record is for awareness, analysis, and defensive security monitoring.",Command and Control,User Execution,CVE-2022-38023
THR-2026-1440,2026-09-17 18:29:18,Account Security Event,Ransomware,Domain,update-service.example.net,Public Threat Feed,B,63,Medium,60,NEW,2026-08-28 18:29:18,2026-09-22 18:29:18,Germany,"Synthetic defensive cybersecurity observation related to ransomware. This record is for awareness, analysis, and defensive security monitoring.",Execution,User Execution,
THR-2026-1441,2026-07-08 12:11:18,Suspicious Malware Indicator,Web Threat,SHA-256,3f0c69b49b2bd28a7086c0b98296493d4eabcd9cc232875c3ffbf637dd0ef98b,Community Submission,C,57,High,63,CLOSED,2026-06-20 12:11:18,2026-07-10 12:11:18,United Kingdom,"Synthetic defensive cybersecurity observation related to web threat. This record is for awareness, analysis, and defensive security monitoring.",Command and Control,Network Service Scanning,
THR-2026-1442,2026-08-24 09:19:18,Suspicious Malware Indicator,Malware,SHA-256,abb1850dd81696cf3308b022098a6266f7e58f8e32eef58922d05a90b9551fad,Research Report,B,25,Low,39,MONITORING,2026-08-03 09:19:18,2026-08-24 09:19:18,India,"Synthetic defensive cybersecurity observation related to malware. This record is for awareness, analysis, and defensive security monitoring.",Execution,Data from Information Repositories,
THR-2026-1443,2026-07-31 18:38:18,Ransomware Activity Pattern,Web Threat,URL,https://secure-login.example.com/verify,Research Report,B,74,High,74,FALSE_POSITIVE,2026-07-09 18:38:18,2026-08-03 18:38:18,Germany,"Synthetic defensive cybersecurity observation related to web threat. This record is for awareness, analysis, and defensive security monitoring.",Persistence,Application Layer Protocol,
THR-2026-1444,2026-09-27 17:05:18,Ransomware Activity Pattern,Credential Threat,Domain,login-check.example.com,Research Report,B,28,Medium,60,CLOSED,2026-09-07 17:05:18,2026-10-01 17:05:18,Germany,"Synthetic defensive cybersecurity observation related to credential threat. This record is for awareness, analysis, and defensive security monitoring.",Credential Access,Credential Phishing,
THR-2026-1445,2026-10-05 07:31:18,Synthetic Credential Phishing Campaign,Malware,Email/Sender Domain,alerts@security-alert.example.com,Security Vendor,A,78,High,72,UNDER_REVIEW,2026-09-12 07:31:18,2026-10-08 07:31:18,Australia,"Synthetic defensive cybersecurity observation related to malware. This record is for awareness, analysis, and defensive security monitoring.",Command and Control,Valid Accounts,
THR-2026-1446,2026-06-18 18:37:18,Synthetic Credential Phishing Campaign,Web Threat,Email/Sender Domain,alerts@login-check.example.net,Research Report,B,30,Medium,57,CLOSED,2026-05-21 18:37:18,2026-06-21 18:37:18,Singapore,"Synthetic defensive cybersecurity observation related to web threat. This record is for awareness, analysis, and defensive security monitoring.",Initial Access,User Execution,
THR-2026-1447,2026-05-01 06:38:18,Vulnerability Exposure,Ransomware,CVE,CVE-2023-10182,Internal SOC,A,76,Medium,55,CLOSED,2026-04-24 06:38:18,2026-05-03 06:38:18,Global,"Synthetic defensive cybersecurity observation related to ransomware. This record is for awareness, analysis, and defensive security monitoring.",Initial Access,Phishing,CVE-2024-24625
THR-2026-1448,2026-05-09 00:04:18,Network Threat Observation,Data Exposure,SHA-256,e629c1c73e02b6b88c18b7939adc903c47246ba46533e60676a4667647ea46d2,Research Report,B,41,Medium,53,FALSE_POSITIVE,2026-04-11 00:04:18,2026-05-14 00:04:18,Global,"Synthetic defensive cybersecurity observation related to data exposure. This record is for awareness, analysis, and defensive security monitoring.",Execution,Application Layer Protocol,
THR-2026-1449,2026-07-20 16:49:18,Ransomware Activity Pattern,Ransomware,SHA-256,90fbe86a8f7cd16dc634500a53bc11e42388ee8a58d6894b8b9f912606e06d9f,Community Submission,C,73,High,72,MONITORING,2026-07-20 16:49:18,2026-07-21 16:49:18,United Kingdom,"Synthetic defensive cybersecurity observation related to ransomware. This record is for awareness, analysis, and defensive security monitoring.",Initial Access,Application Layer Protocol,
THR-2026-1450,2026-08-30 06:17:18,Suspicious Web Activity,Credential Threat,URL,https://update-service.example.com/verify,Security Vendor,A,57,High,75,UNDER_REVIEW,2026-08-01 06:17:18,2026-09-03 06:17:18,India,"Synthetic defensive cybersecurity observation related to credential threat. This record is for awareness, analysis, and defensive security monitoring.",Persistence,User Execution,
THR-2026-1451,2026-08-16 07:29:18,Account Security Event,Web Threat,SHA-256,f5f63a996f1c433e69b2a64b3fe18c5d2747bc332276c522977e86092b727bac,Public Threat Feed,B,35,High,64,FALSE_POSITIVE,2026-08-14 07:29:18,2026-08-16 07:29:18,Singapore,"Synthetic defensive cybersecurity observation related to web threat. This record is for awareness, analysis, and defensive security monitoring.",Credential Access,Network Service Scanning,
THR-2026-1452,2026-07-24 04:23:18,Potential Data Exposure,Network Threat,Domain,security-alert.invalid,Research Report,B,26,Low,39,FALSE_POSITIVE,2026-07-09 04:23:18,2026-07-29 04:23:18,Global,"Synthetic defensive cybersecurity observation related to network threat. This record is for awareness, analysis, and defensive security monitoring.",Persistence,Network Service Scanning,
THR-2026-1453,2026-08-13 17:46:18,Vulnerability Exposure,Phishing,IP,198.51.100.137,Internal SOC,A,93,Medium,57,CLOSED,2026-08-03 17:46:18,2026-08-13 17:46:18,United States,"Synthetic defensive cybersecurity observation related to phishing. This record is for awareness, analysis, and defensive security monitoring.",Command and Control,Phishing,
THR-2026-1454,2026-04-30 14:26:18,Ransomware Activity Pattern,Phishing,SHA-256,7278104c9578ca6aacbfccba843935cd2a4762fabf1b9e80fcdea2935ade58a0,Public Threat Feed,B,34,Medium,57,CLOSED,2026-04-10 14:26:18,2026-05-04 14:26:18,Global,"Synthetic defensive cybersecurity observation related to phishing. This record is for awareness, analysis, and defensive security monitoring.",Initial Access,Credential Phishing,
THR-2026-1455,2026-04-20 05:36:18,Credential Theft Observation,Data Exposure,CVE,CVE-2021-27492,Internal SOC,A,43,High,74,NEW,2026-03-22 05:36:18,2026-04-25 05:36:18,India,"Synthetic defensive cybersecurity observation related to data exposure. This record is for awareness, analysis, and defensive security monitoring.",Execution,Valid Accounts,CVE-2023-12744
THR-2026-1456,2026-04-10 11:08:18,Suspicious Malware Indicator,Phishing,Domain,login-check.example.org,Security Vendor,A,80,Critical,83,UNDER_REVIEW,2026-03-31 11:08:18,2026-04-11 11:08:18,India,"Synthetic defensive cybersecurity observation related to phishing. This record is for awareness, analysis, and defensive security monitoring.",Credential Access,Credential Phishing,
THR-2026-1457,2026-05-14 07:50:18,Credential Theft Observation,Social Engineering,IP,203.0.113.133,Research Report,B,34,Medium,49,UNDER_REVIEW,2026-05-11 07:50:18,2026-05-17 07:50:18,United States,"Synthetic defensive cybersecurity observation related to social engineering. This record is for awareness, analysis, and defensive security monitoring.",Execution,Data from Information Repositories,
THR-2026-1458,2026-04-18 06:48:18,Suspicious Malware Indicator,Ransomware,URL,https://identity-check.invalid/verify,Security Vendor,A,65,Medium,46,NEW,2026-04-07 06:48:18,2026-04-21 06:48:18,India,"Synthetic defensive cybersecurity observation related to ransomware. This record is for awareness, analysis, and defensive security monitoring.",Exfiltration,Valid Accounts,
THR-2026-1459,2026-04-24 06:28:18,Suspicious Malware Indicator,Web Threat,Email/Sender Domain,alerts@cloud-security.example.com,Research Report,B,53,Medium,53,UNDER_REVIEW,2026-04-19 06:28:18,2026-04-28 06:28:18,United States,"Synthetic defensive cybersecurity observation related to web threat. This record is for awareness, analysis, and defensive security monitoring.",Command and Control,Network Service Scanning,
THR-2026-1460,2026-08-11 02:40:18,Suspicious Web Activity,Web Threat,URL,https://secure-login.example.net/verify,Public Threat Feed,B,77,High,70,CLOSED,2026-07-26 02:40:18,2026-08-14 02:40:18,Global,"Synthetic defensive cybersecurity observation related to web threat. This record is for awareness, analysis, and defensive security monitoring.",Initial Access,Valid Accounts,
THR-2026-1461,2026-05-09 00:36:18,Credential Theft Observation,Web Threat,Email/Sender Domain,alerts@account-verify.example.org,Unknown Source,D,79,High,63,UNDER_REVIEW,2026-04-26 00:36:18,2026-05-12 00:36:18,Singapore,"Synthetic defensive cybersecurity observation related to web threat. This record is for awareness, analysis, and defensive security monitoring.",Credential Access,Data from Information Repositories,
THR-2026-1462,2026-07-03 01:15:18,Vulnerability Exposure,Credential Threat,URL,https://security-alert.example.org/verify,Public Threat Feed,B,36,Medium,51,UNDER_REVIEW,2026-06-06 01:15:18,2026-07-03 01:15:18,Global,"Synthetic defensive cybersecurity observation related to credential threat. This record is for awareness, analysis, and defensive security monitoring.",Command and Control,Network Service Scanning,
THR-2026-1463,2026-07-03 04:36:18,Suspicious Web Activity,Phishing,Email/Sender Domain,alerts@update-service.example.org,Unknown Source,D,78,High,74,CLOSED,2026-06-21 04:36:18,2026-07-07 04:36:18,Germany,"Synthetic defensive cybersecurity observation related to phishing. This record is for awareness, analysis, and defensive security monitoring.",Command and Control,User Execution,
THR-2026-1464,2026-08-03 07:33:18,Account Security Event,Credential Threat,URL,https://security-alert.example.org/verify,Research Report,B,77,High,65,NEW,2026-07-28 07:33:18,2026-08-08 07:33:18,United Kingdom,"Synthetic defensive cybersecurity observation related to credential threat. This record is for awareness, analysis, and defensive security monitoring.",Credential Access,Phishing,
THR-2026-1465,2026-05-18 04:31:18,Potential Data Exposure,Ransomware,CVE,CVE-2026-29125,Unknown Source,D,78,High,73,UNDER_REVIEW,2026-05-10 04:31:18,2026-05-19 04:31:18,Australia,"Synthetic defensive cybersecurity observation related to ransomware. This record is for awareness, analysis, and defensive security monitoring.",Discovery,Phishing,CVE-2025-22530
THR-2026-1466,2026-05-06 15:36:18,Suspicious Malware Indicator,Vulnerability Exposure,IP,198.51.100.221,Community Submission,C,93,High,67,UNDER_REVIEW,2026-04-17 15:36:18,2026-05-10 15:36:18,Australia,"Synthetic defensive cybersecurity observation related to vulnerability exposure. This record is for awareness, analysis, and defensive security monitoring.",Discovery,Phishing,CVE-2021-28215
THR-2026-1467,2026-09-13 11:36:18,Vulnerability Exposure,Malware,SHA-256,38a177f4459c1e29af1be5651fdbc2baf49a63292567fac8886e3964728f0b0c,Security Vendor,A,90,Critical,84,CLOSED,2026-09-13 11:36:18,2026-09-16 11:36:18,Australia,"Synthetic defensive cybersecurity observation related to malware. This record is for awareness, analysis, and defensive security monitoring.",Execution,Data from Information Repositories,
THR-2026-1468,2026-05-16 07:27:18,Ransomware Activity Pattern,Phishing,IP,192.0.2.251,Community Submission,C,79,High,66,MONITORING,2026-04-23 07:27:18,2026-05-18 07:27:18,Germany,"Synthetic defensive cybersecurity observation related to phishing. This record is for awareness, analysis, and defensive security monitoring.",,,
THR-2026-1469,2026-08-29 12:14:18,Suspicious Web Activity,Credential Threat,Email/Sender Domain,alerts@account-verify.example.net,Security Vendor,A,81,High,68,UNDER_REVIEW,2026-08-03 12:14:18,2026-09-03 12:14:18,Global,"Synthetic defensive cybersecurity observation related to credential threat. This record is for awareness, analysis, and defensive security monitoring.",Execution,Network Service Scanning,
THR-2026-1470,2026-07-29 18:57:18,Vulnerability Exposure,Malware,SHA-256,9c903e1e649ecc1f9b6ee0b8b062736de5148d4a458b16797cd97e445e79ea1e,Unknown Source,D,63,Medium,50,CLOSED,2026-07-08 18:57:18,2026-07-29 18:57:18,Australia,"Synthetic defensive cybersecurity observation related to malware. This record is for awareness, analysis, and defensive security monitoring.",,,
THR-2026-1471,2026-08-09 05:30:18,Vulnerability Exposure,Web Threat,Email/Sender Domain,alerts@login-check.example.com,Internal SOC,A,77,High,62,MONITORING,2026-08-02 05:30:18,2026-08-13 05:30:18,Global,"Synthetic defensive cybersecurity observation related to web threat. This record is for awareness, analysis, and defensive security monitoring.",,,
THR-2026-1472,2026-09-27 09:39:18,Credential Theft Observation,Account Security,IP,198.51.100.235,Public Threat Feed,B,56,Medium,58,CLOSED,2026-09-20 09:39:18,2026-09-28 09:39:18,Global,"Synthetic defensive cybersecurity observation related to account security. This record is for awareness, analysis, and defensive security monitoring.",Credential Access,Application Layer Protocol,
THR-2026-1473,2026-05-18 13:35:18,Account Security Event,Credential Threat,CVE,CVE-2022-3470,Internal SOC,A,37,Medium,54,NEW,2026-05-16 13:35:18,2026-05-23 13:35:18,United Kingdom,"Synthetic defensive cybersecurity observation related to credential threat. This record is for awareness, analysis, and defensive security monitoring.",Discovery,Phishing,CVE-2024-33350
THR-2026-1474,2026-09-29 09:57:18,Synthetic Credential Phishing Campaign,Malware,SHA-256,577ba504110416bfa255745c29c3c360262576fc994e5b2ae143433b2d3c7f40,Security Vendor,A,61,Medium,50,FALSE_POSITIVE,2026-09-20 09:57:18,2026-10-04 09:57:18,Singapore,"Synthetic defensive cybersecurity observation related to malware. This record is for awareness, analysis, and defensive security monitoring.",Exfiltration,Credential Phishing,
THR-2026-1475,2026-05-04 10:36:18,Potential Data Exposure,Vulnerability Exposure,IP,203.0.113.240,Internal SOC,A,94,High,67,MONITORING,2026-04-25 10:36:18,2026-05-05 10:36:18,United Kingdom,"Synthetic defensive cybersecurity observation related to vulnerability exposure. This record is for awareness, analysis, and defensive security monitoring.",Discovery,User Execution,CVE-2022-17896
THR-2026-1476,2026-05-13 14:45:18,Potential Data Exposure,Ransomware,IP,198.51.100.16,Internal SOC,A,50,Medium,54,NEW,2026-04-28 14:45:18,2026-05-17 14:45:18,United Kingdom,"Synthetic defensive cybersecurity observation related to ransomware. This record is for awareness, analysis, and defensive security monitoring.",,,
THR-2026-1477,2026-08-31 13:45:18,Synthetic Credential Phishing Campaign,Social Engineering,IP,192.0.2.78,Public Threat Feed,B,36,High,69,CLOSED,2026-08-13 13:45:18,2026-09-05 13:45:18,Australia,"Synthetic defensive cybersecurity observation related to social engineering. This record is for awareness, analysis, and defensive security monitoring.",Exfiltration,Phishing,
THR-2026-1478,2026-05-21 20:57:18,Social Engineering Attempt,Ransomware,Email/Sender Domain,alerts@identity-check.invalid,Public Threat Feed,B,36,Medium,52,FALSE_POSITIVE,2026-05-01 20:57:18,2026-05-23 20:57:18,United States,"Synthetic defensive cybersecurity observation related to ransomware. This record is for awareness, analysis, and defensive security monitoring.",,,
THR-2026-1479,2026-08-17 16:47:18,Suspicious Web Activity,Vulnerability Exposure,SHA-256,36283a2403b94adf82325a4312c04caca6229c4be52f708c6ac34eccc20ef049,Internal SOC,A,72,High,71,NEW,2026-08-10 16:47:18,2026-08-21 16:47:18,Australia,"Synthetic defensive cybersecurity observation related to vulnerability exposure. This record is for awareness, analysis, and defensive security monitoring.",,,CVE-2026-33723
THR-2026-1480,2026-09-05 00:33:18,Credential Theft Observation,Vulnerability Exposure,IP,198.51.100.14,Internal SOC,A,61,High,62,CLOSED,2026-08-08 00:33:18,2026-09-05 00:33:18,Singapore,"Synthetic defensive cybersecurity observation related to vulnerability exposure. This record is for awareness, analysis, and defensive security monitoring.",Command and Control,Credential Phishing,CVE-2021-22988
THR-2026-1481,2026-07-15 06:03:18,Suspicious Malware Indicator,Ransomware,SHA-256,4521660eddacd56e0b7ee31bb317e6f18180c3ab696d153d0e8bff73dab78ccf,Unknown Source,D,95,Medium,56,UNDER_REVIEW,2026-06-25 06:03:18,2026-07-18 06:03:18,Australia,"Synthetic defensive cybersecurity observation related to ransomware. This record is for awareness, analysis, and defensive security monitoring.",Persistence,User Execution,
THR-2026-1482,2026-07-26 19:18:18,Account Security Event,Social Engineering,CVE,CVE-2025-15477,Research Report,B,84,Critical,82,NEW,2026-06-27 19:18:18,2026-07-28 19:18:18,India,"Synthetic defensive cybersecurity observation related to social engineering. This record is for awareness, analysis, and defensive security monitoring.",Persistence,Phishing,CVE-2023-34206
THR-2026-1483,2026-08-13 00:28:18,Suspicious Malware Indicator,Account Security,CVE,CVE-2024-11227,Public Threat Feed,B,68,High,71,CLOSED,2026-07-20 00:28:18,2026-08-17 00:28:18,Germany,"Synthetic defensive cybersecurity observation related to account security. This record is for awareness, analysis, and defensive security monitoring.",Execution,Data from Information Repositories,CVE-2022-30376
THR-2026-1484,2026-04-19 10:46:18,Credential Theft Observation,Network Threat,SHA-256,898f965b267b15c0d0e7a83551dde439c6c7dd3d7873e4d1def536007bd5d99c,Public Threat Feed,B,58,Medium,50,CLOSED,2026-04-10 10:46:18,2026-04-24 10:46:18,Singapore,"Synthetic defensive cybersecurity observation related to network threat. This record is for awareness, analysis, and defensive security monitoring.",,,
THR-2026-1485,2026-10-04 14:59:18,Suspicious Malware Indicator,Vulnerability Exposure,Domain,update-service.example.com,Community Submission,C,90,High,63,FALSE_POSITIVE,2026-09-21 14:59:18,2026-10-07 14:59:18,United States,"Synthetic defensive cybersecurity observation related to vulnerability exposure. This record is for awareness, analysis, and defensive security monitoring.",Initial Access,Credential Phishing,CVE-2026-18822
THR-2026-1486,2026-08-31 04:42:18,Synthetic Credential Phishing Campaign,Vulnerability Exposure,Domain,secure-login.example.org,Security Vendor,A,39,Medium,44,CLOSED,2026-08-14 04:42:18,2026-09-01 04:42:18,United Kingdom,"Synthetic defensive cybersecurity observation related to vulnerability exposure. This record is for awareness, analysis, and defensive security monitoring.",,,CVE-2022-19606
THR-2026-1487,2026-09-25 12:03:18,Suspicious Malware Indicator,Ransomware,Email/Sender Domain,alerts@security-alert.example.org,Research Report,B,63,Low,40,NEW,2026-09-08 12:03:18,2026-09-27 12:03:18,Australia,"Synthetic defensive cybersecurity observation related to ransomware. This record is for awareness, analysis, and defensive security monitoring.",Initial Access,Valid Accounts,
THR-2026-1488,2026-08-29 06:02:18,Vulnerability Exposure,Network Threat,CVE,CVE-2023-8710,Community Submission,C,65,Medium,50,MONITORING,2026-08-09 06:02:18,2026-09-02 06:02:18,Germany,"Synthetic defensive cybersecurity observation related to network threat. This record is for awareness, analysis, and defensive security monitoring.",,,CVE-2021-52874
THR-2026-1489,2026-05-20 10:57:18,Suspicious Web Activity,Data Exposure,IP,203.0.113.242,Public Threat Feed,B,84,High,67,MONITORING,2026-05-18 10:57:18,2026-05-20 10:57:18,United States,"Synthetic defensive cybersecurity observation related to data exposure. This record is for awareness, analysis, and defensive security monitoring.",,,
THR-2026-1490,2026-04-21 03:33:18,Suspicious Web Activity,Web Threat,IP,203.0.113.227,Research Report,B,41,High,67,UNDER_REVIEW,2026-04-06 03:33:18,2026-04-25 03:33:18,Singapore,"Synthetic defensive cybersecurity observation related to web threat. This record is for awareness, analysis, and defensive security monitoring.",Initial Access,Valid Accounts,
THR-2026-1491,2026-06-29 04:03:18,Credential Theft Observation,Malware,CVE,CVE-2024-37589,Community Submission,C,96,High,79,FALSE_POSITIVE,2026-06-18 04:03:18,2026-07-02 04:03:18,Global,"Synthetic defensive cybersecurity observation related to malware. This record is for awareness, analysis, and defensive security monitoring.",Initial Access,Application Layer Protocol,CVE-2021-45150
THR-2026-1492,2026-05-05 17:51:18,Network Threat Observation,Ransomware,IP,198.51.100.201,Community Submission,C,81,High,65,MONITORING,2026-04-25 17:51:18,2026-05-07 17:51:18,Singapore,"Synthetic defensive cybersecurity observation related to ransomware. This record is for awareness, analysis, and defensive security monitoring.",Discovery,User Execution,
THR-2026-1493,2026-05-03 22:15:18,Ransomware Activity Pattern,Phishing,Email/Sender Domain,alerts@secure-login.example.net,Unknown Source,D,48,High,64,NEW,2026-04-13 22:15:18,2026-05-03 22:15:18,Germany,"Synthetic defensive cybersecurity observation related to phishing. This record is for awareness, analysis, and defensive security monitoring.",Initial Access,Application Layer Protocol,
THR-2026-1494,2026-07-01 20:54:18,Social Engineering Attempt,Phishing,SHA-256,362efd177f383f254e058f4d25e44677f2bcd0516e3d1922c5947b79ee6df9ce,Research Report,B,83,High,61,NEW,2026-06-30 20:54:18,2026-07-01 20:54:18,United States,"Synthetic defensive cybersecurity observation related to phishing. This record is for awareness, analysis, and defensive security monitoring.",Credential Access,Application Layer Protocol,
THR-2026-1495,2026-04-26 11:19:18,Account Security Event,Data Exposure,IP,203.0.113.42,Research Report,B,95,Medium,60,FALSE_POSITIVE,2026-04-18 11:19:18,2026-04-27 11:19:18,Global,"Synthetic defensive cybersecurity observation related to data exposure. This record is for awareness, analysis, and defensive security monitoring.",Credential Access,User Execution,
THR-2026-1496,2026-05-22 02:08:18,Suspicious Web Activity,Web Threat,URL,https://security-alert.example.com/verify,Unknown Source,D,88,High,64,MONITORING,2026-05-17 02:08:18,2026-05-23 02:08:18,Singapore,"Synthetic defensive cybersecurity observation related to web threat. This record is for awareness, analysis, and defensive security monitoring.",,,
THR-2026-1497,2026-07-13 01:36:18,Potential Data Exposure,Phishing,IP,198.51.100.81,Community Submission,C,83,High,61,CLOSED,2026-06-13 01:36:18,2026-07-16 01:36:18,United Kingdom,"Synthetic defensive cybersecurity observation related to phishing. This record is for awareness, analysis, and defensive security monitoring.",,,
THR-2026-1498,2026-07-26 06:28:18,Credential Theft Observation,Account Security,IP,192.0.2.169,Security Vendor,A,88,High,63,UNDER_REVIEW,2026-07-12 06:28:18,2026-07-26 06:28:18,Singapore,"Synthetic defensive cybersecurity observation related to account security. This record is for awareness, analysis, and defensive security monitoring.",Exfiltration,User Execution,
THR-2026-1499,2026-08-30 19:27:18,Ransomware Activity Pattern,Account Security,URL,https://secure-login.example.net/verify,Public Threat Feed,B,53,Medium,60,CLOSED,2026-08-23 19:27:18,2026-08-30 19:27:18,United States,"Synthetic defensive cybersecurity observation related to account security. This record is for awareness, analysis, and defensive security monitoring.",,,
THR-2026-1500,2026-05-05 06:58:18,Social Engineering Attempt,Account Security,Email/Sender Domain,alerts@secure-login.example.com,Public Threat Feed,B,45,Medium,44,NEW,2026-05-01 06:58:18,2026-05-05 06:58:18,United Kingdom,"Synthetic defensive cybersecurity observation related to account security. This record is for awareness, analysis, and defensive security monitoring.",,,
THR-2026-1501,2026-10-03 23:37:18,Suspicious Malware Indicator,Credential Threat,Email/Sender Domain,alerts@cloud-security.example.com,Internal SOC,A,76,Medium,59,FALSE_POSITIVE,2026-09-29 23:37:18,2026-10-05 23:37:18,United States,"Synthetic defensive cybersecurity observation related to credential threat. This record is for awareness, analysis, and defensive security monitoring.",Discovery,Phishing,
THR-2026-1502,2026-06-20 08:09:18,Credential Theft Observation,Web Threat,Email/Sender Domain,alerts@security-alert.example.org,Internal SOC,A,70,Medium,58,FALSE_POSITIVE,2026-06-02 08:09:18,2026-06-20 08:09:18,United States,"Synthetic defensive cybersecurity observation related to web threat. This record is for awareness, analysis, and defensive security monitoring.",Credential Access,Network Service Scanning,
THR-2026-1503,2026-04-23 01:24:18,Network Threat Observation,Social Engineering,IP,198.51.100.184,Security Vendor,A,25,Medium,52,MONITORING,2026-04-20 01:24:18,2026-04-26 01:24:18,Australia,"Synthetic defensive cybersecurity observation related to social engineering. This record is for awareness, analysis, and defensive security monitoring.",,,
THR-2026-1504,2026-06-11 17:12:18,Network Threat Observation,Social Engineering,IP,203.0.113.206,Security Vendor,A,72,High,67,UNDER_REVIEW,2026-05-17 17:12:18,2026-06-12 17:12:18,United States,"Synthetic defensive cybersecurity observation related to social engineering. This record is for awareness, analysis, and defensive security monitoring.",,,
THR-2026-1505,2026-07-25 01:27:18,Credential Theft Observation,Credential Threat,IP,198.51.100.4,Unknown Source,D,84,High,80,NEW,2026-07-16 01:27:18,2026-07-28 01:27:18,Singapore,"Synthetic defensive cybersecurity observation related to credential threat. This record is for awareness, analysis, and defensive security monitoring.",Persistence,Data from Information Repositories,
THR-2026-1506,2026-05-30 22:25:18,Ransomware Activity Pattern,Network Threat,Domain,identity-check.example.net,Public Threat Feed,B,38,High,66,CLOSED,2026-05-08 22:25:18,2026-06-02 22:25:18,India,"Synthetic defensive cybersecurity observation related to network threat. This record is for awareness, analysis, and defensive security monitoring.",,,
THR-2026-1507,2026-06-04 18:48:18,Account Security Event,Ransomware,IP,192.0.2.40,Internal SOC,A,45,High,63,UNDER_REVIEW,2026-05-22 18:48:18,2026-06-09 18:48:18,United States,"Synthetic defensive cybersecurity observation related to ransomware. This record is for awareness, analysis, and defensive security monitoring.",Initial Access,Application Layer Protocol,
THR-2026-1508,2026-04-26 20:11:18,Ransomware Activity Pattern,Malware,SHA-256,9e71c35ae41653c19384683bcde39ce74fedff0ae01a32ceecb6623452047a4b,Public Threat Feed,B,95,High,70,CLOSED,2026-04-13 20:11:18,2026-04-27 20:11:18,India,"Synthetic defensive cybersecurity observation related to malware. This record is for awareness, analysis, and defensive security monitoring.",,,
THR-2026-1509,2026-07-24 15:19:18,Suspicious Malware Indicator,Data Exposure,URL,https://login-check.example.org/verify,Security Vendor,A,34,High,64,UNDER_REVIEW,2026-07-13 15:19:18,2026-07-27 15:19:18,Singapore,"Synthetic defensive cybersecurity observation related to data exposure. This record is for awareness, analysis, and defensive security monitoring.",Persistence,Valid Accounts,
THR-2026-1510,2026-05-12 18:15:18,Suspicious Malware Indicator,Phishing,IP,192.0.2.37,Security Vendor,A,56,Medium,48,MONITORING,2026-04-13 18:15:18,2026-05-17 18:15:18,Germany,"Synthetic defensive cybersecurity observation related to phishing. This record is for awareness, analysis, and defensive security monitoring.",Persistence,Network Service Scanning,
THR-2026-1511,2026-07-31 08:20:18,Social Engineering Attempt,Data Exposure,SHA-256,11e248e53f7edde89d984b31fd6dc176a87e7dea5a9acb45e7a4c8b2bb44cff3,Security Vendor,A,51,High,61,MONITORING,2026-07-10 08:20:18,2026-08-04 08:20:18,Singapore,"Synthetic defensive cybersecurity observation related to data exposure. This record is for awareness, analysis, and defensive security monitoring.",Initial Access,User Execution,
THR-2026-1512,2026-06-28 00:41:18,Vulnerability Exposure,Credential Threat,Email/Sender Domain,alerts@update-service.example.com,Research Report,B,37,Low,40,MONITORING,2026-06-06 00:41:18,2026-07-01 00:41:18,India,"Synthetic defensive cybersecurity observation related to credential threat. This record is for awareness, analysis, and defensive security monitoring.",Exfiltration,Valid Accounts,
THR-2026-1513,2026-06-02 00:08:18,Vulnerability Exposure,Social Engineering,Domain,account-verify.example.net,Research Report,B,65,High,77,FALSE_POSITIVE,2026-05-21 00:08:18,2026-06-04 00:08:18,United Kingdom,"Synthetic defensive cybersecurity observation related to social engineering. This record is for awareness, analysis, and defensive security monitoring.",Discovery,Credential Phishing,
THR-2026-1514,2026-09-30 02:25:18,Vulnerability Exposure,Ransomware,Domain,secure-login.example.com,Public Threat Feed,B,98,High,68,FALSE_POSITIVE,2026-09-10 02:25:18,2026-10-01 02:25:18,Germany,"Synthetic defensive cybersecurity observation related to ransomware. This record is for awareness, analysis, and defensive security monitoring.",,,
THR-2026-1515,2026-06-20 07:03:18,Account Security Event,Network Threat,SHA-256,0ac0ef336e11d148ed643d0c4092e71c144c49c3b0b9d01fb9adc74579517ad8,Unknown Source,D,67,High,64,MONITORING,2026-06-06 07:03:18,2026-06-23 07:03:18,Australia,"Synthetic defensive cybersecurity observation related to network threat. This record is for awareness, analysis, and defensive security monitoring.",Initial Access,Network Service Scanning,
THR-2026-1516,2026-09-17 07:15:18,Network Threat Observation,Social Engineering,Email/Sender Domain,alerts@login-check.example.com,Research Report,B,57,High,68,UNDER_REVIEW,2026-09-14 07:15:18,2026-09-19 07:15:18,Global,"Synthetic defensive cybersecurity observation related to social engineering. This record is for awareness, analysis, and defensive security monitoring.",Execution,User Execution,
THR-2026-1517,2026-06-09 07:28:18,Synthetic Credential Phishing Campaign,Social Engineering,SHA-256,755405f44a6c834803078c3a619090a326f98105d4b8f6fe0682b9547e24b87d,Public Threat Feed,B,25,Medium,60,NEW,2026-06-06 07:28:18,2026-06-13 07:28:18,United States,"Synthetic defensive cybersecurity observation related to social engineering. This record is for awareness, analysis, and defensive security monitoring.",Execution,Application Layer Protocol,
THR-2026-1518,2026-08-04 05:23:18,Account Security Event,Account Security,Email/Sender Domain,alerts@identity-check.example.org,Security Vendor,A,62,Medium,54,MONITORING,2026-07-15 05:23:18,2026-08-09 05:23:18,India,"Synthetic defensive cybersecurity observation related to account security. This record is for awareness, analysis, and defensive security monitoring.",Command and Control,Credential Phishing,
THR-2026-1519,2026-04-27 04:09:18,Suspicious Malware Indicator,Social Engineering,SHA-256,a4f0eab23178b48f56a88ea787afb1c9f0cdceef0c64b50215fb32dc17a053e2,Research Report,B,81,High,68,UNDER_REVIEW,2026-04-23 04:09:18,2026-05-01 04:09:18,Global,"Synthetic defensive cybersecurity observation related to social engineering. This record is for awareness, analysis, and defensive security monitoring.",,,
THR-2026-1520,2026-07-29 07:27:18,Credential Theft Observation,Ransomware,IP,198.51.100.218,Community Submission,C,31,High,68,CLOSED,2026-07-03 07:27:18,2026-07-31 07:27:18,Australia,"Synthetic defensive cybersecurity observation related to ransomware. This record is for awareness, analysis, and defensive security monitoring.",,,
THR-2026-1521,2026-05-30 12:04:18,Synthetic Credential Phishing Campaign,Account Security,SHA-256,7063afa85c6d9f62dc71ad54399090283a8535d74d977f365a4b593750e0f7ad,Unknown Source,D,90,Medium,57,MONITORING,2026-05-10 12:04:18,2026-05-30 12:04:18,Singapore,"Synthetic defensive cybersecurity observation related to account security. This record is for awareness, analysis, and defensive security monitoring.",,,
THR-2026-1522,2026-07-25 17:06:18,Ransomware Activity Pattern,Web Threat,SHA-256,79c2a04e8155274c796f7c6c4f8e0c15f1ea66f16324e8ded6530ae52955d632,Internal SOC,A,42,High,68,FALSE_POSITIVE,2026-06-29 17:06:18,2026-07-25 17:06:18,United Kingdom,"Synthetic defensive cybersecurity observation related to web threat. This record is for awareness, analysis, and defensive security monitoring.",Exfiltration,Data from Information Repositories,
THR-2026-1523,2026-07-13 02:26:18,Potential Data Exposure,Malware,Email/Sender Domain,alerts@identity-check.invalid,Public Threat Feed,B,72,High,63,FALSE_POSITIVE,2026-07-10 02:26:18,2026-07-16 02:26:18,India,"Synthetic defensive cybersecurity observation related to malware. This record is for awareness, analysis, and defensive security monitoring.",Execution,Network Service Scanning,
THR-2026-1524,2026-09-20 02:48:18,Vulnerability Exposure,Data Exposure,Email/Sender Domain,alerts@secure-login.example.org,Internal SOC,A,29,Medium,54,NEW,2026-09-12 02:48:18,2026-09-21 02:48:18,Australia,"Synthetic defensive cybersecurity observation related to data exposure. This record is for awareness, analysis, and defensive security monitoring.",Execution,Data from Information Repositories,
THR-2026-1525,2026-06-05 02:22:18,Synthetic Credential Phishing Campaign,Network Threat,Domain,secure-login.invalid,Community Submission,C,38,High,62,NEW,2026-05-26 02:22:18,2026-06-07 02:22:18,Germany,"Synthetic defensive cybersecurity observation related to network threat. This record is for awareness, analysis, and defensive security monitoring.",,,
THR-2026-1526,2026-05-18 03:49:18,Social Engineering Attempt,Data Exposure,URL,https://cloud-security.invalid/verify,Internal SOC,A,82,High,68,CLOSED,2026-05-16 03:49:18,2026-05-22 03:49:18,Singapore,"Synthetic defensive cybersecurity observation related to data exposure. This record is for awareness, analysis, and defensive security monitoring.",,,
THR-2026-1527,2026-09-08 00:18:18,Suspicious Malware Indicator,Data Exposure,CVE,CVE-2021-38273,Research Report,B,51,Medium,59,FALSE_POSITIVE,2026-08-10 00:18:18,2026-09-11 00:18:18,Germany,"Synthetic defensive cybersecurity observation related to data exposure. This record is for awareness, analysis, and defensive security monitoring.",Exfiltration,Data from Information Repositories,CVE-2025-28682
THR-2026-1528,2026-09-18 19:56:18,Credential Theft Observation,Vulnerability Exposure,SHA-256,3990babc49b19b2f917a21fd3cd8bf5e5b70befc48c72c83bac48a70b45e1dd2,Public Threat Feed,B,91,High,62,UNDER_REVIEW,2026-09-17 19:56:18,2026-09-23 19:56:18,United Kingdom,"Synthetic defensive cybersecurity observation related to vulnerability exposure. This record is for awareness, analysis, and defensive security monitoring.",Persistence,Application Layer Protocol,CVE-2023-36147
THR-2026-1529,2026-05-19 00:36:18,Account Security Event,Data Exposure,IP,203.0.113.42,Security Vendor,A,79,High,71,MONITORING,2026-05-08 00:36:18,2026-05-20 00:36:18,United States,"Synthetic defensive cybersecurity observation related to data exposure. This record is for awareness, analysis, and defensive security monitoring.",Credential Access,Credential Phishing,
THR-2026-1530,2026-04-14 01:17:18,Social Engineering Attempt,Ransomware,IP,203.0.113.223,Research Report,B,86,High,62,UNDER_REVIEW,2026-03-19 01:17:18,2026-04-16 01:17:18,India,"Synthetic defensive cybersecurity observation related to ransomware. This record is for awareness, analysis, and defensive security monitoring.",Exfiltration,Data from Information Repositories,
THR-2026-1531,2026-08-20 20:03:18,Credential Theft Observation,Credential Threat,IP,198.51.100.82,Community Submission,C,90,Medium,57,NEW,2026-08-08 20:03:18,2026-08-23 20:03:18,Australia,"Synthetic defensive cybersecurity observation related to credential threat. This record is for awareness, analysis, and defensive security monitoring.",Persistence,Data from Information Repositories,
THR-2026-1532,2026-08-05 11:00:18,Synthetic Credential Phishing Campaign,Phishing,Domain,secure-login.example.net,Security Vendor,A,91,High,63,UNDER_REVIEW,2026-07-19 11:00:18,2026-08-08 11:00:18,Australia,"Synthetic defensive cybersecurity observation related to phishing. This record is for awareness, analysis, and defensive security monitoring.",Exfiltration,Phishing,
THR-2026-1533,2026-06-06 20:53:18,Potential Data Exposure,Social Engineering,Domain,account-verify.example.com,Internal SOC,A,46,High,74,MONITORING,2026-05-14 20:53:18,2026-06-06 20:53:18,United States,"Synthetic defensive cybersecurity observation related to social engineering. This record is for awareness, analysis, and defensive security monitoring.",Command and Control,Application Layer Protocol,
THR-2026-1534,2026-09-20 11:23:18,Suspicious Web Activity,Social Engineering,CVE,CVE-2022-13678,Security Vendor,A,74,High,69,MONITORING,2026-08-22 11:23:18,2026-09-20 11:23:18,Australia,"Synthetic defensive cybersecurity observation related to social engineering. This record is for awareness, analysis, and defensive security monitoring.",,,CVE-2022-47945
THR-2026-1535,2026-06-07 08:03:18,Account Security Event,Web Threat,SHA-256,e2bb13c5230440b41d07126df162a63e602d9d3d32b442b879e644686353acd3,Research Report,B,31,Medium,57,CLOSED,2026-05-19 08:03:18,2026-06-12 08:03:18,India,"Synthetic defensive cybersecurity observation related to web threat. This record is for awareness, analysis, and defensive security monitoring.",Credential Access,User Execution,
THR-2026-1536,2026-09-24 16:12:18,Credential Theft Observation,Account Security,SHA-256,7219c29100f16909c2b971a4b55d4b88b18803a4d1504d24c229a5d63eeee07f,Research Report,B,76,High,64,MONITORING,2026-09-01 16:12:18,2026-09-29 16:12:18,Global,"Synthetic defensive cybersecurity observation related to account security. This record is for awareness, analysis, and defensive security monitoring.",Persistence,Phishing,
THR-2026-1537,2026-04-15 23:08:18,Account Security Event,Phishing,Email/Sender Domain,alerts@security-alert.example.com,Security Vendor,A,44,Medium,60,UNDER_REVIEW,2026-03-24 23:08:18,2026-04-17 23:08:18,Global,"Synthetic defensive cybersecurity observation related to phishing. This record is for awareness, analysis, and defensive security monitoring.",Initial Access,Network Service Scanning,
THR-2026-1538,2026-06-04 14:36:18,Account Security Event,Malware,URL,https://login-check.invalid/verify,Internal SOC,A,26,Medium,46,MONITORING,2026-05-22 14:36:18,2026-06-04 14:36:18,India,"Synthetic defensive cybersecurity observation related to malware. This record is for awareness, analysis, and defensive security monitoring.",Command and Control,Application Layer Protocol,
THR-2026-1539,2026-09-27 07:26:18,Suspicious Web Activity,Malware,IP,198.51.100.233,Community Submission,C,44,Medium,43,MONITORING,2026-09-16 07:26:18,2026-10-01 07:26:18,Singapore,"Synthetic defensive cybersecurity observation related to malware. This record is for awareness, analysis, and defensive security monitoring.",Credential Access,Data from Information Repositories,
THR-2026-1540,2026-07-05 19:54:18,Account Security Event,Data Exposure,Domain,update-service.example.net,Security Vendor,A,61,High,63,FALSE_POSITIVE,2026-07-03 19:54:18,2026-07-09 19:54:18,India,"Synthetic defensive cybersecurity observation related to data exposure. This record is for awareness, analysis, and defensive security monitoring.",,,
THR-2026-1541,2026-07-24 13:58:18,Suspicious Malware Indicator,Web Threat,SHA-256,f3c836348cc75edefce3aa9ac4a30e397266c6933c59ef159d528c6b43403663,Internal SOC,A,89,High,74,UNDER_REVIEW,2026-07-17 13:58:18,2026-07-25 13:58:18,Global,"Synthetic defensive cybersecurity observation related to web threat. This record is for awareness, analysis, and defensive security monitoring.",Command and Control,Credential Phishing,
THR-2026-1542,2026-07-12 02:57:18,Ransomware Activity Pattern,Vulnerability Exposure,URL,https://account-verify.invalid/verify,Security Vendor,A,91,Medium,59,NEW,2026-06-14 02:57:18,2026-07-16 02:57:18,Global,"Synthetic defensive cybersecurity observation related to vulnerability exposure. This record is for awareness, analysis, and defensive security monitoring.",Initial Access,Application Layer Protocol,CVE-2024-44896
THR-2026-1543,2026-10-01 01:46:18,Suspicious Web Activity,Ransomware,IP,192.0.2.211,Community Submission,C,31,Medium,58,UNDER_REVIEW,2026-09-13 01:46:18,2026-10-01 01:46:18,Germany,"Synthetic defensive cybersecurity observation related to ransomware. This record is for awareness, analysis, and defensive security monitoring.",Initial Access,Credential Phishing,
THR-2026-1544,2026-04-21 05:27:18,Synthetic Credential Phishing Campaign,Credential Threat,CVE,CVE-2026-3471,Security Vendor,A,50,Medium,51,FALSE_POSITIVE,2026-04-02 05:27:18,2026-04-26 05:27:18,India,"Synthetic defensive cybersecurity observation related to credential threat. This record is for awareness, analysis, and defensive security monitoring.",Discovery,Data from Information Repositories,CVE-2021-4815
THR-2026-1545,2026-07-17 18:49:18,Credential Theft Observation,Account Security,Email/Sender Domain,alerts@account-verify.example.org,Unknown Source,D,95,High,64,NEW,2026-07-12 18:49:18,2026-07-21 18:49:18,United Kingdom,"Synthetic defensive cybersecurity observation related to account security. This record is for awareness, analysis, and defensive security monitoring.",Discovery,Network Service Scanning,
THR-2026-1546,2026-04-25 21:25:18,Vulnerability Exposure,Ransomware,Email/Sender Domain,alerts@security-alert.invalid,Security Vendor,A,54,High,61,FALSE_POSITIVE,2026-04-12 21:25:18,2026-04-25 21:25:18,Global,"Synthetic defensive cybersecurity observation related to ransomware. This record is for awareness, analysis, and defensive security monitoring.",Exfiltration,Phishing,
THR-2026-1547,2026-07-19 20:54:18,Network Threat Observation,Ransomware,Domain,identity-check.example.com,Research Report,B,79,High,72,NEW,2026-06-27 20:54:18,2026-07-21 20:54:18,Global,"Synthetic defensive cybersecurity observation related to ransomware. This record is for awareness, analysis, and defensive security monitoring.",Exfiltration,Phishing,
THR-2026-1548,2026-06-16 19:52:18,Suspicious Web Activity,Phishing,URL,https://security-alert.invalid/verify,Research Report,B,52,High,67,FALSE_POSITIVE,2026-06-10 19:52:18,2026-06-20 19:52:18,Singapore,"Synthetic defensive cybersecurity observation related to phishing. This record is for awareness, analysis, and defensive security monitoring.",Initial Access,Application Layer Protocol,
THR-2026-1549,2026-04-23 11:03:18,Vulnerability Exposure,Web Threat,Domain,update-service.invalid,Research Report,B,54,High,69,FALSE_POSITIVE,2026-03-31 11:03:18,2026-04-23 11:03:18,Germany,"Synthetic defensive cybersecurity observation related to web threat. This record is for awareness, analysis, and defensive security monitoring.",Credential Access,Credential Phishing,
THR-2026-1550,2026-05-23 14:09:18,Ransomware Activity Pattern,Ransomware,CVE,CVE-2024-27313,Internal SOC,A,52,High,66,UNDER_REVIEW,2026-05-12 14:09:18,2026-05-23 14:09:18,Singapore,"Synthetic defensive cybersecurity observation related to ransomware. This record is for awareness, analysis, and defensive security monitoring.",Execution,Valid Accounts,CVE-2024-58612
THR-2026-1551,2026-04-08 13:39:18,Network Threat Observation,Vulnerability Exposure,SHA-256,df3629cbe9cd85b2c9299eff75f68746387f106870bfc6e1892e6ccf8b45d50b,Research Report,B,90,High,73,UNDER_REVIEW,2026-03-25 13:39:18,2026-04-13 13:39:18,Singapore,"Synthetic defensive cybersecurity observation related to vulnerability exposure. This record is for awareness, analysis, and defensive security monitoring.",,,CVE-2024-54544
THR-2026-1552,2026-05-09 17:36:18,Network Threat Observation,Account Security,CVE,CVE-2025-32235,Community Submission,C,93,High,78,CLOSED,2026-04-14 17:36:18,2026-05-11 17:36:18,Germany,"Synthetic defensive cybersecurity observation related to account security. This record is for awareness, analysis, and defensive security monitoring.",Execution,Credential Phishing,CVE-2022-22198
THR-2026-1553,2026-05-16 00:04:18,Suspicious Malware Indicator,Network Threat,Email/Sender Domain,alerts@identity-check.example.org,Public Threat Feed,B,73,High,64,NEW,2026-04-29 00:04:18,2026-05-16 00:04:18,Global,"Synthetic defensive cybersecurity observation related to network threat. This record is for awareness, analysis, and defensive security monitoring.",,,
THR-2026-1554,2026-08-17 17:47:18,Network Threat Observation,Social Engineering,IP,198.51.100.90,Community Submission,C,74,Critical,81,NEW,2026-07-18 17:47:18,2026-08-18 17:47:18,Singapore,"Synthetic defensive cybersecurity observation related to social engineering. This record is for awareness, analysis, and defensive security monitoring.",Discovery,Credential Phishing,
THR-2026-1555,2026-04-22 00:02:18,Account Security Event,Malware,CVE,CVE-2026-42851,Unknown Source,D,64,Medium,49,UNDER_REVIEW,2026-04-21 00:02:18,2026-04-22 00:02:18,Singapore,"Synthetic defensive cybersecurity observation related to malware. This record is for awareness, analysis, and defensive security monitoring.",Credential Access,Network Service Scanning,CVE-2023-18679
THR-2026-1556,2026-08-29 17:39:18,Ransomware Activity Pattern,Social Engineering,URL,https://account-verify.invalid/verify,Internal SOC,A,31,Medium,57,NEW,2026-08-29 17:39:18,2026-08-29 17:39:18,Australia,"Synthetic defensive cybersecurity observation related to social engineering. This record is for awareness, analysis, and defensive security monitoring.",Discovery,Credential Phishing,
THR-2026-1557,2026-07-09 07:40:18,Credential Theft Observation,Phishing,SHA-256,980c589aa1befbb5bb73c0baaa7168ef92196dd2cb6b2c0fb969756b8ef604c9,Security Vendor,A,98,High,71,FALSE_POSITIVE,2026-07-04 07:40:18,2026-07-10 07:40:18,India,"Synthetic defensive cybersecurity observation related to phishing. This record is for awareness, analysis, and defensive security monitoring.",Credential Access,Valid Accounts,
THR-2026-1558,2026-07-31 05:54:18,Suspicious Web Activity,Phishing,IP,203.0.113.207,Unknown Source,D,88,High,69,FALSE_POSITIVE,2026-07-19 05:54:18,2026-08-05 05:54:18,Germany,"Synthetic defensive cybersecurity observation related to phishing. This record is for awareness, analysis, and defensive security monitoring.",Persistence,Valid Accounts,
THR-2026-1559,2026-04-24 03:32:18,Social Engineering Attempt,Social Engineering,CVE,CVE-2023-4257,Community Submission,C,28,Medium,58,CLOSED,2026-04-12 03:32:18,2026-04-29 03:32:18,Singapore,"Synthetic defensive cybersecurity observation related to social engineering. This record is for awareness, analysis, and defensive security monitoring.",Credential Access,Data from Information Repositories,CVE-2024-45452
THR-2026-1560,2026-07-12 12:47:18,Potential Data Exposure,Credential Threat,URL,https://secure-login.example.net/verify,Unknown Source,D,57,High,69,MONITORING,2026-07-04 12:47:18,2026-07-15 12:47:18,Global,"Synthetic defensive cybersecurity observation related to credential threat. This record is for awareness, analysis, and defensive security monitoring.",Discovery,Valid Accounts,
THR-2026-1561,2026-04-20 18:24:18,Credential Theft Observation,Web Threat,Email/Sender Domain,alerts@update-service.example.net,Research Report,B,62,Medium,54,MONITORING,2026-03-31 18:24:18,2026-04-21 18:24:18,Singapore,"Synthetic defensive cybersecurity observation related to web threat. This record is for awareness, analysis, and defensive security monitoring.",Persistence,Valid Accounts,
THR-2026-1562,2026-10-03 18:54:18,Vulnerability Exposure,Ransomware,IP,203.0.113.144,Security Vendor,A,83,Critical,82,UNDER_REVIEW,2026-09-14 18:54:18,2026-10-05 18:54:18,Australia,"Synthetic defensive cybersecurity observation related to ransomware. This record is for awareness, analysis, and defensive security monitoring.",,,
THR-2026-1563,2026-09-27 00:50:18,Synthetic Credential Phishing Campaign,Web Threat,URL,https://account-verify.invalid/verify,Public Threat Feed,B,80,High,71,FALSE_POSITIVE,2026-09-03 00:50:18,2026-10-02 00:50:18,United States,"Synthetic defensive cybersecurity observation related to web threat. This record is for awareness, analysis, and defensive security monitoring.",Discovery,User Execution,
THR-2026-1564,2026-08-21 16:03:18,Social Engineering Attempt,Vulnerability Exposure,SHA-256,ef9f3e49d432fa35233b71aef4a6a7e2a8b8fe52b136d63ed03f902d5cadcfdb,Internal SOC,A,26,Low,39,FALSE_POSITIVE,2026-08-15 16:03:18,2026-08-25 16:03:18,United Kingdom,"Synthetic defensive cybersecurity observation related to vulnerability exposure. This record is for awareness, analysis, and defensive security monitoring.",Persistence,Application Layer Protocol,CVE-2024-15894
THR-2026-1565,2026-09-18 22:43:18,Ransomware Activity Pattern,Network Threat,CVE,CVE-2026-46691,Public Threat Feed,B,25,Medium,58,NEW,2026-09-08 22:43:18,2026-09-22 22:43:18,United Kingdom,"Synthetic defensive cybersecurity observation related to network threat. This record is for awareness, analysis, and defensive security monitoring.",,,CVE-2021-45340
THR-2026-1566,2026-08-08 09:43:18,Credential Theft Observation,Network Threat,IP,192.0.2.193,Community Submission,C,96,High,71,CLOSED,2026-07-10 09:43:18,2026-08-11 09:43:18,Singapore,"Synthetic defensive cybersecurity observation related to network threat. This record is for awareness, analysis, and defensive security monitoring.",Exfiltration,Data from Information Repositories,
THR-2026-1567,2026-05-11 11:34:18,Social Engineering Attempt,Network Threat,Domain,cloud-security.example.org,Research Report,B,37,Low,40,UNDER_REVIEW,2026-04-14 11:34:18,2026-05-12 11:34:18,Singapore,"Synthetic defensive cybersecurity observation related to network threat. This record is for awareness, analysis, and defensive security monitoring.",Credential Access,Data from Information Repositories,
THR-2026-1568,2026-06-01 04:18:18,Network Threat Observation,Vulnerability Exposure,Domain,login-check.example.org,Unknown Source,D,69,High,63,CLOSED,2026-05-26 04:18:18,2026-06-05 04:18:18,India,"Synthetic defensive cybersecurity observation related to vulnerability exposure. This record is for awareness, analysis, and defensive security monitoring.",Exfiltration,Network Service Scanning,CVE-2023-20172
THR-2026-1569,2026-07-09 00:31:18,Synthetic Credential Phishing Campaign,Malware,Email/Sender Domain,alerts@cloud-security.example.net,Security Vendor,A,37,Medium,53,UNDER_REVIEW,2026-06-15 00:31:18,2026-07-14 00:31:18,Germany,"Synthetic defensive cybersecurity observation related to malware. This record is for awareness, analysis, and defensive security monitoring.",Execution,Network Service Scanning,
THR-2026-1570,2026-08-31 09:09:18,Ransomware Activity Pattern,Malware,SHA-256,6955be1608d887602bf1c11c3a0953e591e0dfa2689c0ca5c47552814a560432,Public Threat Feed,B,56,Medium,54,MONITORING,2026-08-21 09:09:18,2026-09-03 09:09:18,India,"Synthetic defensive cybersecurity observation related to malware. This record is for awareness, analysis, and defensive security monitoring.",Execution,Data from Information Repositories,
THR-2026-1571,2026-06-27 06:51:18,Account Security Event,Vulnerability Exposure,IP,198.51.100.62,Internal SOC,A,92,High,78,NEW,2026-06-09 06:51:18,2026-07-01 06:51:18,Global,"Synthetic defensive cybersecurity observation related to vulnerability exposure. This record is for awareness, analysis, and defensive security monitoring.",Exfiltration,Valid Accounts,CVE-2022-6494
THR-2026-1572,2026-07-18 01:49:18,Account Security Event,Account Security,Email/Sender Domain,alerts@secure-login.example.com,Unknown Source,D,34,Medium,55,UNDER_REVIEW,2026-06-26 01:49:18,2026-07-20 01:49:18,Australia,"Synthetic defensive cybersecurity observation related to account security. This record is for awareness, analysis, and defensive security monitoring.",Command and Control,Application Layer Protocol,
THR-2026-1573,2026-07-26 03:59:18,Potential Data Exposure,Vulnerability Exposure,SHA-256,551bd068276a871c57ab8c7bd7047e927cf532fdccb24560daa42dd3e393c41c,Community Submission,C,37,Medium,58,NEW,2026-07-02 03:59:18,2026-07-30 03:59:18,Australia,"Synthetic defensive cybersecurity observation related to vulnerability exposure. This record is for awareness, analysis, and defensive security monitoring.",Persistence,Application Layer Protocol,CVE-2021-21222
THR-2026-1574,2026-04-15 07:16:18,Suspicious Web Activity,Ransomware,IP,192.0.2.121,Security Vendor,A,56,Medium,46,MONITORING,2026-04-10 07:16:18,2026-04-20 07:16:18,Global,"Synthetic defensive cybersecurity observation related to ransomware. This record is for awareness, analysis, and defensive security monitoring.",,,
THR-2026-1575,2026-07-13 02:14:18,Credential Theft Observation,Network Threat,SHA-256,62e8950bb906cdc26f01b5b4ca9e530454603fcad2debb49c9997994cfc8dff3,Public Threat Feed,B,48,Medium,56,FALSE_POSITIVE,2026-07-13 02:14:18,2026-07-18 02:14:18,Global,"Synthetic defensive cybersecurity observation related to network threat. This record is for awareness, analysis, and defensive security monitoring.",Command and Control,Valid Accounts,
THR-2026-1576,2026-04-12 14:57:18,Suspicious Malware Indicator,Web Threat,Domain,identity-check.invalid,Community Submission,C,72,Medium,56,MONITORING,2026-04-07 14:57:18,2026-04-17 14:57:18,India,"Synthetic defensive cybersecurity observation related to web threat. This record is for awareness, analysis, and defensive security monitoring.",Credential Access,Valid Accounts,
THR-2026-1577,2026-09-18 21:38:18,Vulnerability Exposure,Account Security,IP,192.0.2.176,Community Submission,C,84,High,78,FALSE_POSITIVE,2026-08-22 21:38:18,2026-09-19 21:38:18,India,"Synthetic defensive cybersecurity observation related to account security. This record is for awareness, analysis, and defensive security monitoring.",,,
THR-2026-1578,2026-09-09 17:16:18,Credential Theft Observation,Phishing,CVE,CVE-2026-31179,Community Submission,C,54,High,69,CLOSED,2026-09-02 17:16:18,2026-09-12 17:16:18,Global,"Synthetic defensive cybersecurity observation related to phishing. This record is for awareness, analysis, and defensive security monitoring.",Credential Access,Phishing,CVE-2023-30009
THR-2026-1579,2026-06-13 15:33:18,Suspicious Malware Indicator,Phishing,URL,https://account-verify.example.com/verify,Unknown Source,D,90,Medium,59,NEW,2026-06-02 15:33:18,2026-06-17 15:33:18,United Kingdom,"Synthetic defensive cybersecurity observation related to phishing. This record is for awareness, analysis, and defensive security monitoring.",Persistence,User Execution,
THR-2026-1580,2026-05-25 04:16:18,Credential Theft Observation,Phishing,IP,203.0.113.241,Community Submission,C,47,Medium,60,MONITORING,2026-05-10 04:16:18,2026-05-29 04:16:18,Australia,"Synthetic defensive cybersecurity observation related to phishing. This record is for awareness, analysis, and defensive security monitoring.",,,
THR-2026-1581,2026-09-23 04:10:18,Credential Theft Observation,Network Threat,IP,198.51.100.105,Public Threat Feed,B,65,Medium,55,CLOSED,2026-08-30 04:10:18,2026-09-23 04:10:18,Australia,"Synthetic defensive cybersecurity observation related to network threat. This record is for awareness, analysis, and defensive security monitoring.",,,
THR-2026-1582,2026-05-19 19:45:18,Ransomware Activity Pattern,Network Threat,URL,https://update-service.example.com/verify,Security Vendor,A,93,High,75,NEW,2026-05-18 19:45:18,2026-05-19 19:45:18,India,"Synthetic defensive cybersecurity observation related to network threat. This record is for awareness, analysis, and defensive security monitoring.",Exfiltration,Data from Information Repositories,
THR-2026-1583,2026-07-18 06:42:18,Potential Data Exposure,Network Threat,IP,192.0.2.93,Security Vendor,A,60,Medium,56,UNDER_REVIEW,2026-07-18 06:42:18,2026-07-18 06:42:18,United States,"Synthetic defensive cybersecurity observation related to network threat. This record is for awareness, analysis, and defensive security monitoring.",Initial Access,Data from Information Repositories,
THR-2026-1584,2026-04-24 22:37:18,Suspicious Malware Indicator,Data Exposure,CVE,CVE-2026-46967,Security Vendor,A,34,Medium,48,CLOSED,2026-04-11 22:37:18,2026-04-24 22:37:18,United States,"Synthetic defensive cybersecurity observation related to data exposure. This record is for awareness, analysis, and defensive security monitoring.",Command and Control,Credential Phishing,CVE-2026-44749
THR-2026-1585,2026-06-17 20:40:18,Suspicious Malware Indicator,Account Security,IP,198.51.100.179,Internal SOC,A,90,High,71,NEW,2026-06-16 20:40:18,2026-06-17 20:40:18,Global,"Synthetic defensive cybersecurity observation related to account security. This record is for awareness, analysis, and defensive security monitoring.",Initial Access,Credential Phishing,
THR-2026-1586,2026-04-20 14:17:18,Credential Theft Observation,Phishing,SHA-256,4b5aa1ab5b37049737e78609976b495669c1d7b16c0625a5768ab995bb8b0adb,Public Threat Feed,B,55,Medium,48,NEW,2026-03-25 14:17:18,2026-04-24 14:17:18,Singapore,"Synthetic defensive cybersecurity observation related to phishing. This record is for awareness, analysis, and defensive security monitoring.",,,
THR-2026-1587,2026-07-05 02:52:18,Account Security Event,Network Threat,IP,198.51.100.89,Community Submission,C,35,High,63,MONITORING,2026-06-24 02:52:18,2026-07-08 02:52:18,Germany,"Synthetic defensive cybersecurity observation related to network threat. This record is for awareness, analysis, and defensive security monitoring.",Exfiltration,Phishing,
THR-2026-1588,2026-04-13 08:07:18,Ransomware Activity Pattern,Account Security,Domain,cloud-security.example.net,Community Submission,C,88,High,63,UNDER_REVIEW,2026-03-20 08:07:18,2026-04-18 08:07:18,Singapore,"Synthetic defensive cybersecurity observation related to account security. This record is for awareness, analysis, and defensive security monitoring.",Persistence,Credential Phishing,
THR-2026-1589,2026-09-29 00:28:18,Potential Data Exposure,Malware,Domain,cloud-security.example.net,Research Report,B,73,High,75,MONITORING,2026-09-14 00:28:18,2026-09-30 00:28:18,Global,"Synthetic defensive cybersecurity observation related to malware. This record is for awareness, analysis, and defensive security monitoring.",,,
THR-2026-1590,2026-09-18 02:32:18,Vulnerability Exposure,Phishing,Domain,security-alert.example.com,Research Report,B,52,High,69,NEW,2026-08-24 02:32:18,2026-09-21 02:32:18,United Kingdom,"Synthetic defensive cybersecurity observation related to phishing. This record is for awareness, analysis, and defensive security monitoring.",,,
THR-2026-1591,2026-08-21 15:09:18,Credential Theft Observation,Malware,IP,192.0.2.154,Security Vendor,A,78,High,73,CLOSED,2026-08-18 15:09:18,2026-08-23 15:09:18,Singapore,"Synthetic defensive cybersecurity observation related to malware. This record is for awareness, analysis, and defensive security monitoring.",Command and Control,Credential Phishing,
THR-2026-1592,2026-06-30 18:15:18,Synthetic Credential Phishing Campaign,Credential Threat,SHA-256,f82c34703b428cb0bdd5a3f7e8247d8842a5bd31c3a3603c5ea3e86ee32cf996,Community Submission,C,28,Medium,54,CLOSED,2026-06-18 18:15:18,2026-07-04 18:15:18,Singapore,"Synthetic defensive cybersecurity observation related to credential threat. This record is for awareness, analysis, and defensive security monitoring.",Discovery,Data from Information Repositories,
THR-2026-1593,2026-04-24 04:26:18,Network Threat Observation,Credential Threat,IP,203.0.113.250,Unknown Source,D,94,High,61,UNDER_REVIEW,2026-04-01 04:26:18,2026-04-25 04:26:18,Australia,"Synthetic defensive cybersecurity observation related to credential threat. This record is for awareness, analysis, and defensive security monitoring.",Execution,Data from Information Repositories,
THR-2026-1594,2026-05-05 04:34:18,Ransomware Activity Pattern,Account Security,IP,203.0.113.25,Public Threat Feed,B,46,Medium,60,NEW,2026-05-03 04:34:18,2026-05-05 04:34:18,Singapore,"Synthetic defensive cybersecurity observation related to account security. This record is for awareness, analysis, and defensive security monitoring.",,,
THR-2026-1595,2026-08-17 11:46:18,Vulnerability Exposure,Social Engineering,Domain,identity-check.invalid,Research Report,B,45,Medium,49,CLOSED,2026-07-31 11:46:18,2026-08-17 11:46:18,United Kingdom,"Synthetic defensive cybersecurity observation related to social engineering. This record is for awareness, analysis, and defensive security monitoring.",Command and Control,Credential Phishing,
THR-2026-1596,2026-06-05 02:14:18,Network Threat Observation,Data Exposure,Email/Sender Domain,alerts@security-alert.example.com,Community Submission,C,91,Critical,81,NEW,2026-05-17 02:14:18,2026-06-08 02:14:18,Germany,"Synthetic defensive cybersecurity observation related to data exposure. This record is for awareness, analysis, and defensive security monitoring.",Initial Access,Phishing,
THR-2026-1597,2026-05-16 16:17:18,Social Engineering Attempt,Web Threat,Email/Sender Domain,alerts@security-alert.example.org,Internal SOC,A,67,High,72,CLOSED,2026-04-25 16:17:18,2026-05-16 16:17:18,Global,"Synthetic defensive cybersecurity observation related to web threat. This record is for awareness, analysis, and defensive security monitoring.",Execution,Phishing,
THR-2026-1598,2026-06-13 06:04:18,Vulnerability Exposure,Vulnerability Exposure,Domain,security-alert.example.net,Internal SOC,A,46,High,66,FALSE_POSITIVE,2026-05-17 06:04:18,2026-06-16 06:04:18,Singapore,"Synthetic defensive cybersecurity observation related to vulnerability exposure. This record is for awareness, analysis, and defensive security monitoring.",Initial Access,Phishing,CVE-2023-40898
THR-2026-1599,2026-04-10 10:44:18,Social Engineering Attempt,Account Security,Domain,login-check.example.net,Unknown Source,D,31,High,63,CLOSED,2026-03-17 10:44:18,2026-04-11 10:44:18,United Kingdom,"Synthetic defensive cybersecurity observation related to account security. This record is for awareness, analysis, and defensive security monitoring.",Execution,Data from Information Repositories,
THR-2026-1600,2026-09-15 20:12:18,Synthetic Credential Phishing Campaign,Ransomware,IP,192.0.2.80,Public Threat Feed,B,49,Medium,55,FALSE_POSITIVE,2026-08-19 20:12:18,2026-09-19 20:12:18,Global,"Synthetic defensive cybersecurity observation related to ransomware. This record is for awareness, analysis, and defensive security monitoring.",Initial Access,Valid Accounts,
THR-2026-1601,2026-07-11 19:37:18,Account Security Event,Social Engineering,CVE,CVE-2025-36924,Research Report,B,70,Medium,59,NEW,2026-07-01 19:37:18,2026-07-16 19:37:18,United States,"Synthetic defensive cybersecurity observation related to social engineering. This record is for awareness, analysis, and defensive security monitoring.",Credential Access,Data from Information Repositories,CVE-2022-45569
THR-2026-1602,2026-09-07 21:00:18,Potential Data Exposure,Web Threat,CVE,CVE-2021-42245,Community Submission,C,44,Medium,55,MONITORING,2026-08-30 21:00:18,2026-09-07 21:00:18,Global,"Synthetic defensive cybersecurity observation related to web threat. This record is for awareness, analysis, and defensive security monitoring.",Credential Access,Data from Information Repositories,CVE-2022-22146
THR-2026-1603,2026-06-24 10:44:18,Network Threat Observation,Vulnerability Exposure,Domain,account-verify.invalid,Research Report,B,38,High,69,UNDER_REVIEW,2026-06-02 10:44:18,2026-06-28 10:44:18,Australia,"Synthetic defensive cybersecurity observation related to vulnerability exposure. This record is for awareness, analysis, and defensive security monitoring.",,,CVE-2025-18112
THR-2026-1604,2026-05-04 04:51:18,Network Threat Observation,Data Exposure,URL,https://cloud-security.invalid/verify,Community Submission,C,37,Medium,48,FALSE_POSITIVE,2026-04-06 04:51:18,2026-05-07 04:51:18,Germany,"Synthetic defensive cybersecurity observation related to data exposure. This record is for awareness, analysis, and defensive security monitoring.",Command and Control,Application Layer Protocol,
THR-2026-1605,2026-09-26 18:04:18,Social Engineering Attempt,Web Threat,URL,https://update-service.example.com/verify,Security Vendor,A,93,High,79,MONITORING,2026-09-07 18:04:18,2026-09-30 18:04:18,Australia,"Synthetic defensive cybersecurity observation related to web threat. This record is for awareness, analysis, and defensive security monitoring.",Exfiltration,Phishing,
THR-2026-1606,2026-06-07 04:52:18,Social Engineering Attempt,Vulnerability Exposure,SHA-256,0ad1056c3e6ef005d25ff61cfbf788c73ab07168a304be16f2c6b54f811f4198,Internal SOC,A,33,High,65,UNDER_REVIEW,2026-05-25 04:52:18,2026-06-10 04:52:18,Australia,"Synthetic defensive cybersecurity observation related to vulnerability exposure. This record is for awareness, analysis, and defensive security monitoring.",Persistence,Phishing,CVE-2022-8931
THR-2026-1607,2026-09-10 13:12:18,Synthetic Credential Phishing Campaign,Ransomware,URL,https://update-service.example.com/verify,Security Vendor,A,46,Medium,49,UNDER_REVIEW,2026-08-25 13:12:18,2026-09-15 13:12:18,Australia,"Synthetic defensive cybersecurity observation related to ransomware. This record is for awareness, analysis, and defensive security monitoring.",Execution,Credential Phishing,
THR-2026-1608,2026-07-23 03:41:18,Synthetic Credential Phishing Campaign,Network Threat,URL,https://security-alert.example.org/verify,Public Threat Feed,B,37,High,72,UNDER_REVIEW,2026-07-14 03:41:18,2026-07-27 03:41:18,Global,"Synthetic defensive cybersecurity observation related to network threat. This record is for awareness, analysis, and defensive security monitoring.",,,
THR-2026-1609,2026-09-04 14:04:18,Network Threat Observation,Network Threat,IP,198.51.100.254,Unknown Source,D,64,High,65,MONITORING,2026-08-19 14:04:18,2026-09-07 14:04:18,India,"Synthetic defensive cybersecurity observation related to network threat. This record is for awareness, analysis, and defensive security monitoring.",,,
THR-2026-1610,2026-05-19 16:06:18,Suspicious Web Activity,Account Security,Email/Sender Domain,alerts@cloud-security.example.com,Research Report,B,64,High,63,MONITORING,2026-05-17 16:06:18,2026-05-20 16:06:18,Global,"Synthetic defensive cybersecurity observation related to account security. This record is for awareness, analysis, and defensive security monitoring.",,,
THR-2026-1611,2026-04-18 09:50:18,Account Security Event,Network Threat,IP,198.51.100.47,Public Threat Feed,B,32,Medium,55,FALSE_POSITIVE,2026-03-29 09:50:18,2026-04-19 09:50:18,Singapore,"Synthetic defensive cybersecurity observation related to network threat. This record is for awareness, analysis, and defensive security monitoring.",Execution,Phishing,
THR-2026-1612,2026-05-05 06:02:18,Potential Data Exposure,Ransomware,Domain,update-service.invalid,Public Threat Feed,B,73,High,68,FALSE_POSITIVE,2026-04-30 06:02:18,2026-05-09 06:02:18,United Kingdom,"Synthetic defensive cybersecurity observation related to ransomware. This record is for awareness, analysis, and defensive security monitoring.",,,
THR-2026-1613,2026-04-29 04:01:18,Ransomware Activity Pattern,Malware,IP,198.51.100.1,Security Vendor,A,94,High,74,CLOSED,2026-04-04 04:01:18,2026-05-01 04:01:18,Germany,"Synthetic defensive cybersecurity observation related to malware. This record is for awareness, analysis, and defensive security monitoring.",Command and Control,Valid Accounts,
THR-2026-1614,2026-04-15 19:17:18,Suspicious Malware Indicator,Data Exposure,CVE,CVE-2026-35525,Security Vendor,A,77,Medium,54,CLOSED,2026-03-27 19:17:18,2026-04-16 19:17:18,Germany,"Synthetic defensive cybersecurity observation related to data exposure. This record is for awareness, analysis, and defensive security monitoring.",Discovery,User Execution,CVE-2024-25309
THR-2026-1615,2026-08-02 12:16:18,Potential Data Exposure,Phishing,Email/Sender Domain,alerts@account-verify.example.org,Community Submission,C,71,High,63,NEW,2026-07-28 12:16:18,2026-08-05 12:16:18,Germany,"Synthetic defensive cybersecurity observation related to phishing. This record is for awareness, analysis, and defensive security monitoring.",Persistence,Valid Accounts,
THR-2026-1616,2026-04-29 00:13:18,Credential Theft Observation,Network Threat,IP,203.0.113.110,Unknown Source,D,69,High,73,FALSE_POSITIVE,2026-04-21 00:13:18,2026-05-02 00:13:18,Global,"Synthetic defensive cybersecurity observation related to network threat. This record is for awareness, analysis, and defensive security monitoring.",Credential Access,User Execution,
THR-2026-1617,2026-09-24 03:22:18,Synthetic Credential Phishing Campaign,Network Threat,Domain,cloud-security.example.org,Community Submission,C,37,Medium,59,MONITORING,2026-09-21 03:22:18,2026-09-28 03:22:18,United States,"Synthetic defensive cybersecurity observation related to network threat. This record is for awareness, analysis, and defensive security monitoring.",,,
THR-2026-1618,2026-04-22 23:09:18,Account Security Event,Data Exposure,Email/Sender Domain,alerts@secure-login.example.org,Research Report,B,52,High,77,CLOSED,2026-04-10 23:09:18,2026-04-26 23:09:18,India,"Synthetic defensive cybersecurity observation related to data exposure. This record is for awareness, analysis, and defensive security monitoring.",Credential Access,Application Layer Protocol,
THR-2026-1619,2026-09-14 03:12:18,Credential Theft Observation,Malware,SHA-256,da688c9023779895124817fd2658d6568ec0f049a108c0faa98bc6a02d75cc69,Internal SOC,A,27,High,61,MONITORING,2026-08-31 03:12:18,2026-09-14 03:12:18,Global,"Synthetic defensive cybersecurity observation related to malware. This record is for awareness, analysis, and defensive security monitoring.",,,
THR-2026-1620,2026-07-14 11:10:18,Vulnerability Exposure,Social Engineering,IP,192.0.2.176,Community Submission,C,86,High,71,NEW,2026-07-04 11:10:18,2026-07-14 11:10:18,Germany,"Synthetic defensive cybersecurity observation related to social engineering. This record is for awareness, analysis, and defensive security monitoring.",Credential Access,Application Layer Protocol,
THR-2026-1621,2026-07-02 15:55:18,Synthetic Credential Phishing Campaign,Web Threat,URL,https://account-verify.example.org/verify,Community Submission,C,48,High,61,NEW,2026-06-12 15:55:18,2026-07-05 15:55:18,Australia,"Synthetic defensive cybersecurity observation related to web threat. This record is for awareness, analysis, and defensive security monitoring.",Persistence,Data from Information Repositories,
THR-2026-1622,2026-07-18 10:43:18,Potential Data Exposure,Vulnerability Exposure,SHA-256,6359c2075f7fbf2061ca530476d37116dda2cd3f2bbbb98be467ba290bbbad83,Unknown Source,D,98,Critical,85,NEW,2026-06-22 10:43:18,2026-07-23 10:43:18,Germany,"Synthetic defensive cybersecurity observation related to vulnerability exposure. This record is for awareness, analysis, and defensive security monitoring.",Exfiltration,Application Layer Protocol,CVE-2022-53127
THR-2026-1623,2026-09-27 07:30:18,Social Engineering Attempt,Data Exposure,Email/Sender Domain,alerts@update-service.example.com,Security Vendor,A,67,Medium,56,CLOSED,2026-09-26 07:30:18,2026-10-02 07:30:18,Global,"Synthetic defensive cybersecurity observation related to data exposure. This record is for awareness, analysis, and defensive security monitoring.",Exfiltration,User Execution,
THR-2026-1624,2026-06-22 17:56:18,Potential Data Exposure,Data Exposure,IP,198.51.100.57,Research Report,B,56,High,66,NEW,2026-06-21 17:56:18,2026-06-27 17:56:18,Australia,"Synthetic defensive cybersecurity observation related to data exposure. This record is for awareness, analysis, and defensive security monitoring.",,,
THR-2026-1625,2026-05-05 01:46:18,Suspicious Web Activity,Malware,IP,203.0.113.236,Unknown Source,D,43,High,67,FALSE_POSITIVE,2026-04-05 01:46:18,2026-05-09 01:46:18,Global,"Synthetic defensive cybersecurity observation related to malware. This record is for awareness, analysis, and defensive security monitoring.",,,
THR-2026-1626,2026-06-06 09:54:18,Synthetic Credential Phishing Campaign,Network Threat,Domain,security-alert.example.net,Public Threat Feed,B,87,Critical,81,UNDER_REVIEW,2026-05-31 09:54:18,2026-06-09 09:54:18,United Kingdom,"Synthetic defensive cybersecurity observation related to network threat. This record is for awareness, analysis, and defensive security monitoring.",Persistence,Application Layer Protocol,
THR-2026-1627,2026-06-30 12:04:18,Suspicious Malware Indicator,Web Threat,Domain,identity-check.example.com,Security Vendor,A,58,High,74,UNDER_REVIEW,2026-06-08 12:04:18,2026-07-01 12:04:18,United States,"Synthetic defensive cybersecurity observation related to web threat. This record is for awareness, analysis, and defensive security monitoring.",,,
THR-2026-1628,2026-09-03 21:32:18,Vulnerability Exposure,Network Threat,SHA-256,a4ec53bbe2ca3abd076e20b7b7a76dea53edc0a0f847ea749edd1d9b65e943d6,Research Report,B,36,Medium,56,CLOSED,2026-08-26 21:32:18,2026-09-05 21:32:18,United States,"Synthetic defensive cybersecurity observation related to network threat. This record is for awareness, analysis, and defensive security monitoring.",Credential Access,Valid Accounts,
THR-2026-1629,2026-05-03 19:59:18,Suspicious Web Activity,Vulnerability Exposure,SHA-256,600c8b244bb27008a77526d3ce2ab3f85f68ddd2684c81e34a37bc389ee895c1,Research Report,B,30,High,69,MONITORING,2026-04-18 19:59:18,2026-05-05 19:59:18,Australia,"Synthetic defensive cybersecurity observation related to vulnerability exposure. This record is for awareness, analysis, and defensive security monitoring.",Execution,User Execution,CVE-2023-41191
THR-2026-1630,2026-08-02 11:03:18,Social Engineering Attempt,Data Exposure,CVE,CVE-2023-2639,Research Report,B,70,High,66,MONITORING,2026-07-08 11:03:18,2026-08-03 11:03:18,Global,"Synthetic defensive cybersecurity observation related to data exposure. This record is for awareness, analysis, and defensive security monitoring.",Execution,Phishing,CVE-2024-37541
THR-2026-1631,2026-08-15 02:46:18,Credential Theft Observation,Social Engineering,SHA-256,4d14331bfb4f056ddbc09012078dacede6f9d5c0d183d1c399093a4393df2d9c,Research Report,B,35,Medium,55,FALSE_POSITIVE,2026-08-13 02:46:18,2026-08-17 02:46:18,Singapore,"Synthetic defensive cybersecurity observation related to social engineering. This record is for awareness, analysis, and defensive security monitoring.",Initial Access,Data from Information Repositories,
THR-2026-1632,2026-06-23 00:26:18,Suspicious Web Activity,Phishing,CVE,CVE-2023-17001,Community Submission,C,98,High,78,FALSE_POSITIVE,2026-06-12 00:26:18,2026-06-28 00:26:18,Global,"Synthetic defensive cybersecurity observation related to phishing. This record is for awareness, analysis, and defensive security monitoring.",,,CVE-2026-20038
THR-2026-1633,2026-04-15 07:25:18,Synthetic Credential Phishing Campaign,Network Threat,CVE,CVE-2021-18054,Unknown Source,D,71,High,64,CLOSED,2026-04-02 07:25:18,2026-04-15 07:25:18,India,"Synthetic defensive cybersecurity observation related to network threat. This record is for awareness, analysis, and defensive security monitoring.",Exfiltration,Network Service Scanning,CVE-2026-50983
THR-2026-1634,2026-06-20 09:46:18,Account Security Event,Malware,IP,203.0.113.103,Community Submission,C,56,Medium,56,MONITORING,2026-06-01 09:46:18,2026-06-25 09:46:18,India,"Synthetic defensive cybersecurity observation related to malware. This record is for awareness, analysis, and defensive security monitoring.",Initial Access,Network Service Scanning,
THR-2026-1635,2026-06-24 22:47:18,Potential Data Exposure,Malware,CVE,CVE-2026-51077,Public Threat Feed,B,89,Critical,81,CLOSED,2026-06-15 22:47:18,2026-06-29 22:47:18,Singapore,"Synthetic defensive cybersecurity observation related to malware. This record is for awareness, analysis, and defensive security monitoring.",Credential Access,Application Layer Protocol,CVE-2024-7095
THR-2026-1636,2026-05-01 11:04:18,Network Threat Observation,Phishing,URL,https://secure-login.example.org/verify,Security Vendor,A,77,High,70,NEW,2026-04-20 11:04:18,2026-05-06 11:04:18,Singapore,"Synthetic defensive cybersecurity observation related to phishing. This record is for awareness, analysis, and defensive security monitoring.",Command and Control,Network Service Scanning,
THR-2026-1637,2026-05-10 13:40:18,Network Threat Observation,Malware,URL,https://account-verify.example.net/verify,Public Threat Feed,B,54,High,62,UNDER_REVIEW,2026-04-25 13:40:18,2026-05-13 13:40:18,Singapore,"Synthetic defensive cybersecurity observation related to malware. This record is for awareness, analysis, and defensive security monitoring.",Discovery,Credential Phishing,
THR-2026-1638,2026-05-21 23:27:18,Credential Theft Observation,Ransomware,Domain,security-alert.invalid,Research Report,B,32,Low,36,MONITORING,2026-05-20 23:27:18,2026-05-23 23:27:18,Germany,"Synthetic defensive cybersecurity observation related to ransomware. This record is for awareness, analysis, and defensive security monitoring.",Command and Control,Application Layer Protocol,
THR-2026-1639,2026-10-05 05:31:18,Ransomware Activity Pattern,Data Exposure,URL,https://identity-check.example.com/verify,Public Threat Feed,B,83,Medium,56,FALSE_POSITIVE,2026-09-16 05:31:18,2026-10-07 05:31:18,Germany,"Synthetic defensive cybersecurity observation related to data exposure. This record is for awareness, analysis, and defensive security monitoring.",,,
THR-2026-1640,2026-05-30 20:32:18,Network Threat Observation,Credential Threat,URL,https://login-check.example.com/verify,Internal SOC,A,93,Critical,86,NEW,2026-05-27 20:32:18,2026-05-31 20:32:18,United States,"Synthetic defensive cybersecurity observation related to credential threat. This record is for awareness, analysis, and defensive security monitoring.",Persistence,Network Service Scanning,
THR-2026-1641,2026-07-08 05:12:18,Ransomware Activity Pattern,Network Threat,Domain,identity-check.invalid,Community Submission,C,78,High,64,CLOSED,2026-06-09 05:12:18,2026-07-12 05:12:18,Singapore,"Synthetic defensive cybersecurity observation related to network threat. This record is for awareness, analysis, and defensive security monitoring.",Discovery,User Execution,
THR-2026-1642,2026-04-07 14:01:18,Network Threat Observation,Network Threat,Email/Sender Domain,alerts@account-verify.invalid,Community Submission,C,32,High,67,CLOSED,2026-04-05 14:01:18,2026-04-08 14:01:18,Germany,"Synthetic defensive cybersecurity observation related to network threat. This record is for awareness, analysis, and defensive security monitoring.",Persistence,Data from Information Repositories,
THR-2026-1643,2026-07-17 18:03:18,Synthetic Credential Phishing Campaign,Account Security,Domain,identity-check.invalid,Internal SOC,A,51,Medium,58,UNDER_REVIEW,2026-06-17 18:03:18,2026-07-21 18:03:18,Singapore,"Synthetic defensive cybersecurity observation related to account security. This record is for awareness, analysis, and defensive security monitoring.",Initial Access,Data from Information Repositories,
THR-2026-1644,2026-07-18 06:45:18,Credential Theft Observation,Web Threat,SHA-256,0319fd741db0d5712fe9e4b41cf22731ab56f01f6e80202ec7fc156890513bfe,Public Threat Feed,B,41,Medium,54,FALSE_POSITIVE,2026-06-26 06:45:18,2026-07-22 06:45:18,Australia,"Synthetic defensive cybersecurity observation related to web threat. This record is for awareness, analysis, and defensive security monitoring.",Initial Access,Valid Accounts,
THR-2026-1645,2026-09-13 02:05:18,Network Threat Observation,Malware,Email/Sender Domain,alerts@identity-check.example.org,Security Vendor,A,85,High,64,MONITORING,2026-09-01 02:05:18,2026-09-13 02:05:18,United States,"Synthetic defensive cybersecurity observation related to malware. This record is for awareness, analysis, and defensive security monitoring.",,,
THR-2026-1646,2026-07-22 11:23:18,Suspicious Malware Indicator,Phishing,IP,192.0.2.158,Internal SOC,A,29,Medium,48,CLOSED,2026-07-08 11:23:18,2026-07-26 11:23:18,United Kingdom,"Synthetic defensive cybersecurity observation related to phishing. This record is for awareness, analysis, and defensive security monitoring.",Discovery,Network Service Scanning,
THR-2026-1647,2026-08-05 12:00:18,Ransomware Activity Pattern,Web Threat,CVE,CVE-2025-39732,Public Threat Feed,B,65,High,72,NEW,2026-07-27 12:00:18,2026-08-07 12:00:18,United States,"Synthetic defensive cybersecurity observation related to web threat. This record is for awareness, analysis, and defensive security monitoring.",,,CVE-2025-49626
THR-2026-1648,2026-07-18 14:46:18,Suspicious Malware Indicator,Vulnerability Exposure,Email/Sender Domain,alerts@identity-check.example.net,Unknown Source,D,59,High,68,CLOSED,2026-06-19 14:46:18,2026-07-22 14:46:18,Australia,"Synthetic defensive cybersecurity observation related to vulnerability exposure. This record is for awareness, analysis, and defensive security monitoring.",Discovery,Phishing,CVE-2021-28482
THR-2026-1649,2026-08-31 12:44:18,Potential Data Exposure,Phishing,IP,192.0.2.39,Security Vendor,A,92,High,77,NEW,2026-08-19 12:44:18,2026-09-04 12:44:18,Australia,"Synthetic defensive cybersecurity observation related to phishing. This record is for awareness, analysis, and defensive security monitoring.",Exfiltration,Credential Phishing,
THR-2026-1650,2026-08-29 11:18:18,Synthetic Credential Phishing Campaign,Network Threat,CVE,CVE-2021-23627,Public Threat Feed,B,73,High,72,FALSE_POSITIVE,2026-08-23 11:18:18,2026-09-03 11:18:18,United States,"Synthetic defensive cybersecurity observation related to network threat. This record is for awareness, analysis, and defensive security monitoring.",Execution,Application Layer Protocol,CVE-2026-6659
THR-2026-1651,2026-04-08 05:41:18,Social Engineering Attempt,Network Threat,SHA-256,ec6f499c5b2415fe8e9a402c846cf67a50e60d54a9512a1286de35893f6f9d8d,Internal SOC,A,41,Medium,48,FALSE_POSITIVE,2026-04-04 05:41:18,2026-04-08 05:41:18,United Kingdom,"Synthetic defensive cybersecurity observation related to network threat. This record is for awareness, analysis, and defensive security monitoring.",Discovery,Credential Phishing,
THR-2026-1652,2026-07-08 09:33:18,Network Threat Observation,Ransomware,URL,https://identity-check.invalid/verify,Unknown Source,D,96,High,75,UNDER_REVIEW,2026-06-28 09:33:18,2026-07-09 09:33:18,Australia,"Synthetic defensive cybersecurity observation related to ransomware. This record is for awareness, analysis, and defensive security monitoring.",Discovery,Credential Phishing,
THR-2026-1653,2026-07-30 11:25:18,Suspicious Web Activity,Phishing,SHA-256,adf60450d0d908fa10b6f25e216977b35ed380fc945fdfe3757d6012a1c385c2,Public Threat Feed,B,95,Medium,50,CLOSED,2026-07-05 11:25:18,2026-08-01 11:25:18,Australia,"Synthetic defensive cybersecurity observation related to phishing. This record is for awareness, analysis, and defensive security monitoring.",Discovery,User Execution,
THR-2026-1654,2026-05-08 19:30:18,Vulnerability Exposure,Phishing,CVE,CVE-2023-42091,Unknown Source,D,57,High,70,MONITORING,2026-04-25 19:30:18,2026-05-11 19:30:18,Germany,"Synthetic defensive cybersecurity observation related to phishing. This record is for awareness, analysis, and defensive security monitoring.",Exfiltration,Valid Accounts,CVE-2021-7145
THR-2026-1655,2026-07-08 22:07:18,Suspicious Malware Indicator,Credential Threat,Email/Sender Domain,alerts@security-alert.example.net,Community Submission,C,92,High,78,NEW,2026-06-09 22:07:18,2026-07-12 22:07:18,Germany,"Synthetic defensive cybersecurity observation related to credential threat. This record is for awareness, analysis, and defensive security monitoring.",Command and Control,Valid Accounts,
THR-2026-1656,2026-10-03 03:21:18,Social Engineering Attempt,Ransomware,Email/Sender Domain,alerts@login-check.invalid,Public Threat Feed,B,36,Low,38,UNDER_REVIEW,2026-09-07 03:21:18,2026-10-07 03:21:18,Singapore,"Synthetic defensive cybersecurity observation related to ransomware. This record is for awareness, analysis, and defensive security monitoring.",Initial Access,Valid Accounts,
THR-2026-1657,2026-08-03 18:41:18,Suspicious Malware Indicator,Network Threat,IP,203.0.113.183,Community Submission,C,57,High,73,NEW,2026-07-04 18:41:18,2026-08-08 18:41:18,United Kingdom,"Synthetic defensive cybersecurity observation related to network threat. This record is for awareness, analysis, and defensive security monitoring.",Credential Access,Data from Information Repositories,
THR-2026-1658,2026-05-15 04:14:18,Synthetic Credential Phishing Campaign,Account Security,CVE,CVE-2025-22717,Unknown Source,D,71,Medium,45,UNDER_REVIEW,2026-05-04 04:14:18,2026-05-15 04:14:18,United States,"Synthetic defensive cybersecurity observation related to account security. This record is for awareness, analysis, and defensive security monitoring.",Command and Control,Application Layer Protocol,CVE-2022-42917
THR-2026-1659,2026-06-23 15:18:18,Account Security Event,Vulnerability Exposure,SHA-256,942fed109686d3a53ed3f8091c1e92bec2a22bf451a6246fab7ec310b05b2afa,Public Threat Feed,B,96,High,61,MONITORING,2026-05-31 15:18:18,2026-06-26 15:18:18,Global,"Synthetic defensive cybersecurity observation related to vulnerability exposure. This record is for awareness, analysis, and defensive security monitoring.",Command and Control,Application Layer Protocol,CVE-2026-10781
THR-2026-1660,2026-10-05 08:18:18,Potential Data Exposure,Data Exposure,CVE,CVE-2025-23468,Security Vendor,A,45,Medium,51,CLOSED,2026-09-29 08:18:18,2026-10-06 08:18:18,Singapore,"Synthetic defensive cybersecurity observation related to data exposure. This record is for awareness, analysis, and defensive security monitoring.",Command and Control,User Execution,CVE-2021-29625
THR-2026-1661,2026-07-26 01:00:18,Account Security Event,Vulnerability Exposure,SHA-256,3d4c9e94121e4a9567e6345e269912b2a9f03cc3a715a630cd067e08e5597c8e,Research Report,B,88,High,78,FALSE_POSITIVE,2026-07-09 01:00:18,2026-07-27 01:00:18,Germany,"Synthetic defensive cybersecurity observation related to vulnerability exposure. This record is for awareness, analysis, and defensive security monitoring.",Persistence,Valid Accounts,CVE-2026-19397
THR-2026-1662,2026-04-12 13:30:18,Account Security Event,Malware,Domain,update-service.example.org,Security Vendor,A,50,Medium,55,FALSE_POSITIVE,2026-03-24 13:30:18,2026-04-17 13:30:18,Australia,"Synthetic defensive cybersecurity observation related to malware. This record is for awareness, analysis, and defensive security monitoring.",Credential Access,User Execution,
THR-2026-1663,2026-06-17 21:31:18,Social Engineering Attempt,Malware,CVE,CVE-2024-17854,Unknown Source,D,62,Medium,53,MONITORING,2026-05-24 21:31:18,2026-06-17 21:31:18,United States,"Synthetic defensive cybersecurity observation related to malware. This record is for awareness, analysis, and defensive security monitoring.",Persistence,Network Service Scanning,CVE-2025-41554
THR-2026-1664,2026-07-18 08:12:18,Synthetic Credential Phishing Campaign,Vulnerability Exposure,URL,https://cloud-security.invalid/verify,Community Submission,C,34,High,67,FALSE_POSITIVE,2026-07-06 08:12:18,2026-07-21 08:12:18,United States,"Synthetic defensive cybersecurity observation related to vulnerability exposure. This record is for awareness, analysis, and defensive security monitoring.",Persistence,Application Layer Protocol,CVE-2022-48357
THR-2026-1665,2026-09-13 12:31:18,Ransomware Activity Pattern,Data Exposure,Domain,account-verify.example.com,Unknown Source,D,39,Medium,43,UNDER_REVIEW,2026-08-26 12:31:18,2026-09-16 12:31:18,Singapore,"Synthetic defensive cybersecurity observation related to data exposure. This record is for awareness, analysis, and defensive security monitoring.",Persistence,Data from Information Repositories,
THR-2026-1666,2026-09-22 17:11:18,Potential Data Exposure,Data Exposure,CVE,CVE-2021-18995,Research Report,B,46,Medium,59,NEW,2026-09-06 17:11:18,2026-09-24 17:11:18,Global,"Synthetic defensive cybersecurity observation related to data exposure. This record is for awareness, analysis, and defensive security monitoring.",Execution,Valid Accounts,CVE-2021-6427
THR-2026-1667,2026-07-01 19:26:18,Network Threat Observation,Web Threat,Email/Sender Domain,alerts@account-verify.example.org,Research Report,B,67,Medium,51,MONITORING,2026-06-19 19:26:18,2026-07-06 19:26:18,Germany,"Synthetic defensive cybersecurity observation related to web threat. This record is for awareness, analysis, and defensive security monitoring.",,,
THR-2026-1668,2026-06-15 19:57:18,Ransomware Activity Pattern,Phishing,URL,https://update-service.example.com/verify,Research Report,B,44,High,62,NEW,2026-06-07 19:57:18,2026-06-20 19:57:18,Australia,"Synthetic defensive cybersecurity observation related to phishing. This record is for awareness, analysis, and defensive security monitoring.",Persistence,Application Layer Protocol,
THR-2026-1669,2026-05-04 13:42:18,Ransomware Activity Pattern,Credential Threat,SHA-256,e2325ca7cd03209c974e4a1568e1b8b0e4d7dab3a2b953bccec9118acf64f07c,Public Threat Feed,B,63,High,73,MONITORING,2026-04-12 13:42:18,2026-05-08 13:42:18,Australia,"Synthetic defensive cybersecurity observation related to credential threat. This record is for awareness, analysis, and defensive security monitoring.",Initial Access,Valid Accounts,
THR-2026-1670,2026-04-15 20:22:18,Ransomware Activity Pattern,Malware,URL,https://update-service.example.com/verify,Community Submission,C,52,High,70,CLOSED,2026-04-05 20:22:18,2026-04-17 20:22:18,United Kingdom,"Synthetic defensive cybersecurity observation related to malware. This record is for awareness, analysis, and defensive security monitoring.",,,
THR-2026-1671,2026-06-26 11:23:18,Network Threat Observation,Credential Threat,Email/Sender Domain,alerts@login-check.invalid,Internal SOC,A,86,High,68,FALSE_POSITIVE,2026-06-09 11:23:18,2026-06-30 11:23:18,Singapore,"Synthetic defensive cybersecurity observation related to credential threat. This record is for awareness, analysis, and defensive security monitoring.",Initial Access,Credential Phishing,
THR-2026-1672,2026-07-18 16:02:18,Vulnerability Exposure,Social Engineering,URL,https://account-verify.example.com/verify,Security Vendor,A,44,Medium,52,FALSE_POSITIVE,2026-07-13 16:02:18,2026-07-20 16:02:18,Global,"Synthetic defensive cybersecurity observation related to social engineering. This record is for awareness, analysis, and defensive security monitoring.",Command and Control,Data from Information Repositories,
THR-2026-1673,2026-06-14 21:24:18,Synthetic Credential Phishing Campaign,Credential Threat,Email/Sender Domain,alerts@update-service.invalid,Public Threat Feed,B,68,High,74,MONITORING,2026-06-03 21:24:18,2026-06-17 21:24:18,United Kingdom,"Synthetic defensive cybersecurity observation related to credential threat. This record is for awareness, analysis, and defensive security monitoring.",Persistence,Application Layer Protocol,
THR-2026-1674,2026-05-20 20:09:18,Account Security Event,Account Security,URL,https://security-alert.example.com/verify,Public Threat Feed,B,51,High,66,NEW,2026-05-05 20:09:18,2026-05-20 20:09:18,Global,"Synthetic defensive cybersecurity observation related to account security. This record is for awareness, analysis, and defensive security monitoring.",Discovery,User Execution,
THR-2026-1675,2026-07-04 17:22:18,Suspicious Malware Indicator,Account Security,IP,192.0.2.244,Internal SOC,A,55,Medium,52,MONITORING,2026-06-20 17:22:18,2026-07-04 17:22:18,Australia,"Synthetic defensive cybersecurity observation related to account security. This record is for awareness, analysis, and defensive security monitoring.",Persistence,Credential Phishing,
THR-2026-1676,2026-04-10 18:21:18,Social Engineering Attempt,Social Engineering,Domain,secure-login.example.org,Public Threat Feed,B,58,High,63,CLOSED,2026-04-06 18:21:18,2026-04-11 18:21:18,United Kingdom,"Synthetic defensive cybersecurity observation related to social engineering. This record is for awareness, analysis, and defensive security monitoring.",Initial Access,Valid Accounts,
THR-2026-1677,2026-07-12 15:28:18,Ransomware Activity Pattern,Network Threat,URL,https://security-alert.example.com/verify,Community Submission,C,87,High,72,FALSE_POSITIVE,2026-06-28 15:28:18,2026-07-13 15:28:18,United Kingdom,"Synthetic defensive cybersecurity observation related to network threat. This record is for awareness, analysis, and defensive security monitoring.",Persistence,User Execution,
THR-2026-1678,2026-07-04 19:45:18,Potential Data Exposure,Data Exposure,IP,198.51.100.161,Research Report,B,69,High,74,NEW,2026-06-14 19:45:18,2026-07-07 19:45:18,Global,"Synthetic defensive cybersecurity observation related to data exposure. This record is for awareness, analysis, and defensive security monitoring.",,,
THR-2026-1679,2026-07-21 11:22:18,Social Engineering Attempt,Credential Threat,SHA-256,d65c198e828e55dd4b04dcb0ef4fc23c6fb934024874326359cff21996722a1c,Research Report,B,52,Medium,48,NEW,2026-07-18 11:22:18,2026-07-23 11:22:18,United Kingdom,"Synthetic defensive cybersecurity observation related to credential threat. This record is for awareness, analysis, and defensive security monitoring.",Command and Control,Credential Phishing,
THR-2026-1680,2026-07-15 17:30:18,Suspicious Web Activity,Account Security,SHA-256,fde9e2fc034ff0465d23c8dfef320c11ca207ba9f4d4ecd19ce2d33b47cad2c0,Unknown Source,D,56,High,63,CLOSED,2026-07-14 17:30:18,2026-07-19 17:30:18,India,"Synthetic defensive cybersecurity observation related to account security. This record is for awareness, analysis, and defensive security monitoring.",,,
THR-2026-1681,2026-07-07 16:08:18,Social Engineering Attempt,Malware,SHA-256,9621ce11fd7e810c9f1d421b72e28ce8352afa7cdeffbf0f09fe62c07f915180,Internal SOC,A,74,Medium,43,CLOSED,2026-07-07 16:08:18,2026-07-12 16:08:18,Germany,"Synthetic defensive cybersecurity observation related to malware. This record is for awareness, analysis, and defensive security monitoring.",Discovery,Data from Information Repositories,
THR-2026-1682,2026-07-17 01:08:18,Network Threat Observation,Web Threat,Email/Sender Domain,alerts@secure-login.example.com,Unknown Source,D,94,Medium,60,FALSE_POSITIVE,2026-07-14 01:08:18,2026-07-20 01:08:18,Global,"Synthetic defensive cybersecurity observation related to web threat. This record is for awareness, analysis, and defensive security monitoring.",,,
THR-2026-1683,2026-06-03 04:28:18,Account Security Event,Account Security,SHA-256,0a29c416a99d00312e0be3fe4161b94d5fb431319db28265dc472fa2c9f3fe6f,Public Threat Feed,B,56,Medium,59,NEW,2026-05-06 04:28:18,2026-06-08 04:28:18,Germany,"Synthetic defensive cybersecurity observation related to account security. This record is for awareness, analysis, and defensive security monitoring.",Initial Access,Credential Phishing,
THR-2026-1684,2026-07-09 08:03:18,Credential Theft Observation,Ransomware,Domain,login-check.example.net,Internal SOC,A,52,Medium,57,MONITORING,2026-07-03 08:03:18,2026-07-13 08:03:18,United States,"Synthetic defensive cybersecurity observation related to ransomware. This record is for awareness, analysis, and defensive security monitoring.",,,
THR-2026-1685,2026-07-16 20:06:18,Suspicious Web Activity,Social Engineering,CVE,CVE-2025-2464,Community Submission,C,54,Medium,60,UNDER_REVIEW,2026-06-22 20:06:18,2026-07-21 20:06:18,Australia,"Synthetic defensive cybersecurity observation related to social engineering. This record is for awareness, analysis, and defensive security monitoring.",Exfiltration,Data from Information Repositories,CVE-2021-46515
THR-2026-1686,2026-04-27 21:58:18,Ransomware Activity Pattern,Phishing,CVE,CVE-2023-12893,Security Vendor,A,83,High,61,CLOSED,2026-04-16 21:58:18,2026-05-01 21:58:18,United States,"Synthetic defensive cybersecurity observation related to phishing. This record is for awareness, analysis, and defensive security monitoring.",Command and Control,Credential Phishing,CVE-2021-34663
THR-2026-1687,2026-06-27 22:14:18,Credential Theft Observation,Account Security,URL,https://cloud-security.example.com/verify,Security Vendor,A,33,High,65,NEW,2026-06-24 22:14:18,2026-06-27 22:14:18,United Kingdom,"Synthetic defensive cybersecurity observation related to account security. This record is for awareness, analysis, and defensive security monitoring.",Command and Control,Application Layer Protocol,
THR-2026-1688,2026-04-23 18:15:18,Suspicious Web Activity,Ransomware,URL,https://update-service.example.org/verify,Public Threat Feed,B,73,High,73,CLOSED,2026-03-29 18:15:18,2026-04-24 18:15:18,United Kingdom,"Synthetic defensive cybersecurity observation related to ransomware. This record is for awareness, analysis, and defensive security monitoring.",Command and Control,Application Layer Protocol,
THR-2026-1689,2026-07-26 01:52:18,Potential Data Exposure,Web Threat,SHA-256,f5fbb19a8411bb16a4cbc289701107bae1387c7188c028285097d0b32ff39fed,Community Submission,C,52,High,70,MONITORING,2026-07-24 01:52:18,2026-07-26 01:52:18,India,"Synthetic defensive cybersecurity observation related to web threat. This record is for awareness, analysis, and defensive security monitoring.",,,
THR-2026-1690,2026-08-30 10:38:18,Account Security Event,Credential Threat,SHA-256,323b1726a1b6a93e68b4492bb87ec0f0bf53edd66b1d066cc4456823f1734596,Unknown Source,D,49,High,68,CLOSED,2026-08-13 10:38:18,2026-09-04 10:38:18,Global,"Synthetic defensive cybersecurity observation related to credential threat. This record is for awareness, analysis, and defensive security monitoring.",Command and Control,Credential Phishing,
THR-2026-1691,2026-09-15 03:27:18,Suspicious Malware Indicator,Data Exposure,URL,https://account-verify.example.com/verify,Security Vendor,A,93,Critical,82,UNDER_REVIEW,2026-08-25 03:27:18,2026-09-16 03:27:18,United States,"Synthetic defensive cybersecurity observation related to data exposure. This record is for awareness, analysis, and defensive security monitoring.",,,
THR-2026-1692,2026-05-20 04:53:18,Social Engineering Attempt,Network Threat,URL,https://cloud-security.example.net/verify,Security Vendor,A,37,Medium,60,MONITORING,2026-05-08 04:53:18,2026-05-20 04:53:18,Germany,"Synthetic defensive cybersecurity observation related to network threat. This record is for awareness, analysis, and defensive security monitoring.",,,
THR-2026-1693,2026-05-19 04:02:18,Network Threat Observation,Social Engineering,IP,192.0.2.124,Security Vendor,A,26,Medium,57,CLOSED,2026-05-05 04:02:18,2026-05-22 04:02:18,Australia,"Synthetic defensive cybersecurity observation related to social engineering. This record is for awareness, analysis, and defensive security monitoring.",Credential Access,Application Layer Protocol,
THR-2026-1694,2026-05-18 18:57:18,Potential Data Exposure,Malware,CVE,CVE-2024-54341,Community Submission,C,37,Medium,48,FALSE_POSITIVE,2026-05-02 18:57:18,2026-05-21 18:57:18,United States,"Synthetic defensive cybersecurity observation related to malware. This record is for awareness, analysis, and defensive security monitoring.",,,CVE-2023-7748
THR-2026-1695,2026-06-25 03:12:18,Account Security Event,Phishing,Domain,login-check.example.net,Public Threat Feed,B,45,High,69,NEW,2026-06-12 03:12:18,2026-06-28 03:12:18,United Kingdom,"Synthetic defensive cybersecurity observation related to phishing. This record is for awareness, analysis, and defensive security monitoring.",,,
THR-2026-1696,2026-09-26 17:05:18,Suspicious Web Activity,Credential Threat,Email/Sender Domain,alerts@security-alert.example.org,Unknown Source,D,74,High,78,NEW,2026-09-04 17:05:18,2026-09-29 17:05:18,Australia,"Synthetic defensive cybersecurity observation related to credential threat. This record is for awareness, analysis, and defensive security monitoring.",,,
THR-2026-1697,2026-05-14 17:45:18,Vulnerability Exposure,Account Security,SHA-256,38261b0959d5406a1fb6ea1dccb0736c769165b2d89e128349651e73342ae1da,Community Submission,C,40,High,62,NEW,2026-05-08 17:45:18,2026-05-17 17:45:18,Germany,"Synthetic defensive cybersecurity observation related to account security. This record is for awareness, analysis, and defensive security monitoring.",,,
THR-2026-1698,2026-08-02 14:54:18,Network Threat Observation,Web Threat,Domain,security-alert.example.net,Security Vendor,A,67,Medium,58,NEW,2026-07-21 14:54:18,2026-08-07 14:54:18,United States,"Synthetic defensive cybersecurity observation related to web threat. This record is for awareness, analysis, and defensive security monitoring.",Execution,Phishing,
THR-2026-1699,2026-07-26 19:51:18,Credential Theft Observation,Vulnerability Exposure,Email/Sender Domain,alerts@cloud-security.example.org,Security Vendor,A,28,High,63,UNDER_REVIEW,2026-07-22 19:51:18,2026-07-30 19:51:18,Australia,"Synthetic defensive cybersecurity observation related to vulnerability exposure. This record is for awareness, analysis, and defensive security monitoring.",,,CVE-2023-36732
THR-2026-1700,2026-09-13 20:32:18,Network Threat Observation,Account Security,CVE,CVE-2021-2703,Research Report,B,77,Medium,56,UNDER_REVIEW,2026-09-03 20:32:18,2026-09-15 20:32:18,Australia,"Synthetic defensive cybersecurity observation related to account security. This record is for awareness, analysis, and defensive security monitoring.",Initial Access,User Execution,CVE-2026-47269
THR-2026-1701,2026-07-13 00:19:18,Account Security Event,Phishing,IP,203.0.113.4,Community Submission,C,94,Medium,57,UNDER_REVIEW,2026-06-13 00:19:18,2026-07-18 00:19:18,United Kingdom,"Synthetic defensive cybersecurity observation related to phishing. This record is for awareness, analysis, and defensive security monitoring.",Exfiltration,Data from Information Repositories,
THR-2026-1702,2026-08-17 10:29:18,Account Security Event,Account Security,SHA-256,12c54d01f1572be82ca2eaa90607f4f1c32e175d643128a67c643c671424ce0f,Research Report,B,88,Medium,55,NEW,2026-08-04 10:29:18,2026-08-21 10:29:18,United States,"Synthetic defensive cybersecurity observation related to account security. This record is for awareness, analysis, and defensive security monitoring.",Persistence,Application Layer Protocol,
THR-2026-1703,2026-04-25 15:16:18,Suspicious Web Activity,Vulnerability Exposure,IP,192.0.2.194,Security Vendor,A,75,High,65,FALSE_POSITIVE,2026-04-07 15:16:18,2026-04-27 15:16:18,Germany,"Synthetic defensive cybersecurity observation related to vulnerability exposure. This record is for awareness, analysis, and defensive security monitoring.",,,CVE-2024-37609
THR-2026-1704,2026-07-26 04:32:18,Credential Theft Observation,Vulnerability Exposure,SHA-256,fc7eee6a20975a7ce53da3ab051af68c85d5ca4214c58da457117c65dd20170d,Unknown Source,D,80,High,63,CLOSED,2026-07-16 04:32:18,2026-07-31 04:32:18,Global,"Synthetic defensive cybersecurity observation related to vulnerability exposure. This record is for awareness, analysis, and defensive security monitoring.",Execution,Phishing,CVE-2026-30821
THR-2026-1705,2026-07-30 01:44:18,Potential Data Exposure,Credential Threat,Domain,cloud-security.invalid,Public Threat Feed,B,78,High,62,FALSE_POSITIVE,2026-07-06 01:44:18,2026-07-30 01:44:18,United Kingdom,"Synthetic defensive cybersecurity observation related to credential threat. This record is for awareness, analysis, and defensive security monitoring.",Command and Control,Data from Information Repositories,
THR-2026-1706,2026-09-30 00:57:18,Account Security Event,Social Engineering,CVE,CVE-2023-54584,Research Report,B,39,Medium,60,FALSE_POSITIVE,2026-09-21 00:57:18,2026-10-01 00:57:18,Australia,"Synthetic defensive cybersecurity observation related to social engineering. This record is for awareness, analysis, and defensive security monitoring.",,,CVE-2025-52082
THR-2026-1707,2026-05-10 20:26:18,Network Threat Observation,Web Threat,SHA-256,7b17b3288c608153bcfb0f4aec193079d163e2823f7815f704b2927777ecb5f7,Public Threat Feed,B,40,Medium,48,MONITORING,2026-05-01 20:26:18,2026-05-13 20:26:18,Germany,"Synthetic defensive cybersecurity observation related to web threat. This record is for awareness, analysis, and defensive security monitoring.",Execution,Network Service Scanning,
THR-2026-1708,2026-05-29 01:34:18,Account Security Event,Account Security,SHA-256,120c00208f0ca01bfbb7f910da335eb61260676d8915a4c99d3bd09286f5a094,Internal SOC,A,74,Medium,59,FALSE_POSITIVE,2026-04-29 01:34:18,2026-06-03 01:34:18,Singapore,"Synthetic defensive cybersecurity observation related to account security. This record is for awareness, analysis, and defensive security monitoring.",Persistence,Application Layer Protocol,
THR-2026-1709,2026-05-06 05:52:18,Potential Data Exposure,Vulnerability Exposure,Email/Sender Domain,alerts@security-alert.example.net,Unknown Source,D,78,High,77,FALSE_POSITIVE,2026-04-09 05:52:18,2026-05-11 05:52:18,Germany,"Synthetic defensive cybersecurity observation related to vulnerability exposure. This record is for awareness, analysis, and defensive security monitoring.",Initial Access,Network Service Scanning,CVE-2021-15318
THR-2026-1710,2026-04-21 05:15:18,Social Engineering Attempt,Social Engineering,SHA-256,ea23536ffe450e95102a8687be891642660a009eb287266ee54c44f4085916f1,Security Vendor,A,81,High,77,FALSE_POSITIVE,2026-04-03 05:15:18,2026-04-24 05:15:18,United States,"Synthetic defensive cybersecurity observation related to social engineering. This record is for awareness, analysis, and defensive security monitoring.",Command and Control,Data from Information Repositories,
THR-2026-1711,2026-07-06 08:43:18,Synthetic Credential Phishing Campaign,Social Engineering,IP,198.51.100.139,Research Report,B,35,Medium,59,UNDER_REVIEW,2026-06-19 08:43:18,2026-07-10 08:43:18,United Kingdom,"Synthetic defensive cybersecurity observation related to social engineering. This record is for awareness, analysis, and defensive security monitoring.",,,
THR-2026-1712,2026-05-08 04:35:18,Synthetic Credential Phishing Campaign,Credential Threat,Domain,cloud-security.example.net,Internal SOC,A,55,Medium,54,FALSE_POSITIVE,2026-04-30 04:35:18,2026-05-11 04:35:18,United Kingdom,"Synthetic defensive cybersecurity observation related to credential threat. This record is for awareness, analysis, and defensive security monitoring.",Command and Control,Valid Accounts,
THR-2026-1713,2026-06-27 01:02:18,Potential Data Exposure,Phishing,SHA-256,9f82627a1637921924ebf216710b1953c6cd4bc9d9d8968abf9379fc0bdf7e4b,Public Threat Feed,B,41,High,62,UNDER_REVIEW,2026-06-23 01:02:18,2026-07-01 01:02:18,Germany,"Synthetic defensive cybersecurity observation related to phishing. This record is for awareness, analysis, and defensive security monitoring.",,,
THR-2026-1714,2026-07-11 02:17:18,Account Security Event,Phishing,IP,203.0.113.193,Security Vendor,A,58,High,73,FALSE_POSITIVE,2026-06-26 02:17:18,2026-07-13 02:17:18,Global,"Synthetic defensive cybersecurity observation related to phishing. This record is for awareness, analysis, and defensive security monitoring.",,,
THR-2026-1715,2026-07-15 04:23:18,Synthetic Credential Phishing Campaign,Phishing,URL,https://update-service.example.net/verify,Security Vendor,A,69,Medium,47,FALSE_POSITIVE,2026-07-02 04:23:18,2026-07-17 04:23:18,Singapore,"Synthetic defensive cybersecurity observation related to phishing. This record is for awareness, analysis, and defensive security monitoring.",Command and Control,Credential Phishing,
THR-2026-1716,2026-09-02 06:44:18,Suspicious Malware Indicator,Data Exposure,SHA-256,f30a4ee8274c4edcdc3c3011ed65905e32cb642d74baf73839b1f03fd4982a13,Research Report,B,48,Medium,44,MONITORING,2026-08-26 06:44:18,2026-09-02 06:44:18,Singapore,"Synthetic defensive cybersecurity observation related to data exposure. This record is for awareness, analysis, and defensive security monitoring.",,,
THR-2026-1717,2026-05-13 19:02:18,Suspicious Web Activity,Vulnerability Exposure,SHA-256,56acca2e9ec5700728c1b858d4a81476b6b33c25a45d451f604ce16e974b734e,Community Submission,C,98,Critical,84,MONITORING,2026-04-28 19:02:18,2026-05-14 19:02:18,Singapore,"Synthetic defensive cybersecurity observation related to vulnerability exposure. This record is for awareness, analysis, and defensive security monitoring.",Persistence,Data from Information Repositories,CVE-2026-5999
THR-2026-1718,2026-07-21 08:24:18,Potential Data Exposure,Vulnerability Exposure,Domain,login-check.example.net,Security Vendor,A,39,High,64,NEW,2026-07-21 08:24:18,2026-07-22 08:24:18,India,"Synthetic defensive cybersecurity observation related to vulnerability exposure. This record is for awareness, analysis, and defensive security monitoring.",Persistence,Phishing,CVE-2025-37484
THR-2026-1719,2026-08-28 14:41:18,Suspicious Malware Indicator,Phishing,Domain,identity-check.example.net,Unknown Source,D,64,Medium,58,MONITORING,2026-08-05 14:41:18,2026-09-02 14:41:18,United Kingdom,"Synthetic defensive cybersecurity observation related to phishing. This record is for awareness, analysis, and defensive security monitoring.",Persistence,User Execution,
THR-2026-1720,2026-09-21 03:26:18,Synthetic Credential Phishing Campaign,Malware,SHA-256,e760659ae22796c408da543d6cb0103956e0c8075e2332ba62fe0249b3984cf8,Research Report,B,88,High,64,MONITORING,2026-09-08 03:26:18,2026-09-22 03:26:18,United States,"Synthetic defensive cybersecurity observation related to malware. This record is for awareness, analysis, and defensive security monitoring.",Credential Access,Application Layer Protocol,
THR-2026-1721,2026-09-20 20:17:18,Credential Theft Observation,Account Security,SHA-256,9bcaee5009ffc884e6e9a21dd2221713defd5f80006cb8398fa23f7f2a43dac3,Public Threat Feed,B,46,Medium,55,NEW,2026-08-22 20:17:18,2026-09-22 20:17:18,Singapore,"Synthetic defensive cybersecurity observation related to account security. This record is for awareness, analysis, and defensive security monitoring.",Persistence,Network Service Scanning,
THR-2026-1722,2026-06-18 10:01:18,Account Security Event,Social Engineering,Domain,security-alert.example.com,Public Threat Feed,B,96,High,77,UNDER_REVIEW,2026-06-16 10:01:18,2026-06-20 10:01:18,Germany,"Synthetic defensive cybersecurity observation related to social engineering. This record is for awareness, analysis, and defensive security monitoring.",Credential Access,Phishing,
THR-2026-1723,2026-10-04 08:28:18,Social Engineering Attempt,Web Threat,CVE,CVE-2026-9666,Internal SOC,A,68,High,69,NEW,2026-10-03 08:28:18,2026-10-09 08:28:18,Singapore,"Synthetic defensive cybersecurity observation related to web threat. This record is for awareness, analysis, and defensive security monitoring.",Execution,User Execution,CVE-2024-40931
THR-2026-1724,2026-07-07 07:36:18,Social Engineering Attempt,Malware,Email/Sender Domain,alerts@cloud-security.invalid,Security Vendor,A,40,Medium,55,MONITORING,2026-06-30 07:36:18,2026-07-12 07:36:18,Singapore,"Synthetic defensive cybersecurity observation related to malware. This record is for awareness, analysis, and defensive security monitoring.",Command and Control,Data from Information Repositories,
THR-2026-1725,2026-07-09 18:11:18,Suspicious Malware Indicator,Credential Threat,SHA-256,e299fab1cc20556b4a1e671166d508e5856150943d75b277180798eb59b4ad5a,Public Threat Feed,B,89,High,75,UNDER_REVIEW,2026-06-10 18:11:18,2026-07-11 18:11:18,Global,"Synthetic defensive cybersecurity observation related to credential threat. This record is for awareness, analysis, and defensive security monitoring.",Discovery,Application Layer Protocol,
THR-2026-1726,2026-07-19 12:57:18,Social Engineering Attempt,Social Engineering,IP,192.0.2.150,Security Vendor,A,46,Medium,54,CLOSED,2026-07-16 12:57:18,2026-07-21 12:57:18,United States,"Synthetic defensive cybersecurity observation related to social engineering. This record is for awareness, analysis, and defensive security monitoring.",Credential Access,Valid Accounts,
THR-2026-1727,2026-04-20 17:01:18,Vulnerability Exposure,Network Threat,Email/Sender Domain,alerts@identity-check.example.net,Unknown Source,D,94,Medium,53,CLOSED,2026-03-22 17:01:18,2026-04-23 17:01:18,United States,"Synthetic defensive cybersecurity observation related to network threat. This record is for awareness, analysis, and defensive security monitoring.",Exfiltration,User Execution,
THR-2026-1728,2026-04-28 21:18:18,Vulnerability Exposure,Web Threat,Domain,account-verify.example.net,Community Submission,C,50,High,69,NEW,2026-04-13 21:18:18,2026-04-29 21:18:18,United Kingdom,"Synthetic defensive cybersecurity observation related to web threat. This record is for awareness, analysis, and defensive security monitoring.",Credential Access,Data from Information Repositories,
THR-2026-1729,2026-09-23 04:34:18,Suspicious Web Activity,Web Threat,Domain,security-alert.example.org,Unknown Source,D,30,High,71,CLOSED,2026-08-25 04:34:18,2026-09-27 04:34:18,Singapore,"Synthetic defensive cybersecurity observation related to web threat. This record is for awareness, analysis, and defensive security monitoring.",,,
THR-2026-1730,2026-09-18 22:07:18,Ransomware Activity Pattern,Vulnerability Exposure,IP,198.51.100.98,Security Vendor,A,31,High,61,UNDER_REVIEW,2026-09-07 22:07:18,2026-09-21 22:07:18,United States,"Synthetic defensive cybersecurity observation related to vulnerability exposure. This record is for awareness, analysis, and defensive security monitoring.",Persistence,User Execution,CVE-2022-19873
THR-2026-1731,2026-05-06 09:06:18,Suspicious Malware Indicator,Account Security,Domain,identity-check.example.org,Unknown Source,D,53,High,69,UNDER_REVIEW,2026-04-06 09:06:18,2026-05-08 09:06:18,Germany,"Synthetic defensive cybersecurity observation related to account security. This record is for awareness, analysis, and defensive security monitoring.",Execution,Phishing,
THR-2026-1732,2026-07-30 19:56:18,Synthetic Credential Phishing Campaign,Malware,SHA-256,dd81eb61aaed658406ca761096fd1b9ab0ccee61882df8564edbf1b3c2c686cf,Community Submission,C,48,Medium,48,NEW,2026-07-20 19:56:18,2026-08-02 19:56:18,Singapore,"Synthetic defensive cybersecurity observation related to malware. This record is for awareness, analysis, and defensive security monitoring.",Persistence,Valid Accounts,
THR-2026-1733,2026-06-13 02:41:18,Network Threat Observation,Account Security,Domain,secure-login.example.net,Community Submission,C,67,High,66,CLOSED,2026-06-08 02:41:18,2026-06-17 02:41:18,Australia,"Synthetic defensive cybersecurity observation related to account security. This record is for awareness, analysis, and defensive security monitoring.",Credential Access,Data from Information Repositories,
THR-2026-1734,2026-08-23 22:02:18,Credential Theft Observation,Social Engineering,IP,198.51.100.84,Unknown Source,D,56,High,75,NEW,2026-07-25 22:02:18,2026-08-24 22:02:18,India,"Synthetic defensive cybersecurity observation related to social engineering. This record is for awareness, analysis, and defensive security monitoring.",Command and Control,Valid Accounts,
THR-2026-1735,2026-06-10 22:47:18,Social Engineering Attempt,Ransomware,Email/Sender Domain,alerts@secure-login.example.net,Public Threat Feed,B,98,High,68,UNDER_REVIEW,2026-05-14 22:47:18,2026-06-15 22:47:18,Global,"Synthetic defensive cybersecurity observation related to ransomware. This record is for awareness, analysis, and defensive security monitoring.",Command and Control,Application Layer Protocol,
THR-2026-1736,2026-09-03 23:12:18,Synthetic Credential Phishing Campaign,Network Threat,URL,https://identity-check.example.net/verify,Security Vendor,A,31,Medium,51,CLOSED,2026-08-19 23:12:18,2026-09-07 23:12:18,United Kingdom,"Synthetic defensive cybersecurity observation related to network threat. This record is for awareness, analysis, and defensive security monitoring.",Exfiltration,Data from Information Repositories,
THR-2026-1737,2026-06-24 17:50:18,Account Security Event,Web Threat,Email/Sender Domain,alerts@cloud-security.example.com,Security Vendor,A,50,Medium,59,MONITORING,2026-06-16 17:50:18,2026-06-26 17:50:18,United States,"Synthetic defensive cybersecurity observation related to web threat. This record is for awareness, analysis, and defensive security monitoring.",Discovery,Credential Phishing,
THR-2026-1738,2026-09-10 04:36:18,Credential Theft Observation,Data Exposure,CVE,CVE-2021-12848,Security Vendor,A,83,High,66,UNDER_REVIEW,2026-09-10 04:36:18,2026-09-13 04:36:18,Germany,"Synthetic defensive cybersecurity observation related to data exposure. This record is for awareness, analysis, and defensive security monitoring.",Persistence,Phishing,CVE-2022-42226
THR-2026-1739,2026-05-21 00:39:18,Credential Theft Observation,Ransomware,Domain,account-verify.invalid,Security Vendor,A,85,High,70,MONITORING,2026-04-29 00:39:18,2026-05-24 00:39:18,India,"Synthetic defensive cybersecurity observation related to ransomware. This record is for awareness, analysis, and defensive security monitoring.",,,
THR-2026-1740,2026-06-02 13:46:18,Account Security Event,Vulnerability Exposure,IP,198.51.100.163,Public Threat Feed,B,41,Medium,41,NEW,2026-05-22 13:46:18,2026-06-04 13:46:18,United Kingdom,"Synthetic defensive cybersecurity observation related to vulnerability exposure. This record is for awareness, analysis, and defensive security monitoring.",Execution,Valid Accounts,CVE-2024-4548
THR-2026-1741,2026-07-01 23:57:18,Synthetic Credential Phishing Campaign,Web Threat,URL,https://update-service.invalid/verify,Public Threat Feed,B,34,Medium,52,FALSE_POSITIVE,2026-06-29 23:57:18,2026-07-02 23:57:18,India,"Synthetic defensive cybersecurity observation related to web threat. This record is for awareness, analysis, and defensive security monitoring.",,,
THR-2026-1742,2026-04-12 02:12:18,Network Threat Observation,Credential Threat,CVE,CVE-2026-33585,Internal SOC,A,69,High,74,MONITORING,2026-03-13 02:12:18,2026-04-14 02:12:18,United Kingdom,"Synthetic defensive cybersecurity observation related to credential threat. This record is for awareness, analysis, and defensive security monitoring.",Credential Access,Phishing,CVE-2024-8213
THR-2026-1743,2026-07-25 22:36:18,Suspicious Malware Indicator,Vulnerability Exposure,SHA-256,0d654fc1117453bdbef6e26525da2c9743b56e5e58192e3f7c860657be56df79,Internal SOC,A,47,High,67,FALSE_POSITIVE,2026-07-25 22:36:18,2026-07-28 22:36:18,Australia,"Synthetic defensive cybersecurity observation related to vulnerability exposure. This record is for awareness, analysis, and defensive security monitoring.",Persistence,Application Layer Protocol,CVE-2022-56402
THR-2026-1744,2026-09-17 01:49:18,Vulnerability Exposure,Vulnerability Exposure,Domain,secure-login.example.org,Internal SOC,A,26,Medium,52,CLOSED,2026-09-08 01:49:18,2026-09-18 01:49:18,Singapore,"Synthetic defensive cybersecurity observation related to vulnerability exposure. This record is for awareness, analysis, and defensive security monitoring.",Credential Access,Credential Phishing,CVE-2025-44222
THR-2026-1745,2026-09-24 12:03:18,Suspicious Web Activity,Malware,URL,https://cloud-security.example.net/verify,Internal SOC,A,52,Medium,53,NEW,2026-09-06 12:03:18,2026-09-24 12:03:18,Global,"Synthetic defensive cybersecurity observation related to malware. This record is for awareness, analysis, and defensive security monitoring.",,,
THR-2026-1746,2026-05-16 08:17:18,Suspicious Malware Indicator,Phishing,CVE,CVE-2024-16930,Internal SOC,A,44,High,61,FALSE_POSITIVE,2026-04-27 08:17:18,2026-05-17 08:17:18,Singapore,"Synthetic defensive cybersecurity observation related to phishing. This record is for awareness, analysis, and defensive security monitoring.",Initial Access,Credential Phishing,CVE-2024-44020
THR-2026-1747,2026-06-19 16:49:18,Vulnerability Exposure,Data Exposure,SHA-256,a8d3efec35ffdeddf1eddb43dd538a99e1a330036c54686e2f205358a9fe1344,Internal SOC,A,70,High,71,CLOSED,2026-06-08 16:49:18,2026-06-24 16:49:18,Global,"Synthetic defensive cybersecurity observation related to data exposure. This record is for awareness, analysis, and defensive security monitoring.",Discovery,Network Service Scanning,
THR-2026-1748,2026-06-03 05:59:18,Suspicious Malware Indicator,Ransomware,SHA-256,d666d538d420288ca01b780d59d6a2a37b42b50ae01e06d1e82e595ca59629d5,Unknown Source,D,92,Medium,57,MONITORING,2026-06-03 05:59:18,2026-06-08 05:59:18,Germany,"Synthetic defensive cybersecurity observation related to ransomware. This record is for awareness, analysis, and defensive security monitoring.",Execution,Application Layer Protocol,
THR-2026-1749,2026-08-08 12:05:18,Vulnerability Exposure,Credential Threat,SHA-256,20b9145cffd1b7805092c3bfa7235c0db0e41f478aa00eea30bbb5f9d3df28cc,Community Submission,C,78,High,61,CLOSED,2026-07-17 12:05:18,2026-08-08 12:05:18,Singapore,"Synthetic defensive cybersecurity observation related to credential threat. This record is for awareness, analysis, and defensive security monitoring.",,,
THR-2026-1750,2026-07-09 02:13:18,Suspicious Malware Indicator,Account Security,Email/Sender Domain,alerts@account-verify.example.net,Research Report,B,97,High,73,CLOSED,2026-06-22 02:13:18,2026-07-10 02:13:18,United Kingdom,"Synthetic defensive cybersecurity observation related to account security. This record is for awareness, analysis, and defensive security monitoring.",Discovery,Phishing,
THR-2026-1751,2026-07-10 19:54:18,Network Threat Observation,Vulnerability Exposure,SHA-256,3c6af14fc0de796dd67b6cc0e199e84b9446eb93d1b4b9cec77d13eab2d246d1,Research Report,B,78,High,72,FALSE_POSITIVE,2026-07-07 19:54:18,2026-07-10 19:54:18,Global,"Synthetic defensive cybersecurity observation related to vulnerability exposure. This record is for awareness, analysis, and defensive security monitoring.",Persistence,Data from Information Repositories,CVE-2024-3977
THR-2026-1752,2026-04-27 15:23:18,Network Threat Observation,Vulnerability Exposure,Domain,secure-login.example.org,Security Vendor,A,56,High,70,CLOSED,2026-04-21 15:23:18,2026-05-01 15:23:18,United Kingdom,"Synthetic defensive cybersecurity observation related to vulnerability exposure. This record is for awareness, analysis, and defensive security monitoring.",,,CVE-2021-9827
THR-2026-1753,2026-09-09 23:20:18,Ransomware Activity Pattern,Credential Threat,Domain,cloud-security.example.net,Research Report,B,86,High,68,NEW,2026-08-18 23:20:18,2026-09-13 23:20:18,United Kingdom,"Synthetic defensive cybersecurity observation related to credential threat. This record is for awareness, analysis, and defensive security monitoring.",,,
THR-2026-1754,2026-04-18 10:43:18,Synthetic Credential Phishing Campaign,Web Threat,Email/Sender Domain,alerts@identity-check.invalid,Public Threat Feed,B,44,Medium,46,MONITORING,2026-03-19 10:43:18,2026-04-20 10:43:18,United Kingdom,"Synthetic defensive cybersecurity observation related to web threat. This record is for awareness, analysis, and defensive security monitoring.",Discovery,Phishing,
THR-2026-1755,2026-05-12 20:26:18,Suspicious Web Activity,Data Exposure,CVE,CVE-2024-7382,Security Vendor,A,97,Critical,81,CLOSED,2026-04-22 20:26:18,2026-05-15 20:26:18,United States,"Synthetic defensive cybersecurity observation related to data exposure. This record is for awareness, analysis, and defensive security monitoring.",Initial Access,Valid Accounts,CVE-2024-9854
THR-2026-1756,2026-07-23 04:31:18,Credential Theft Observation,Web Threat,Domain,login-check.example.net,Public Threat Feed,B,32,Medium,50,MONITORING,2026-07-18 04:31:18,2026-07-27 04:31:18,India,"Synthetic defensive cybersecurity observation related to web threat. This record is for awareness, analysis, and defensive security monitoring.",Credential Access,Network Service Scanning,
THR-2026-1757,2026-04-29 20:07:18,Ransomware Activity Pattern,Account Security,CVE,CVE-2023-11171,Internal SOC,A,59,Medium,60,CLOSED,2026-04-23 20:07:18,2026-05-01 20:07:18,Global,"Synthetic defensive cybersecurity observation related to account security. This record is for awareness, analysis, and defensive security monitoring.",Persistence,Application Layer Protocol,CVE-2024-11273
THR-2026-1758,2026-07-24 10:28:18,Network Threat Observation,Vulnerability Exposure,IP,192.0.2.169,Research Report,B,41,Low,34,MONITORING,2026-07-12 10:28:18,2026-07-29 10:28:18,Singapore,"Synthetic defensive cybersecurity observation related to vulnerability exposure. This record is for awareness, analysis, and defensive security monitoring.",Discovery,Application Layer Protocol,CVE-2021-13088
THR-2026-1759,2026-10-02 01:47:18,Potential Data Exposure,Phishing,URL,https://cloud-security.invalid/verify,Research Report,B,91,High,68,UNDER_REVIEW,2026-09-19 01:47:18,2026-10-05 01:47:18,United States,"Synthetic defensive cybersecurity observation related to phishing. This record is for awareness, analysis, and defensive security monitoring.",,,
THR-2026-1760,2026-09-26 17:16:18,Ransomware Activity Pattern,Account Security,Domain,update-service.example.net,Research Report,B,95,High,70,FALSE_POSITIVE,2026-09-14 17:16:18,2026-09-27 17:16:18,United Kingdom,"Synthetic defensive cybersecurity observation related to account security. This record is for awareness, analysis, and defensive security monitoring.",,,
THR-2026-1761,2026-04-10 18:42:18,Credential Theft Observation,Data Exposure,URL,https://identity-check.invalid/verify,Community Submission,C,44,Medium,46,UNDER_REVIEW,2026-04-02 18:42:18,2026-04-14 18:42:18,Global,"Synthetic defensive cybersecurity observation related to data exposure. This record is for awareness, analysis, and defensive security monitoring.",Credential Access,Valid Accounts,
THR-2026-1762,2026-05-22 10:07:18,Account Security Event,Social Engineering,IP,192.0.2.236,Unknown Source,D,30,Medium,46,MONITORING,2026-05-18 10:07:18,2026-05-25 10:07:18,Global,"Synthetic defensive cybersecurity observation related to social engineering. This record is for awareness, analysis, and defensive security monitoring.",Initial Access,Network Service Scanning,
THR-2026-1763,2026-06-11 08:56:18,Account Security Event,Credential Threat,CVE,CVE-2025-9204,Unknown Source,D,25,Medium,51,MONITORING,2026-05-26 08:56:18,2026-06-15 08:56:18,Global,"Synthetic defensive cybersecurity observation related to credential threat. This record is for awareness, analysis, and defensive security monitoring.",,,CVE-2021-54384
THR-2026-1764,2026-06-22 18:16:18,Suspicious Web Activity,Vulnerability Exposure,CVE,CVE-2021-19409,Public Threat Feed,B,43,High,70,NEW,2026-06-01 18:16:18,2026-06-23 18:16:18,United States,"Synthetic defensive cybersecurity observation related to vulnerability exposure. This record is for awareness, analysis, and defensive security monitoring.",,,CVE-2021-15447
THR-2026-1765,2026-07-10 09:07:18,Suspicious Malware Indicator,Malware,Email/Sender Domain,alerts@update-service.invalid,Security Vendor,A,96,Medium,55,MONITORING,2026-06-18 09:07:18,2026-07-11 09:07:18,United Kingdom,"Synthetic defensive cybersecurity observation related to malware. This record is for awareness, analysis, and defensive security monitoring.",Credential Access,Phishing,
THR-2026-1766,2026-06-28 21:45:18,Credential Theft Observation,Data Exposure,URL,https://login-check.invalid/verify,Community Submission,C,98,High,70,UNDER_REVIEW,2026-06-19 21:45:18,2026-07-03 21:45:18,India,"Synthetic defensive cybersecurity observation related to data exposure. This record is for awareness, analysis, and defensive security monitoring.",Persistence,Data from Information Repositories,
THR-2026-1767,2026-04-18 20:13:18,Synthetic Credential Phishing Campaign,Network Threat,SHA-256,9c71c404ba5b428c574c2aa05c036d5f18971c669635878356afabcc134b6f9d,Research Report,B,85,Medium,60,UNDER_REVIEW,2026-04-10 20:13:18,2026-04-18 20:13:18,Global,"Synthetic defensive cybersecurity observation related to network threat. This record is for awareness, analysis, and defensive security monitoring.",Credential Access,User Execution,
THR-2026-1768,2026-08-02 16:45:18,Account Security Event,Web Threat,Email/Sender Domain,alerts@account-verify.invalid,Research Report,B,92,High,70,UNDER_REVIEW,2026-07-11 16:45:18,2026-08-03 16:45:18,Global,"Synthetic defensive cybersecurity observation related to web threat. This record is for awareness, analysis, and defensive security monitoring.",Command and Control,Credential Phishing,
THR-2026-1769,2026-06-12 00:37:18,Synthetic Credential Phishing Campaign,Web Threat,IP,198.51.100.126,Unknown Source,D,74,Medium,45,CLOSED,2026-05-13 00:37:18,2026-06-12 00:37:18,United States,"Synthetic defensive cybersecurity observation related to web threat. This record is for awareness, analysis, and defensive security monitoring.",Initial Access,Application Layer Protocol,
THR-2026-1770,2026-07-21 22:01:18,Synthetic Credential Phishing Campaign,Phishing,IP,198.51.100.239,Public Threat Feed,B,93,Medium,59,MONITORING,2026-07-18 22:01:18,2026-07-22 22:01:18,India,"Synthetic defensive cybersecurity observation related to phishing. This record is for awareness, analysis, and defensive security monitoring.",,,
THR-2026-1771,2026-05-14 23:02:18,Account Security Event,Phishing,URL,https://account-verify.example.org/verify,Community Submission,C,91,High,69,FALSE_POSITIVE,2026-04-24 23:02:18,2026-05-19 23:02:18,India,"Synthetic defensive cybersecurity observation related to phishing. This record is for awareness, analysis, and defensive security monitoring.",Credential Access,Phishing,
THR-2026-1772,2026-10-04 09:23:18,Account Security Event,Credential Threat,SHA-256,7d7f8967811060c77b47acf7e5bc7ffeb20633eb45438f5b7f6ea77957258659,Unknown Source,D,28,High,61,FALSE_POSITIVE,2026-09-19 09:23:18,2026-10-05 09:23:18,United States,"Synthetic defensive cybersecurity observation related to credential threat. This record is for awareness, analysis, and defensive security monitoring.",Exfiltration,Valid Accounts,
THR-2026-1773,2026-05-11 13:03:18,Synthetic Credential Phishing Campaign,Phishing,SHA-256,05b5e45ce3ead0f5f3ecf632d108f5728656e9d9b71d2c50308dc3f04e3f7798,Internal SOC,A,39,Medium,60,NEW,2026-04-28 13:03:18,2026-05-11 13:03:18,United Kingdom,"Synthetic defensive cybersecurity observation related to phishing. This record is for awareness, analysis, and defensive security monitoring.",Persistence,User Execution,
THR-2026-1774,2026-08-06 14:09:18,Vulnerability Exposure,Malware,URL,https://identity-check.example.org/verify,Unknown Source,D,79,High,61,MONITORING,2026-07-21 14:09:18,2026-08-08 14:09:18,United States,"Synthetic defensive cybersecurity observation related to malware. This record is for awareness, analysis, and defensive security monitoring.",Execution,Network Service Scanning,
THR-2026-1775,2026-07-05 03:53:18,Account Security Event,Malware,SHA-256,22c8f99b3668db16c960d3e353fd51b09d532f84905722a77f467dd4459bc347,Public Threat Feed,B,28,High,62,UNDER_REVIEW,2026-07-05 03:53:18,2026-07-05 03:53:18,Germany,"Synthetic defensive cybersecurity observation related to malware. This record is for awareness, analysis, and defensive security monitoring.",Command and Control,Credential Phishing,
THR-2026-1776,2026-08-06 08:22:18,Ransomware Activity Pattern,Network Threat,Domain,account-verify.example.net,Public Threat Feed,B,39,High,70,UNDER_REVIEW,2026-07-31 08:22:18,2026-08-10 08:22:18,United States,"Synthetic defensive cybersecurity observation related to network threat. This record is for awareness, analysis, and defensive security monitoring.",Exfiltration,Application Layer Protocol,
THR-2026-1777,2026-04-29 06:56:18,Suspicious Malware Indicator,Data Exposure,URL,https://account-verify.invalid/verify,Research Report,B,73,High,74,UNDER_REVIEW,2026-04-14 06:56:18,2026-05-04 06:56:18,United Kingdom,"Synthetic defensive cybersecurity observation related to data exposure. This record is for awareness, analysis, and defensive security monitoring.",Discovery,Valid Accounts,
THR-2026-1778,2026-07-04 00:16:18,Network Threat Observation,Malware,SHA-256,be00a98ee1306e33c2a53381cd130c58c2f00561ca07b5933109bb551b2eccb3,Research Report,B,74,High,68,FALSE_POSITIVE,2026-06-14 00:16:18,2026-07-04 00:16:18,United States,"Synthetic defensive cybersecurity observation related to malware. This record is for awareness, analysis, and defensive security monitoring.",Initial Access,Application Layer Protocol,
THR-2026-1779,2026-08-18 00:03:18,Account Security Event,Malware,SHA-256,78c91f8eea1df962b219dc15012f2d80a4aeb6a543f450fadef28b5df2b8fca5,Public Threat Feed,B,28,Medium,51,FALSE_POSITIVE,2026-08-10 00:03:18,2026-08-21 00:03:18,Germany,"Synthetic defensive cybersecurity observation related to malware. This record is for awareness, analysis, and defensive security monitoring.",Initial Access,Phishing,
THR-2026-1780,2026-05-04 13:36:18,Potential Data Exposure,Web Threat,CVE,CVE-2024-27052,Security Vendor,A,66,High,72,FALSE_POSITIVE,2026-04-26 13:36:18,2026-05-09 13:36:18,United States,"Synthetic defensive cybersecurity observation related to web threat. This record is for awareness, analysis, and defensive security monitoring.",Persistence,User Execution,CVE-2021-48467
THR-2026-1781,2026-06-28 10:51:18,Suspicious Malware Indicator,Ransomware,Email/Sender Domain,alerts@identity-check.invalid,Internal SOC,A,32,Medium,54,NEW,2026-06-27 10:51:18,2026-07-03 10:51:18,Global,"Synthetic defensive cybersecurity observation related to ransomware. This record is for awareness, analysis, and defensive security monitoring.",Persistence,Credential Phishing,
THR-2026-1782,2026-04-28 15:19:18,Synthetic Credential Phishing Campaign,Malware,SHA-256,c097a758b5b65a47e62eb35d01f6829ca67bcb157165172d9e78129fe63b299d,Internal SOC,A,83,Medium,56,FALSE_POSITIVE,2026-04-26 15:19:18,2026-04-29 15:19:18,Singapore,"Synthetic defensive cybersecurity observation related to malware. This record is for awareness, analysis, and defensive security monitoring.",Execution,Application Layer Protocol,
THR-2026-1783,2026-04-13 13:55:18,Social Engineering Attempt,Credential Threat,Email/Sender Domain,alerts@security-alert.example.com,Community Submission,C,73,High,80,UNDER_REVIEW,2026-03-15 13:55:18,2026-04-18 13:55:18,India,"Synthetic defensive cybersecurity observation related to credential threat. This record is for awareness, analysis, and defensive security monitoring.",Initial Access,User Execution,
THR-2026-1784,2026-06-22 00:31:18,Ransomware Activity Pattern,Web Threat,Email/Sender Domain,alerts@login-check.example.com,Internal SOC,A,84,High,69,UNDER_REVIEW,2026-05-30 00:31:18,2026-06-25 00:31:18,India,"Synthetic defensive cybersecurity observation related to web threat. This record is for awareness, analysis, and defensive security monitoring.",Credential Access,Valid Accounts,
THR-2026-1785,2026-06-29 09:11:18,Synthetic Credential Phishing Campaign,Malware,Email/Sender Domain,alerts@security-alert.example.com,Unknown Source,D,75,High,73,CLOSED,2026-06-09 09:11:18,2026-07-04 09:11:18,United Kingdom,"Synthetic defensive cybersecurity observation related to malware. This record is for awareness, analysis, and defensive security monitoring.",,,
THR-2026-1786,2026-04-27 16:14:18,Credential Theft Observation,Malware,CVE,CVE-2022-15767,Research Report,B,55,High,66,FALSE_POSITIVE,2026-04-25 16:14:18,2026-04-30 16:14:18,Australia,"Synthetic defensive cybersecurity observation related to malware. This record is for awareness, analysis, and defensive security monitoring.",Initial Access,Application Layer Protocol,CVE-2021-55827
THR-2026-1787,2026-08-27 15:00:18,Social Engineering Attempt,Account Security,CVE,CVE-2025-18041,Internal SOC,A,47,Medium,57,FALSE_POSITIVE,2026-08-15 15:00:18,2026-08-30 15:00:18,Global,"Synthetic defensive cybersecurity observation related to account security. This record is for awareness, analysis, and defensive security monitoring.",,,CVE-2025-16754
THR-2026-1788,2026-04-30 22:03:18,Suspicious Web Activity,Account Security,Email/Sender Domain,alerts@cloud-security.example.com,Public Threat Feed,B,46,Medium,56,CLOSED,2026-04-22 22:03:18,2026-05-02 22:03:18,Global,"Synthetic defensive cybersecurity observation related to account security. This record is for awareness, analysis, and defensive security monitoring.",Command and Control,Application Layer Protocol,
THR-2026-1789,2026-08-10 10:24:18,Synthetic Credential Phishing Campaign,Data Exposure,SHA-256,d7da53224e72f4fd0455f8f1b54cba5f0ea9f10bbe82633c98abb05aaedd6d2c,Community Submission,C,39,Medium,59,FALSE_POSITIVE,2026-08-02 10:24:18,2026-08-10 10:24:18,Germany,"Synthetic defensive cybersecurity observation related to data exposure. This record is for awareness, analysis, and defensive security monitoring.",Credential Access,Phishing,
THR-2026-1790,2026-06-03 19:21:18,Network Threat Observation,Network Threat,URL,https://secure-login.invalid/verify,Internal SOC,A,32,High,63,UNDER_REVIEW,2026-05-05 19:21:18,2026-06-07 19:21:18,India,"Synthetic defensive cybersecurity observation related to network threat. This record is for awareness, analysis, and defensive security monitoring.",,,
THR-2026-1791,2026-06-25 23:05:18,Potential Data Exposure,Web Threat,SHA-256,059276803a0c9cacc44a03f261cb1e908385ea0e3f56c10767f87a68e55b87d0,Security Vendor,A,84,High,71,NEW,2026-06-25 23:05:18,2026-06-26 23:05:18,Singapore,"Synthetic defensive cybersecurity observation related to web threat. This record is for awareness, analysis, and defensive security monitoring.",,,
THR-2026-1792,2026-06-01 21:02:18,Account Security Event,Phishing,Domain,security-alert.example.org,Research Report,B,69,High,79,CLOSED,2026-05-25 21:02:18,2026-06-06 21:02:18,Global,"Synthetic defensive cybersecurity observation related to phishing. This record is for awareness, analysis, and defensive security monitoring.",Discovery,User Execution,
THR-2026-1793,2026-09-17 09:21:18,Social Engineering Attempt,Network Threat,IP,192.0.2.56,Research Report,B,43,Medium,58,FALSE_POSITIVE,2026-08-27 09:21:18,2026-09-18 09:21:18,Germany,"Synthetic defensive cybersecurity observation related to network threat. This record is for awareness, analysis, and defensive security monitoring.",Execution,User Execution,
THR-2026-1794,2026-05-16 02:05:18,Synthetic Credential Phishing Campaign,Vulnerability Exposure,CVE,CVE-2023-27078,Security Vendor,A,80,Medium,57,UNDER_REVIEW,2026-04-19 02:05:18,2026-05-17 02:05:18,India,"Synthetic defensive cybersecurity observation related to vulnerability exposure. This record is for awareness, analysis, and defensive security monitoring.",,,CVE-2021-36588
THR-2026-1795,2026-08-30 19:22:18,Potential Data Exposure,Data Exposure,CVE,CVE-2025-14285,Internal SOC,A,46,Medium,53,NEW,2026-08-23 19:22:18,2026-08-31 19:22:18,United States,"Synthetic defensive cybersecurity observation related to data exposure. This record is for awareness, analysis, and defensive security monitoring.",,,CVE-2024-45757
THR-2026-1796,2026-08-28 06:51:18,Social Engineering Attempt,Social Engineering,Domain,cloud-security.invalid,Internal SOC,A,70,High,73,FALSE_POSITIVE,2026-08-13 06:51:18,2026-08-29 06:51:18,United Kingdom,"Synthetic defensive cybersecurity observation related to social engineering. This record is for awareness, analysis, and defensive security monitoring.",,,
THR-2026-1797,2026-04-09 22:03:18,Suspicious Malware Indicator,Ransomware,Email/Sender Domain,alerts@security-alert.example.org,Unknown Source,D,33,Medium,54,MONITORING,2026-03-12 22:03:18,2026-04-10 22:03:18,United Kingdom,"Synthetic defensive cybersecurity observation related to ransomware. This record is for awareness, analysis, and defensive security monitoring.",Initial Access,Application Layer Protocol,
THR-2026-1798,2026-07-19 13:17:18,Vulnerability Exposure,Phishing,IP,192.0.2.54,Unknown Source,D,35,High,67,NEW,2026-06-25 13:17:18,2026-07-21 13:17:18,India,"Synthetic defensive cybersecurity observation related to phishing. This record is for awareness, analysis, and defensive security monitoring.",,,
THR-2026-1799,2026-09-26 07:04:18,Credential Theft Observation,Credential Threat,SHA-256,681e4697be25f8b9cbf9c555f4fcb705ef7de900e43fd13cb3e54cc9b902cafa,Security Vendor,A,82,Medium,46,MONITORING,2026-09-06 07:04:18,2026-09-30 07:04:18,Australia,"Synthetic defensive cybersecurity observation related to credential threat. This record is for awareness, analysis, and defensive security monitoring.",,,
THR-2026-1800,2026-06-15 17:42:18,Vulnerability Exposure,Ransomware,CVE,CVE-2026-26978,Internal SOC,A,83,Medium,60,UNDER_REVIEW,2026-05-19 17:42:18,2026-06-19 17:42:18,India,"Synthetic defensive cybersecurity observation related to ransomware. This record is for awareness, analysis, and defensive security monitoring.",Credential Access,Data from Information Repositories,CVE-2021-58094
THR-2026-1801,2026-08-14 11:35:18,Suspicious Malware Indicator,Vulnerability Exposure,Email/Sender Domain,alerts@update-service.example.net,Public Threat Feed,B,96,High,64,MONITORING,2026-08-03 11:35:18,2026-08-16 11:35:18,Singapore,"Synthetic defensive cybersecurity observation related to vulnerability exposure. This record is for awareness, analysis, and defensive security monitoring.",,,CVE-2021-26528
THR-2026-1802,2026-05-17 11:45:18,Vulnerability Exposure,Social Engineering,IP,198.51.100.37,Unknown Source,D,94,Medium,56,FALSE_POSITIVE,2026-05-07 11:45:18,2026-05-22 11:45:18,Germany,"Synthetic defensive cybersecurity observation related to social engineering. This record is for awareness, analysis, and defensive security monitoring.",,,
THR-2026-1803,2026-10-04 00:59:18,Vulnerability Exposure,Ransomware,Email/Sender Domain,alerts@secure-login.example.net,Community Submission,C,41,Low,36,NEW,2026-10-04 00:59:18,2026-10-09 00:59:18,Australia,"Synthetic defensive cybersecurity observation related to ransomware. This record is for awareness, analysis, and defensive security monitoring.",Command and Control,Data from Information Repositories,
THR-2026-1804,2026-04-10 04:07:18,Potential Data Exposure,Credential Threat,IP,192.0.2.84,Unknown Source,D,45,Medium,56,FALSE_POSITIVE,2026-04-05 04:07:18,2026-04-11 04:07:18,Global,"Synthetic defensive cybersecurity observation related to credential threat. This record is for awareness, analysis, and defensive security monitoring.",Discovery,Valid Accounts,
THR-2026-1805,2026-09-20 12:57:18,Credential Theft Observation,Social Engineering,CVE,CVE-2025-24863,Research Report,B,63,High,61,NEW,2026-08-29 12:57:18,2026-09-22 12:57:18,Global,"Synthetic defensive cybersecurity observation related to social engineering. This record is for awareness, analysis, and defensive security monitoring.",Initial Access,Phishing,CVE-2022-23273
THR-2026-1806,2026-08-19 21:23:18,Vulnerability Exposure,Malware,URL,https://login-check.example.com/verify,Community Submission,C,66,High,72,NEW,2026-07-28 21:23:18,2026-08-23 21:23:18,Germany,"Synthetic defensive cybersecurity observation related to malware. This record is for awareness, analysis, and defensive security monitoring.",Persistence,Network Service Scanning,
THR-2026-1807,2026-05-29 11:06:18,Potential Data Exposure,Account Security,IP,198.51.100.18,Research Report,B,27,High,68,MONITORING,2026-05-05 11:06:18,2026-06-02 11:06:18,Global,"Synthetic defensive cybersecurity observation related to account security. This record is for awareness, analysis, and defensive security monitoring.",,,
THR-2026-1808,2026-04-18 12:28:18,Network Threat Observation,Ransomware,Domain,secure-login.example.net,Internal SOC,A,53,High,66,CLOSED,2026-03-30 12:28:18,2026-04-19 12:28:18,United Kingdom,"Synthetic defensive cybersecurity observation related to ransomware. This record is for awareness, analysis, and defensive security monitoring.",Credential Access,Credential Phishing,
THR-2026-1809,2026-05-06 18:37:18,Social Engineering Attempt,Account Security,Email/Sender Domain,alerts@update-service.example.com,Public Threat Feed,B,36,High,66,CLOSED,2026-05-06 18:37:18,2026-05-11 18:37:18,Global,"Synthetic defensive cybersecurity observation related to account security. This record is for awareness, analysis, and defensive security monitoring.",Persistence,User Execution,
THR-2026-1810,2026-05-22 17:22:18,Ransomware Activity Pattern,Malware,IP,192.0.2.30,Internal SOC,A,25,High,71,UNDER_REVIEW,2026-04-23 17:22:18,2026-05-22 17:22:18,United States,"Synthetic defensive cybersecurity observation related to malware. This record is for awareness, analysis, and defensive security monitoring.",Credential Access,Application Layer Protocol,
THR-2026-1811,2026-06-09 22:08:18,Account Security Event,Data Exposure,Email/Sender Domain,alerts@secure-login.example.com,Security Vendor,A,32,Medium,56,NEW,2026-05-17 22:08:18,2026-06-09 22:08:18,Australia,"Synthetic defensive cybersecurity observation related to data exposure. This record is for awareness, analysis, and defensive security monitoring.",Credential Access,User Execution,
THR-2026-1812,2026-05-10 16:43:18,Vulnerability Exposure,Vulnerability Exposure,IP,192.0.2.234,Unknown Source,D,56,High,75,UNDER_REVIEW,2026-04-26 16:43:18,2026-05-10 16:43:18,United States,"Synthetic defensive cybersecurity observation related to vulnerability exposure. This record is for awareness, analysis, and defensive security monitoring.",Discovery,Application Layer Protocol,CVE-2023-46608
THR-2026-1813,2026-05-27 00:05:18,Suspicious Malware Indicator,Social Engineering,CVE,CVE-2025-51657,Community Submission,C,91,High,78,MONITORING,2026-05-07 00:05:18,2026-05-31 00:05:18,Global,"Synthetic defensive cybersecurity observation related to social engineering. This record is for awareness, analysis, and defensive security monitoring.",Execution,Network Service Scanning,CVE-2025-43726
THR-2026-1814,2026-06-07 04:20:18,Account Security Event,Social Engineering,SHA-256,dace99c674547c5de59adc24014a3c7c819f4a9439b79b1485ee1030f907cc2d,Community Submission,C,31,Medium,58,MONITORING,2026-05-20 04:20:18,2026-06-09 04:20:18,Global,"Synthetic defensive cybersecurity observation related to social engineering. This record is for awareness, analysis, and defensive security monitoring.",Persistence,User Execution,
THR-2026-1815,2026-09-23 21:26:18,Network Threat Observation,Social Engineering,CVE,CVE-2023-43873,Unknown Source,D,57,High,72,UNDER_REVIEW,2026-09-05 21:26:18,2026-09-24 21:26:18,United Kingdom,"Synthetic defensive cybersecurity observation related to social engineering. This record is for awareness, analysis, and defensive security monitoring.",Exfiltration,Credential Phishing,CVE-2024-42959
THR-2026-1816,2026-05-09 14:53:18,Account Security Event,Network Threat,Email/Sender Domain,alerts@identity-check.invalid,Community Submission,C,75,Medium,50,CLOSED,2026-04-23 14:53:18,2026-05-10 14:53:18,Global,"Synthetic defensive cybersecurity observation related to network threat. This record is for awareness, analysis, and defensive security monitoring.",Discovery,Application Layer Protocol,
THR-2026-1817,2026-04-15 20:30:18,Social Engineering Attempt,Account Security,SHA-256,351e7290b4bee4b6fde1b3f7e673310bd6d61e196932f0852fd225da163321cf,Community Submission,C,65,High,63,MONITORING,2026-04-02 20:30:18,2026-04-20 20:30:18,Global,"Synthetic defensive cybersecurity observation related to account security. This record is for awareness, analysis, and defensive security monitoring.",,,
THR-2026-1818,2026-04-21 14:45:18,Vulnerability Exposure,Credential Threat,URL,https://login-check.example.com/verify,Research Report,B,87,High,75,MONITORING,2026-03-27 14:45:18,2026-04-26 14:45:18,Australia,"Synthetic defensive cybersecurity observation related to credential threat. This record is for awareness, analysis, and defensive security monitoring.",Initial Access,Application Layer Protocol,
THR-2026-1819,2026-08-18 05:06:18,Credential Theft Observation,Phishing,SHA-256,7f5d1f03c123e069cb969d3467b90f024cde70335753c8c1fb4e39f4481e4ecb,Public Threat Feed,B,52,High,63,CLOSED,2026-07-27 05:06:18,2026-08-22 05:06:18,Singapore,"Synthetic defensive cybersecurity observation related to phishing. This record is for awareness, analysis, and defensive security monitoring.",Discovery,Network Service Scanning,
THR-2026-1820,2026-08-09 09:03:18,Network Threat Observation,Network Threat,Domain,security-alert.example.com,Unknown Source,D,67,High,73,CLOSED,2026-07-10 09:03:18,2026-08-10 09:03:18,United States,"Synthetic defensive cybersecurity observation related to network threat. This record is for awareness, analysis, and defensive security monitoring.",Persistence,Application Layer Protocol,
THR-2026-1821,2026-08-18 07:43:18,Suspicious Web Activity,Network Threat,IP,198.51.100.203,Research Report,B,82,Medium,59,FALSE_POSITIVE,2026-08-11 07:43:18,2026-08-20 07:43:18,United Kingdom,"Synthetic defensive cybersecurity observation related to network threat. This record is for awareness, analysis, and defensive security monitoring.",Initial Access,Network Service Scanning,
THR-2026-1822,2026-09-26 10:25:18,Suspicious Web Activity,Credential Threat,CVE,CVE-2023-37936,Public Threat Feed,B,72,Medium,58,MONITORING,2026-09-23 10:25:18,2026-09-29 10:25:18,Global,"Synthetic defensive cybersecurity observation related to credential threat. This record is for awareness, analysis, and defensive security monitoring.",,,CVE-2024-21261
THR-2026-1823,2026-04-18 16:46:18,Synthetic Credential Phishing Campaign,Social Engineering,SHA-256,c5ead1180920d4cac592637d1cc04047804c0afc50d3ae66b900058c7f430425,Security Vendor,A,45,Medium,47,MONITORING,2026-03-19 16:46:18,2026-04-23 16:46:18,India,"Synthetic defensive cybersecurity observation related to social engineering. This record is for awareness, analysis, and defensive security monitoring.",Credential Access,Application Layer Protocol,
THR-2026-1824,2026-04-22 04:10:18,Vulnerability Exposure,Vulnerability Exposure,IP,203.0.113.178,Internal SOC,A,46,High,77,MONITORING,2026-03-31 04:10:18,2026-04-27 04:10:18,United States,"Synthetic defensive cybersecurity observation related to vulnerability exposure. This record is for awareness, analysis, and defensive security monitoring.",Command and Control,Phishing,CVE-2023-19565
THR-2026-1825,2026-06-23 05:06:18,Social Engineering Attempt,Web Threat,URL,https://cloud-security.example.org/verify,Internal SOC,A,68,Medium,58,UNDER_REVIEW,2026-06-13 05:06:18,2026-06-26 05:06:18,United States,"Synthetic defensive cybersecurity observation related to web threat. This record is for awareness, analysis, and defensive security monitoring.",Command and Control,Valid Accounts,
THR-2026-1826,2026-04-14 22:49:18,Credential Theft Observation,Social Engineering,SHA-256,2bfacfc5fe3390c48ee63f8e213d3676e678ba1a30cd3bbace1fe16f0a4fac87,Security Vendor,A,49,High,71,FALSE_POSITIVE,2026-04-14 22:49:18,2026-04-18 22:49:18,Germany,"Synthetic defensive cybersecurity observation related to social engineering. This record is for awareness, analysis, and defensive security monitoring.",Command and Control,Application Layer Protocol,
THR-2026-1827,2026-08-28 10:15:18,Vulnerability Exposure,Ransomware,SHA-256,59a28195f4442c88d7ab08fd8b50c6e61f01189d7083efb08167dfe091255b29,Public Threat Feed,B,97,High,77,CLOSED,2026-08-14 10:15:18,2026-08-30 10:15:18,Global,"Synthetic defensive cybersecurity observation related to ransomware. This record is for awareness, analysis, and defensive security monitoring.",Discovery,Phishing,
THR-2026-1828,2026-08-22 10:48:18,Social Engineering Attempt,Vulnerability Exposure,CVE,CVE-2024-40264,Security Vendor,A,84,High,68,CLOSED,2026-08-16 10:48:18,2026-08-26 10:48:18,United States,"Synthetic defensive cybersecurity observation related to vulnerability exposure. This record is for awareness, analysis, and defensive security monitoring.",Initial Access,Credential Phishing,CVE-2025-3173
THR-2026-1829,2026-05-07 12:11:18,Account Security Event,Ransomware,CVE,CVE-2022-8371,Unknown Source,D,49,Medium,51,NEW,2026-04-10 12:11:18,2026-05-07 12:11:18,Global,"Synthetic defensive cybersecurity observation related to ransomware. This record is for awareness, analysis, and defensive security monitoring.",Persistence,Valid Accounts,CVE-2025-25767
THR-2026-1830,2026-05-15 06:55:18,Social Engineering Attempt,Phishing,SHA-256,c6cf01eaea4175177b51dd0d2259a4684e0f1deff697911a5e25c3666d180f8d,Security Vendor,A,47,Medium,48,UNDER_REVIEW,2026-05-11 06:55:18,2026-05-19 06:55:18,Germany,"Synthetic defensive cybersecurity observation related to phishing. This record is for awareness, analysis, and defensive security monitoring.",Exfiltration,Phishing,
THR-2026-1831,2026-08-23 17:52:18,Ransomware Activity Pattern,Network Threat,URL,https://identity-check.invalid/verify,Research Report,B,66,High,74,NEW,2026-08-19 17:52:18,2026-08-23 17:52:18,United States,"Synthetic defensive cybersecurity observation related to network threat. This record is for awareness, analysis, and defensive security monitoring.",,,
THR-2026-1832,2026-07-03 19:14:18,Synthetic Credential Phishing Campaign,Vulnerability Exposure,Email/Sender Domain,alerts@cloud-security.example.net,Unknown Source,D,62,High,70,NEW,2026-06-23 19:14:18,2026-07-04 19:14:18,Australia,"Synthetic defensive cybersecurity observation related to vulnerability exposure. This record is for awareness, analysis, and defensive security monitoring.",Credential Access,Data from Information Repositories,CVE-2024-27761
THR-2026-1833,2026-06-09 05:23:18,Social Engineering Attempt,Web Threat,SHA-256,97457ef8be43c38783d5377dd838cd2026ad5bcd808a4d106305e2096e3255a4,Unknown Source,D,57,Medium,54,FALSE_POSITIVE,2026-05-23 05:23:18,2026-06-12 05:23:18,United Kingdom,"Synthetic defensive cybersecurity observation related to web threat. This record is for awareness, analysis, and defensive security monitoring.",Initial Access,Credential Phishing,
THR-2026-1834,2026-06-10 10:24:18,Ransomware Activity Pattern,Phishing,CVE,CVE-2025-21074,Community Submission,C,59,High,68,UNDER_REVIEW,2026-06-08 10:24:18,2026-06-11 10:24:18,Germany,"Synthetic defensive cybersecurity observation related to phishing. This record is for awareness, analysis, and defensive security monitoring.",Discovery,Phishing,CVE-2025-30737
THR-2026-1835,2026-04-23 23:35:18,Credential Theft Observation,Account Security,Domain,cloud-security.example.net,Internal SOC,A,43,High,66,NEW,2026-04-20 23:35:18,2026-04-26 23:35:18,Australia,"Synthetic defensive cybersecurity observation related to account security. This record is for awareness, analysis, and defensive security monitoring.",,,
THR-2026-1836,2026-10-03 05:47:18,Social Engineering Attempt,Data Exposure,SHA-256,751eddeee7031549eec09b1eed55237fcffe5549c94097953e47f321f82b6fb5,Research Report,B,74,Medium,57,MONITORING,2026-09-11 05:47:18,2026-10-08 05:47:18,Australia,"Synthetic defensive cybersecurity observation related to data exposure. This record is for awareness, analysis, and defensive security monitoring.",Initial Access,Valid Accounts,
THR-2026-1837,2026-08-31 18:08:18,Suspicious Web Activity,Social Engineering,Email/Sender Domain,alerts@login-check.example.net,Public Threat Feed,B,40,High,65,NEW,2026-08-20 18:08:18,2026-09-01 18:08:18,India,"Synthetic defensive cybersecurity observation related to social engineering. This record is for awareness, analysis, and defensive security monitoring.",Discovery,Network Service Scanning,
THR-2026-1838,2026-10-04 13:44:18,Vulnerability Exposure,Malware,Email/Sender Domain,alerts@update-service.invalid,Unknown Source,D,58,High,65,MONITORING,2026-09-19 13:44:18,2026-10-04 13:44:18,United States,"Synthetic defensive cybersecurity observation related to malware. This record is for awareness, analysis, and defensive security monitoring.",Initial Access,Credential Phishing,
THR-2026-1839,2026-08-09 04:24:18,Social Engineering Attempt,Social Engineering,CVE,CVE-2026-10939,Public Threat Feed,B,32,Medium,42,MONITORING,2026-07-23 04:24:18,2026-08-13 04:24:18,Germany,"Synthetic defensive cybersecurity observation related to social engineering. This record is for awareness, analysis, and defensive security monitoring.",Initial Access,Application Layer Protocol,CVE-2025-25858
THR-2026-1840,2026-09-21 14:21:18,Network Threat Observation,Phishing,URL,https://login-check.example.com/verify,Research Report,B,36,High,65,NEW,2026-09-20 14:21:18,2026-09-21 14:21:18,United Kingdom,"Synthetic defensive cybersecurity observation related to phishing. This record is for awareness, analysis, and defensive security monitoring.",Initial Access,Valid Accounts,
THR-2026-1841,2026-08-22 10:46:18,Account Security Event,Network Threat,CVE,CVE-2025-32022,Security Vendor,A,85,High,69,MONITORING,2026-08-22 10:46:18,2026-08-27 10:46:18,Australia,"Synthetic defensive cybersecurity observation related to network threat. This record is for awareness, analysis, and defensive security monitoring.",Credential Access,Application Layer Protocol,CVE-2024-24886
THR-2026-1842,2026-07-18 02:58:18,Account Security Event,Network Threat,CVE,CVE-2026-17902,Public Threat Feed,B,79,High,71,UNDER_REVIEW,2026-06-24 02:58:18,2026-07-19 02:58:18,India,"Synthetic defensive cybersecurity observation related to network threat. This record is for awareness, analysis, and defensive security monitoring.",,,CVE-2026-45446
THR-2026-1843,2026-09-24 13:57:18,Account Security Event,Web Threat,IP,192.0.2.223,Security Vendor,A,39,Medium,51,CLOSED,2026-09-13 13:57:18,2026-09-24 13:57:18,Global,"Synthetic defensive cybersecurity observation related to web threat. This record is for awareness, analysis, and defensive security monitoring.",,,
THR-2026-1844,2026-10-03 19:31:18,Account Security Event,Vulnerability Exposure,SHA-256,16d871611599198f09b2e26c7399dee128db6da437370eaa9f1d3127b09eeffe,Internal SOC,A,82,High,73,NEW,2026-09-23 19:31:18,2026-10-06 19:31:18,Global,"Synthetic defensive cybersecurity observation related to vulnerability exposure. This record is for awareness, analysis, and defensive security monitoring.",Persistence,Network Service Scanning,CVE-2024-20738
THR-2026-1845,2026-05-07 16:49:18,Network Threat Observation,Web Threat,Email/Sender Domain,alerts@secure-login.example.net,Security Vendor,A,91,High,70,UNDER_REVIEW,2026-04-21 16:49:18,2026-05-07 16:49:18,United Kingdom,"Synthetic defensive cybersecurity observation related to web threat. This record is for awareness, analysis, and defensive security monitoring.",Command and Control,Phishing,
THR-2026-1846,2026-05-15 22:38:18,Network Threat Observation,Network Threat,SHA-256,54d3c8895dcd2eb305d73c05db88852d379963c8fbb56e6a8f06064df0f2425c,Public Threat Feed,B,67,High,64,CLOSED,2026-05-10 22:38:18,2026-05-17 22:38:18,Australia,"Synthetic defensive cybersecurity observation related to network threat. This record is for awareness, analysis, and defensive security monitoring.",Discovery,Phishing,
THR-2026-1847,2026-05-22 03:25:18,Network Threat Observation,Malware,IP,203.0.113.57,Community Submission,C,32,Medium,48,UNDER_REVIEW,2026-05-01 03:25:18,2026-05-25 03:25:18,India,"Synthetic defensive cybersecurity observation related to malware. This record is for awareness, analysis, and defensive security monitoring.",Execution,User Execution,
THR-2026-1848,2026-04-22 03:07:18,Synthetic Credential Phishing Campaign,Account Security,SHA-256,632dc40a88c0f3bbbb8814e018e636dcb10b439ef5e5f16aa09051e58b3f6c83,Internal SOC,A,51,Medium,48,UNDER_REVIEW,2026-03-24 03:07:18,2026-04-26 03:07:18,Australia,"Synthetic defensive cybersecurity observation related to account security. This record is for awareness, analysis, and defensive security monitoring.",Exfiltration,Credential Phishing,
THR-2026-1849,2026-07-13 02:17:18,Social Engineering Attempt,Web Threat,Domain,cloud-security.invalid,Community Submission,C,88,High,63,FALSE_POSITIVE,2026-06-17 02:17:18,2026-07-14 02:17:18,United States,"Synthetic defensive cybersecurity observation related to web threat. This record is for awareness, analysis, and defensive security monitoring.",Initial Access,Data from Information Repositories,
THR-2026-1850,2026-07-18 23:51:18,Social Engineering Attempt,Web Threat,SHA-256,189a49922ef090bd7d1bfe480d088c49c0f17ac2d3e89df8ec85f06353031278,Community Submission,C,57,High,77,CLOSED,2026-07-09 23:51:18,2026-07-19 23:51:18,Australia,"Synthetic defensive cybersecurity observation related to web threat. This record is for awareness, analysis, and defensive security monitoring.",,,
THR-2026-1851,2026-06-10 06:20:18,Network Threat Observation,Data Exposure,URL,https://cloud-security.example.com/verify,Internal SOC,A,48,Medium,56,FALSE_POSITIVE,2026-05-31 06:20:18,2026-06-14 06:20:18,Global,"Synthetic defensive cybersecurity observation related to data exposure. This record is for awareness, analysis, and defensive security monitoring.",Execution,Credential Phishing,
THR-2026-1852,2026-05-19 19:22:18,Network Threat Observation,Social Engineering,SHA-256,11e1f7c272d3a5e309df63d1a0684a4ac617acae8a97a78e09eb306c2b55922e,Public Threat Feed,B,89,Critical,82,MONITORING,2026-04-19 19:22:18,2026-05-22 19:22:18,Germany,"Synthetic defensive cybersecurity observation related to social engineering. This record is for awareness, analysis, and defensive security monitoring.",Exfiltration,User Execution,
THR-2026-1853,2026-05-09 13:38:18,Account Security Event,Malware,Domain,update-service.example.com,Unknown Source,D,39,High,63,CLOSED,2026-04-26 13:38:18,2026-05-09 13:38:18,United Kingdom,"Synthetic defensive cybersecurity observation related to malware. This record is for awareness, analysis, and defensive security monitoring.",Command and Control,Phishing,
THR-2026-1854,2026-08-27 02:58:18,Credential Theft Observation,Account Security,Domain,update-service.example.org,Public Threat Feed,B,56,Medium,57,CLOSED,2026-08-11 02:58:18,2026-08-29 02:58:18,India,"Synthetic defensive cybersecurity observation related to account security. This record is for awareness, analysis, and defensive security monitoring.",Initial Access,User Execution,
THR-2026-1855,2026-09-19 21:50:18,Network Threat Observation,Vulnerability Exposure,Email/Sender Domain,alerts@security-alert.invalid,Public Threat Feed,B,42,High,63,CLOSED,2026-08-29 21:50:18,2026-09-22 21:50:18,India,"Synthetic defensive cybersecurity observation related to vulnerability exposure. This record is for awareness, analysis, and defensive security monitoring.",Execution,Application Layer Protocol,CVE-2025-2982
THR-2026-1856,2026-06-14 14:40:18,Social Engineering Attempt,Ransomware,SHA-256,fc42277dc0bafa0f4cf56c21ebdbd6f32bcc9d1c34dd59eb92b526cea8fa8be1,Unknown Source,D,63,High,61,FALSE_POSITIVE,2026-05-20 14:40:18,2026-06-19 14:40:18,Germany,"Synthetic defensive cybersecurity observation related to ransomware. This record is for awareness, analysis, and defensive security monitoring.",Command and Control,Application Layer Protocol,
THR-2026-1857,2026-09-09 07:11:18,Social Engineering Attempt,Ransomware,URL,https://secure-login.example.com/verify,Community Submission,C,70,Medium,59,FALSE_POSITIVE,2026-09-07 07:11:18,2026-09-10 07:11:18,Germany,"Synthetic defensive cybersecurity observation related to ransomware. This record is for awareness, analysis, and defensive security monitoring.",Discovery,Data from Information Repositories,
THR-2026-1858,2026-05-28 01:19:18,Network Threat Observation,Phishing,SHA-256,cb7c8fe0e899c896e407788086cc72e04886cf04c267b24126fb2b87183c0a66,Security Vendor,A,65,High,66,MONITORING,2026-05-16 01:19:18,2026-05-31 01:19:18,India,"Synthetic defensive cybersecurity observation related to phishing. This record is for awareness, analysis, and defensive security monitoring.",Discovery,Phishing,
THR-2026-1859,2026-08-22 14:18:18,Account Security Event,Ransomware,CVE,CVE-2023-26566,Research Report,B,91,High,73,FALSE_POSITIVE,2026-07-31 14:18:18,2026-08-26 14:18:18,Australia,"Synthetic defensive cybersecurity observation related to ransomware. This record is for awareness, analysis, and defensive security monitoring.",Discovery,Network Service Scanning,CVE-2021-21715
THR-2026-1860,2026-09-26 01:42:18,Ransomware Activity Pattern,Web Threat,Domain,cloud-security.example.net,Internal SOC,A,45,High,69,NEW,2026-09-25 01:42:18,2026-09-27 01:42:18,Global,"Synthetic defensive cybersecurity observation related to web threat. This record is for awareness, analysis, and defensive security monitoring.",Command and Control,Data from Information Repositories,
THR-2026-1861,2026-05-24 22:33:18,Vulnerability Exposure,Ransomware,Domain,security-alert.example.net,Unknown Source,D,27,High,62,FALSE_POSITIVE,2026-05-20 22:33:18,2026-05-27 22:33:18,Australia,"Synthetic defensive cybersecurity observation related to ransomware. This record is for awareness, analysis, and defensive security monitoring.",Command and Control,Data from Information Repositories,
THR-2026-1862,2026-08-28 11:19:18,Suspicious Web Activity,Network Threat,Domain,update-service.invalid,Research Report,B,92,High,64,NEW,2026-07-30 11:19:18,2026-08-31 11:19:18,Germany,"Synthetic defensive cybersecurity observation related to network threat. This record is for awareness, analysis, and defensive security monitoring.",Execution,Application Layer Protocol,
THR-2026-1863,2026-06-05 04:30:18,Ransomware Activity Pattern,Data Exposure,Domain,cloud-security.example.net,Security Vendor,A,59,High,72,CLOSED,2026-05-08 04:30:18,2026-06-08 04:30:18,Australia,"Synthetic defensive cybersecurity observation related to data exposure. This record is for awareness, analysis, and defensive security monitoring.",,,
THR-2026-1864,2026-06-07 05:48:18,Ransomware Activity Pattern,Phishing,IP,192.0.2.141,Research Report,B,52,High,61,MONITORING,2026-05-08 05:48:18,2026-06-08 05:48:18,Global,"Synthetic defensive cybersecurity observation related to phishing. This record is for awareness, analysis, and defensive security monitoring.",,,
THR-2026-1865,2026-07-13 01:30:18,Credential Theft Observation,Social Engineering,IP,203.0.113.204,Community Submission,C,45,Medium,53,CLOSED,2026-07-04 01:30:18,2026-07-16 01:30:18,Germany,"Synthetic defensive cybersecurity observation related to social engineering. This record is for awareness, analysis, and defensive security monitoring.",Command and Control,Phishing,
THR-2026-1866,2026-07-04 17:25:18,Social Engineering Attempt,Web Threat,IP,192.0.2.136,Research Report,B,86,High,61,CLOSED,2026-06-14 17:25:18,2026-07-06 17:25:18,Global,"Synthetic defensive cybersecurity observation related to web threat. This record is for awareness, analysis, and defensive security monitoring.",Exfiltration,Data from Information Repositories,
THR-2026-1867,2026-04-16 22:20:18,Ransomware Activity Pattern,Network Threat,SHA-256,665994256b44fada6c4eeb4504103f85152f7d6585b196b1ba416acc4ad7f4fd,Security Vendor,A,63,High,69,NEW,2026-03-24 22:20:18,2026-04-17 22:20:18,Australia,"Synthetic defensive cybersecurity observation related to network threat. This record is for awareness, analysis, and defensive security monitoring.",,,
THR-2026-1868,2026-09-28 11:09:18,Account Security Event,Ransomware,URL,https://account-verify.example.org/verify,Security Vendor,A,67,High,72,FALSE_POSITIVE,2026-09-01 11:09:18,2026-10-01 11:09:18,Global,"Synthetic defensive cybersecurity observation related to ransomware. This record is for awareness, analysis, and defensive security monitoring.",,,
THR-2026-1869,2026-06-22 11:11:18,Synthetic Credential Phishing Campaign,Account Security,CVE,CVE-2022-57325,Public Threat Feed,B,45,High,62,UNDER_REVIEW,2026-06-05 11:11:18,2026-06-26 11:11:18,Singapore,"Synthetic defensive cybersecurity observation related to account security. This record is for awareness, analysis, and defensive security monitoring.",,,CVE-2021-9439
THR-2026-1870,2026-07-01 07:17:18,Account Security Event,Data Exposure,IP,192.0.2.83,Public Threat Feed,B,55,High,68,FALSE_POSITIVE,2026-06-24 07:17:18,2026-07-02 07:17:18,Global,"Synthetic defensive cybersecurity observation related to data exposure. This record is for awareness, analysis, and defensive security monitoring.",Initial Access,Phishing,
THR-2026-1871,2026-07-26 05:31:18,Social Engineering Attempt,Data Exposure,CVE,CVE-2022-34521,Internal SOC,A,39,Low,40,CLOSED,2026-07-14 05:31:18,2026-07-29 05:31:18,India,"Synthetic defensive cybersecurity observation related to data exposure. This record is for awareness, analysis, and defensive security monitoring.",,,CVE-2026-30481
THR-2026-1872,2026-04-09 17:09:18,Network Threat Observation,Network Threat,SHA-256,82d7722f8123ef9869b5d49f55c50c277dd781c3b3565d5330303f3895dc4324,Public Threat Feed,B,80,High,71,MONITORING,2026-03-12 17:09:18,2026-04-11 17:09:18,Singapore,"Synthetic defensive cybersecurity observation related to network threat. This record is for awareness, analysis, and defensive security monitoring.",Discovery,User Execution,
THR-2026-1873,2026-06-28 07:15:18,Suspicious Web Activity,Network Threat,IP,203.0.113.94,Internal SOC,A,66,Critical,83,MONITORING,2026-06-06 07:15:18,2026-07-03 07:15:18,India,"Synthetic defensive cybersecurity observation related to network threat. This record is for awareness, analysis, and defensive security monitoring.",Discovery,Valid Accounts,
THR-2026-1874,2026-06-10 14:02:18,Suspicious Malware Indicator,Account Security,URL,https://update-service.example.org/verify,Community Submission,C,65,High,66,NEW,2026-05-25 14:02:18,2026-06-15 14:02:18,Global,"Synthetic defensive cybersecurity observation related to account security. This record is for awareness, analysis, and defensive security monitoring.",,,
THR-2026-1875,2026-06-02 02:06:18,Credential Theft Observation,Malware,Email/Sender Domain,alerts@login-check.example.com,Security Vendor,A,48,High,63,CLOSED,2026-05-24 02:06:18,2026-06-04 02:06:18,Australia,"Synthetic defensive cybersecurity observation related to malware. This record is for awareness, analysis, and defensive security monitoring.",,,
THR-2026-1876,2026-08-30 02:48:18,Suspicious Malware Indicator,Vulnerability Exposure,Email/Sender Domain,alerts@cloud-security.example.com,Public Threat Feed,B,84,High,76,MONITORING,2026-08-24 02:48:18,2026-09-04 02:48:18,United Kingdom,"Synthetic defensive cybersecurity observation related to vulnerability exposure. This record is for awareness, analysis, and defensive security monitoring.",Initial Access,Application Layer Protocol,CVE-2022-12292
THR-2026-1877,2026-05-11 03:46:18,Synthetic Credential Phishing Campaign,Ransomware,Email/Sender Domain,alerts@account-verify.example.com,Internal SOC,A,80,Medium,59,MONITORING,2026-05-06 03:46:18,2026-05-16 03:46:18,Germany,"Synthetic defensive cybersecurity observation related to ransomware. This record is for awareness, analysis, and defensive security monitoring.",Discovery,User Execution,
THR-2026-1878,2026-09-13 07:00:18,Network Threat Observation,Account Security,Email/Sender Domain,alerts@account-verify.example.net,Security Vendor,A,28,Medium,44,NEW,2026-08-15 07:00:18,2026-09-18 07:00:18,India,"Synthetic defensive cybersecurity observation related to account security. This record is for awareness, analysis, and defensive security monitoring.",Discovery,Network Service Scanning,
THR-2026-1879,2026-07-03 20:47:18,Account Security Event,Malware,IP,198.51.100.178,Community Submission,C,63,High,63,UNDER_REVIEW,2026-06-27 20:47:18,2026-07-04 20:47:18,Germany,"Synthetic defensive cybersecurity observation related to malware. This record is for awareness, analysis, and defensive security monitoring.",Credential Access,Network Service Scanning,
THR-2026-1880,2026-08-28 11:02:18,Potential Data Exposure,Vulnerability Exposure,IP,192.0.2.58,Internal SOC,A,55,Medium,42,NEW,2026-08-23 11:02:18,2026-09-01 11:02:18,India,"Synthetic defensive cybersecurity observation related to vulnerability exposure. This record is for awareness, analysis, and defensive security monitoring.",Persistence,Network Service Scanning,CVE-2026-14357
THR-2026-1881,2026-05-18 15:18:18,Vulnerability Exposure,Web Threat,Email/Sender Domain,alerts@account-verify.example.org,Community Submission,C,92,High,64,UNDER_REVIEW,2026-04-26 15:18:18,2026-05-18 15:18:18,United States,"Synthetic defensive cybersecurity observation related to web threat. This record is for awareness, analysis, and defensive security monitoring.",Initial Access,Data from Information Repositories,
THR-2026-1882,2026-08-17 01:26:18,Credential Theft Observation,Account Security,IP,192.0.2.114,Unknown Source,D,29,Medium,54,UNDER_REVIEW,2026-07-18 01:26:18,2026-08-21 01:26:18,United States,"Synthetic defensive cybersecurity observation related to account security. This record is for awareness, analysis, and defensive security monitoring.",Exfiltration,Credential Phishing,
THR-2026-1883,2026-09-14 10:57:18,Account Security Event,Vulnerability Exposure,SHA-256,02b78894ba0906a68b54afbaed2c13418228f5fdac71f617e90c45576b1cb4e6,Unknown Source,D,63,Medium,59,FALSE_POSITIVE,2026-08-25 10:57:18,2026-09-15 10:57:18,Global,"Synthetic defensive cybersecurity observation related to vulnerability exposure. This record is for awareness, analysis, and defensive security monitoring.",Exfiltration,Credential Phishing,CVE-2025-7045
THR-2026-1884,2026-08-26 11:03:18,Suspicious Web Activity,Web Threat,IP,203.0.113.95,Public Threat Feed,B,28,Medium,47,CLOSED,2026-07-29 11:03:18,2026-08-27 11:03:18,India,"Synthetic defensive cybersecurity observation related to web threat. This record is for awareness, analysis, and defensive security monitoring.",Credential Access,Phishing,
THR-2026-1885,2026-06-11 00:03:18,Social Engineering Attempt,Web Threat,Email/Sender Domain,alerts@security-alert.example.com,Public Threat Feed,B,75,High,63,NEW,2026-05-20 00:03:18,2026-06-12 00:03:18,Global,"Synthetic defensive cybersecurity observation related to web threat. This record is for awareness, analysis, and defensive security monitoring.",Credential Access,Data from Information Repositories,
THR-2026-1886,2026-09-16 09:10:18,Synthetic Credential Phishing Campaign,Credential Threat,IP,198.51.100.198,Unknown Source,D,50,High,65,CLOSED,2026-08-20 09:10:18,2026-09-21 09:10:18,Global,"Synthetic defensive cybersecurity observation related to credential threat. This record is for awareness, analysis, and defensive security monitoring.",Initial Access,Valid Accounts,
THR-2026-1887,2026-09-30 11:29:18,Account Security Event,Account Security,Email/Sender Domain,alerts@cloud-security.example.net,Public Threat Feed,B,51,Medium,56,CLOSED,2026-09-11 11:29:18,2026-10-04 11:29:18,Australia,"Synthetic defensive cybersecurity observation related to account security. This record is for awareness, analysis, and defensive security monitoring.",Discovery,Valid Accounts,
THR-2026-1888,2026-04-14 01:18:18,Suspicious Malware Indicator,Ransomware,Domain,account-verify.invalid,Internal SOC,A,84,Medium,55,FALSE_POSITIVE,2026-03-19 01:18:18,2026-04-14 01:18:18,Germany,"Synthetic defensive cybersecurity observation related to ransomware. This record is for awareness, analysis, and defensive security monitoring.",Execution,Valid Accounts,
THR-2026-1889,2026-06-02 02:33:18,Potential Data Exposure,Ransomware,Domain,security-alert.example.com,Community Submission,C,28,Medium,58,UNDER_REVIEW,2026-05-05 02:33:18,2026-06-07 02:33:18,Germany,"Synthetic defensive cybersecurity observation related to ransomware. This record is for awareness, analysis, and defensive security monitoring.",Persistence,Network Service Scanning,
THR-2026-1890,2026-04-11 07:08:18,Network Threat Observation,Phishing,Email/Sender Domain,alerts@account-verify.invalid,Public Threat Feed,B,43,High,62,UNDER_REVIEW,2026-03-31 07:08:18,2026-04-15 07:08:18,Singapore,"Synthetic defensive cybersecurity observation related to phishing. This record is for awareness, analysis, and defensive security monitoring.",Exfiltration,Phishing,
THR-2026-1891,2026-08-05 22:20:18,Social Engineering Attempt,Account Security,SHA-256,4093bf448bd45ecaebe2e893bcbbd0bff6c70ff47dc79b89bc500f24f0dfad26,Security Vendor,A,52,High,68,CLOSED,2026-07-19 22:20:18,2026-08-09 22:20:18,Singapore,"Synthetic defensive cybersecurity observation related to account security. This record is for awareness, analysis, and defensive security monitoring.",Exfiltration,Application Layer Protocol,
THR-2026-1892,2026-06-22 03:23:18,Suspicious Web Activity,Credential Threat,Domain,secure-login.example.net,Public Threat Feed,B,93,High,71,CLOSED,2026-06-11 03:23:18,2026-06-26 03:23:18,Australia,"Synthetic defensive cybersecurity observation related to credential threat. This record is for awareness, analysis, and defensive security monitoring.",Persistence,Phishing,
THR-2026-1893,2026-09-07 21:30:18,Suspicious Malware Indicator,Vulnerability Exposure,Domain,account-verify.example.org,Community Submission,C,36,Medium,45,FALSE_POSITIVE,2026-08-27 21:30:18,2026-09-08 21:30:18,United Kingdom,"Synthetic defensive cybersecurity observation related to vulnerability exposure. This record is for awareness, analysis, and defensive security monitoring.",Initial Access,Network Service Scanning,CVE-2024-3445
THR-2026-1894,2026-08-20 18:44:18,Vulnerability Exposure,Malware,IP,192.0.2.19,Unknown Source,D,59,High,63,CLOSED,2026-07-29 18:44:18,2026-08-22 18:44:18,Singapore,"Synthetic defensive cybersecurity observation related to malware. This record is for awareness, analysis, and defensive security monitoring.",,,
THR-2026-1895,2026-07-01 09:46:18,Network Threat Observation,Vulnerability Exposure,IP,198.51.100.87,Security Vendor,A,74,Medium,57,MONITORING,2026-06-15 09:46:18,2026-07-05 09:46:18,Germany,"Synthetic defensive cybersecurity observation related to vulnerability exposure. This record is for awareness, analysis, and defensive security monitoring.",Persistence,User Execution,CVE-2026-2450
THR-2026-1896,2026-08-06 20:23:18,Network Threat Observation,Ransomware,CVE,CVE-2023-23148,Internal SOC,A,56,High,61,FALSE_POSITIVE,2026-08-04 20:23:18,2026-08-08 20:23:18,United Kingdom,"Synthetic defensive cybersecurity observation related to ransomware. This record is for awareness, analysis, and defensive security monitoring.",,,CVE-2026-18871
THR-2026-1897,2026-06-21 15:43:18,Account Security Event,Vulnerability Exposure,SHA-256,0876a866944f5aadc8f1ff61036371f09e07c1b0bf9dd6a5298bacb4ab24ba45,Security Vendor,A,54,Low,40,MONITORING,2026-06-17 15:43:18,2026-06-24 15:43:18,Australia,"Synthetic defensive cybersecurity observation related to vulnerability exposure. This record is for awareness, analysis, and defensive security monitoring.",Execution,Application Layer Protocol,CVE-2025-25668
THR-2026-1898,2026-08-06 18:28:18,Social Engineering Attempt,Malware,CVE,CVE-2021-52773,Community Submission,C,81,Critical,82,FALSE_POSITIVE,2026-07-16 18:28:18,2026-08-06 18:28:18,United States,"Synthetic defensive cybersecurity observation related to malware. This record is for awareness, analysis, and defensive security monitoring.",Persistence,Phishing,CVE-2026-42351
THR-2026-1899,2026-08-17 22:00:18,Potential Data Exposure,Account Security,Email/Sender Domain,alerts@identity-check.example.org,Internal SOC,A,71,Medium,48,FALSE_POSITIVE,2026-07-26 22:00:18,2026-08-19 22:00:18,United Kingdom,"Synthetic defensive cybersecurity observation related to account security. This record is for awareness, analysis, and defensive security monitoring.",,,
THR-2026-1900,2026-08-21 19:52:18,Suspicious Malware Indicator,Credential Threat,CVE,CVE-2023-54169,Unknown Source,D,84,High,74,UNDER_REVIEW,2026-08-03 19:52:18,2026-08-23 19:52:18,Singapore,"Synthetic defensive cybersecurity observation related to credential threat. This record is for awareness, analysis, and defensive security monitoring.",Persistence,User Execution,CVE-2023-58427
THR-2026-1901,2026-09-13 12:03:18,Network Threat Observation,Web Threat,Email/Sender Domain,alerts@cloud-security.example.net,Unknown Source,D,79,High,69,UNDER_REVIEW,2026-08-22 12:03:18,2026-09-16 12:03:18,Germany,"Synthetic defensive cybersecurity observation related to web threat. This record is for awareness, analysis, and defensive security monitoring.",Persistence,Valid Accounts,
THR-2026-1902,2026-08-14 03:32:18,Network Threat Observation,Data Exposure,IP,203.0.113.48,Unknown Source,D,39,High,67,UNDER_REVIEW,2026-07-31 03:32:18,2026-08-18 03:32:18,United Kingdom,"Synthetic defensive cybersecurity observation related to data exposure. This record is for awareness, analysis, and defensive security monitoring.",Command and Control,Phishing,
THR-2026-1903,2026-05-26 16:20:18,Suspicious Malware Indicator,Vulnerability Exposure,CVE,CVE-2024-1836,Unknown Source,D,54,Medium,58,CLOSED,2026-05-04 16:20:18,2026-05-26 16:20:18,Singapore,"Synthetic defensive cybersecurity observation related to vulnerability exposure. This record is for awareness, analysis, and defensive security monitoring.",Initial Access,Valid Accounts,CVE-2021-4474
THR-2026-1904,2026-08-05 09:57:18,Suspicious Malware Indicator,Account Security,URL,https://identity-check.example.org/verify,Public Threat Feed,B,68,High,70,UNDER_REVIEW,2026-07-28 09:57:18,2026-08-09 09:57:18,Australia,"Synthetic defensive cybersecurity observation related to account security. This record is for awareness, analysis, and defensive security monitoring.",Command and Control,Application Layer Protocol,
THR-2026-1905,2026-06-04 06:08:18,Vulnerability Exposure,Credential Threat,URL,https://identity-check.example.net/verify,Unknown Source,D,44,High,66,FALSE_POSITIVE,2026-05-18 06:08:18,2026-06-07 06:08:18,Singapore,"Synthetic defensive cybersecurity observation related to credential threat. This record is for awareness, analysis, and defensive security monitoring.",Initial Access,Application Layer Protocol,
THR-2026-1906,2026-04-24 21:06:18,Potential Data Exposure,Credential Threat,IP,192.0.2.227,Internal SOC,A,78,High,80,NEW,2026-04-09 21:06:18,2026-04-24 21:06:18,Global,"Synthetic defensive cybersecurity observation related to credential threat. This record is for awareness, analysis, and defensive security monitoring.",Discovery,Data from Information Repositories,
THR-2026-1907,2026-10-04 20:05:18,Suspicious Malware Indicator,Social Engineering,IP,192.0.2.77,Internal SOC,A,91,High,77,CLOSED,2026-09-16 20:05:18,2026-10-04 20:05:18,United Kingdom,"Synthetic defensive cybersecurity observation related to social engineering. This record is for awareness, analysis, and defensive security monitoring.",Persistence,Credential Phishing,
THR-2026-1908,2026-06-10 00:00:18,Social Engineering Attempt,Malware,IP,192.0.2.246,Unknown Source,D,89,High,80,FALSE_POSITIVE,2026-06-01 00:00:18,2026-06-11 00:00:18,Singapore,"Synthetic defensive cybersecurity observation related to malware. This record is for awareness, analysis, and defensive security monitoring.",Exfiltration,Application Layer Protocol,
THR-2026-1909,2026-04-15 12:20:18,Suspicious Malware Indicator,Network Threat,CVE,CVE-2026-10635,Internal SOC,A,88,High,65,MONITORING,2026-04-01 12:20:18,2026-04-15 12:20:18,United States,"Synthetic defensive cybersecurity observation related to network threat. This record is for awareness, analysis, and defensive security monitoring.",Execution,User Execution,CVE-2025-59153
THR-2026-1910,2026-08-23 23:21:18,Vulnerability Exposure,Malware,Domain,update-service.invalid,Internal SOC,A,96,Medium,59,UNDER_REVIEW,2026-08-05 23:21:18,2026-08-27 23:21:18,Singapore,"Synthetic defensive cybersecurity observation related to malware. This record is for awareness, analysis, and defensive security monitoring.",Credential Access,User Execution,
THR-2026-1911,2026-06-23 02:26:18,Suspicious Malware Indicator,Credential Threat,Email/Sender Domain,alerts@cloud-security.invalid,Community Submission,C,98,Critical,81,NEW,2026-05-30 02:26:18,2026-06-28 02:26:18,United States,"Synthetic defensive cybersecurity observation related to credential threat. This record is for awareness, analysis, and defensive security monitoring.",,,
THR-2026-1912,2026-06-02 19:02:18,Vulnerability Exposure,Social Engineering,IP,203.0.113.181,Unknown Source,D,27,Medium,56,CLOSED,2026-06-01 19:02:18,2026-06-06 19:02:18,Global,"Synthetic defensive cybersecurity observation related to social engineering. This record is for awareness, analysis, and defensive security monitoring.",Exfiltration,Network Service Scanning,
THR-2026-1913,2026-05-29 03:13:18,Social Engineering Attempt,Credential Threat,Domain,identity-check.example.org,Unknown Source,D,29,Medium,41,FALSE_POSITIVE,2026-05-25 03:13:18,2026-06-03 03:13:18,Germany,"Synthetic defensive cybersecurity observation related to credential threat. This record is for awareness, analysis, and defensive security monitoring.",Exfiltration,Credential Phishing,
THR-2026-1914,2026-04-16 03:00:18,Vulnerability Exposure,Ransomware,Email/Sender Domain,alerts@update-service.example.net,Public Threat Feed,B,32,Medium,60,MONITORING,2026-04-06 03:00:18,2026-04-19 03:00:18,Australia,"Synthetic defensive cybersecurity observation related to ransomware. This record is for awareness, analysis, and defensive security monitoring.",Persistence,Phishing,
THR-2026-1915,2026-06-04 17:29:18,Ransomware Activity Pattern,Account Security,Email/Sender Domain,alerts@cloud-security.example.com,Security Vendor,A,38,Medium,51,NEW,2026-06-04 17:29:18,2026-06-04 17:29:18,United States,"Synthetic defensive cybersecurity observation related to account security. This record is for awareness, analysis, and defensive security monitoring.",Credential Access,Valid Accounts,
THR-2026-1916,2026-04-19 03:29:18,Synthetic Credential Phishing Campaign,Vulnerability Exposure,Email/Sender Domain,alerts@update-service.example.org,Research Report,B,53,High,65,NEW,2026-04-14 03:29:18,2026-04-21 03:29:18,Australia,"Synthetic defensive cybersecurity observation related to vulnerability exposure. This record is for awareness, analysis, and defensive security monitoring.",,,CVE-2021-41094
THR-2026-1917,2026-07-27 21:26:18,Potential Data Exposure,Vulnerability Exposure,Domain,security-alert.example.net,Public Threat Feed,B,80,High,61,FALSE_POSITIVE,2026-07-04 21:26:18,2026-07-30 21:26:18,Singapore,"Synthetic defensive cybersecurity observation related to vulnerability exposure. This record is for awareness, analysis, and defensive security monitoring.",,,CVE-2023-47405
THR-2026-1918,2026-05-05 05:39:18,Suspicious Web Activity,Phishing,IP,192.0.2.39,Research Report,B,70,High,72,FALSE_POSITIVE,2026-05-01 05:39:18,2026-05-08 05:39:18,United Kingdom,"Synthetic defensive cybersecurity observation related to phishing. This record is for awareness, analysis, and defensive security monitoring.",,,
THR-2026-1919,2026-05-30 14:40:18,Credential Theft Observation,Vulnerability Exposure,Domain,identity-check.example.net,Community Submission,C,91,High,71,NEW,2026-05-25 14:40:18,2026-06-01 14:40:18,India,"Synthetic defensive cybersecurity observation related to vulnerability exposure. This record is for awareness, analysis, and defensive security monitoring.",,,CVE-2021-16274
THR-2026-1920,2026-08-13 12:23:18,Suspicious Malware Indicator,Data Exposure,CVE,CVE-2026-42074,Security Vendor,A,43,Medium,58,FALSE_POSITIVE,2026-08-13 12:23:18,2026-08-15 12:23:18,Global,"Synthetic defensive cybersecurity observation related to data exposure. This record is for awareness, analysis, and defensive security monitoring.",,,CVE-2022-45747
THR-2026-1921,2026-04-22 19:54:18,Credential Theft Observation,Data Exposure,Domain,update-service.invalid,Internal SOC,A,71,High,64,FALSE_POSITIVE,2026-04-05 19:54:18,2026-04-27 19:54:18,Singapore,"Synthetic defensive cybersecurity observation related to data exposure. This record is for awareness, analysis, and defensive security monitoring.",Exfiltration,Application Layer Protocol,
THR-2026-1922,2026-05-20 10:54:18,Suspicious Web Activity,Network Threat,CVE,CVE-2023-48704,Research Report,B,86,Critical,81,UNDER_REVIEW,2026-04-30 10:54:18,2026-05-25 10:54:18,India,"Synthetic defensive cybersecurity observation related to network threat. This record is for awareness, analysis, and defensive security monitoring.",Persistence,Credential Phishing,CVE-2026-24366
THR-2026-1923,2026-08-13 13:42:18,Account Security Event,Data Exposure,Domain,update-service.example.org,Security Vendor,A,45,Medium,52,FALSE_POSITIVE,2026-07-24 13:42:18,2026-08-16 13:42:18,United States,"Synthetic defensive cybersecurity observation related to data exposure. This record is for awareness, analysis, and defensive security monitoring.",Persistence,Application Layer Protocol,
THR-2026-1924,2026-05-03 21:12:18,Potential Data Exposure,Ransomware,Email/Sender Domain,alerts@cloud-security.example.com,Research Report,B,52,High,72,UNDER_REVIEW,2026-04-04 21:12:18,2026-05-07 21:12:18,India,"Synthetic defensive cybersecurity observation related to ransomware. This record is for awareness, analysis, and defensive security monitoring.",Command and Control,User Execution,
THR-2026-1925,2026-07-09 00:02:18,Ransomware Activity Pattern,Phishing,Domain,account-verify.invalid,Unknown Source,D,90,High,65,CLOSED,2026-07-07 00:02:18,2026-07-14 00:02:18,Germany,"Synthetic defensive cybersecurity observation related to phishing. This record is for awareness, analysis, and defensive security monitoring.",Credential Access,Application Layer Protocol,
THR-2026-1926,2026-05-31 22:21:18,Potential Data Exposure,Data Exposure,SHA-256,20d0d095d9e67114df649447cfba127bb7d47a26d4d93d20276e41f62b83060c,Community Submission,C,29,Medium,58,UNDER_REVIEW,2026-05-29 22:21:18,2026-06-02 22:21:18,United States,"Synthetic defensive cybersecurity observation related to data exposure. This record is for awareness, analysis, and defensive security monitoring.",Discovery,Network Service Scanning,
THR-2026-1927,2026-07-18 06:57:18,Account Security Event,Network Threat,CVE,CVE-2024-16860,Security Vendor,A,25,Medium,56,CLOSED,2026-07-03 06:57:18,2026-07-21 06:57:18,United Kingdom,"Synthetic defensive cybersecurity observation related to network threat. This record is for awareness, analysis, and defensive security monitoring.",,,CVE-2023-24099
THR-2026-1928,2026-05-01 00:53:18,Account Security Event,Credential Threat,Email/Sender Domain,alerts@account-verify.example.org,Internal SOC,A,78,High,73,MONITORING,2026-04-12 00:53:18,2026-05-03 00:53:18,Germany,"Synthetic defensive cybersecurity observation related to credential threat. This record is for awareness, analysis, and defensive security monitoring.",,,
THR-2026-1929,2026-05-26 20:38:18,Suspicious Malware Indicator,Network Threat,SHA-256,c74b576eabc833b852ae5a181092c8adf62c95f287e34156a04a467604647f51,Security Vendor,A,72,High,61,UNDER_REVIEW,2026-05-25 20:38:18,2026-05-26 20:38:18,Australia,"Synthetic defensive cybersecurity observation related to network threat. This record is for awareness, analysis, and defensive security monitoring.",Exfiltration,Credential Phishing,
THR-2026-1930,2026-04-19 21:38:18,Credential Theft Observation,Credential Threat,SHA-256,395abda68dc021650c6d9a3243ae4050605e36af0e72a7f2e1c2888d0a6e6dfe,Security Vendor,A,53,High,65,FALSE_POSITIVE,2026-03-27 21:38:18,2026-04-24 21:38:18,Germany,"Synthetic defensive cybersecurity observation related to credential threat. This record is for awareness, analysis, and defensive security monitoring.",,,
THR-2026-1931,2026-05-10 08:49:18,Vulnerability Exposure,Web Threat,Email/Sender Domain,alerts@update-service.invalid,Public Threat Feed,B,33,Medium,48,CLOSED,2026-04-21 08:49:18,2026-05-10 08:49:18,United States,"Synthetic defensive cybersecurity observation related to web threat. This record is for awareness, analysis, and defensive security monitoring.",Exfiltration,Application Layer Protocol,
THR-2026-1932,2026-04-27 13:39:18,Network Threat Observation,Ransomware,SHA-256,b0beaf42c0a72f295dd56676be971b273513c6912f167abf26497ed6d50e629c,Community Submission,C,82,High,77,MONITORING,2026-04-06 13:39:18,2026-04-30 13:39:18,India,"Synthetic defensive cybersecurity observation related to ransomware. This record is for awareness, analysis, and defensive security monitoring.",Credential Access,Credential Phishing,
THR-2026-1933,2026-07-22 13:09:18,Suspicious Malware Indicator,Phishing,Email/Sender Domain,alerts@login-check.example.org,Unknown Source,D,50,High,66,MONITORING,2026-07-01 13:09:18,2026-07-24 13:09:18,Global,"Synthetic defensive cybersecurity observation related to phishing. This record is for awareness, analysis, and defensive security monitoring.",Credential Access,Data from Information Repositories,
THR-2026-1934,2026-08-11 13:37:18,Network Threat Observation,Credential Threat,CVE,CVE-2022-33844,Community Submission,C,80,High,66,FALSE_POSITIVE,2026-07-25 13:37:18,2026-08-14 13:37:18,India,"Synthetic defensive cybersecurity observation related to credential threat. This record is for awareness, analysis, and defensive security monitoring.",Command and Control,User Execution,CVE-2026-51527
THR-2026-1935,2026-07-19 12:23:18,Credential Theft Observation,Vulnerability Exposure,SHA-256,e1e2b3be288a0b070dd055cc2ad3e474fdd9d839a7729afd3045e61d1aea138b,Community Submission,C,36,Medium,55,MONITORING,2026-07-05 12:23:18,2026-07-19 12:23:18,United States,"Synthetic defensive cybersecurity observation related to vulnerability exposure. This record is for awareness, analysis, and defensive security monitoring.",Exfiltration,User Execution,CVE-2025-33929
THR-2026-1936,2026-05-30 10:26:18,Credential Theft Observation,Network Threat,IP,192.0.2.131,Public Threat Feed,B,76,High,71,FALSE_POSITIVE,2026-05-25 10:26:18,2026-06-04 10:26:18,Australia,"Synthetic defensive cybersecurity observation related to network threat. This record is for awareness, analysis, and defensive security monitoring.",,,
THR-2026-1937,2026-07-30 04:32:18,Network Threat Observation,Account Security,CVE,CVE-2022-8346,Public Threat Feed,B,75,High,71,UNDER_REVIEW,2026-07-06 04:32:18,2026-07-31 04:32:18,Global,"Synthetic defensive cybersecurity observation related to account security. This record is for awareness, analysis, and defensive security monitoring.",Initial Access,Application Layer Protocol,CVE-2024-39985
THR-2026-1938,2026-05-24 18:49:18,Suspicious Web Activity,Network Threat,SHA-256,c864d3f64dc17fba7ab7d66956f1b9092c463ed43224a881f0072c05cf54dbc8,Public Threat Feed,B,55,Medium,42,CLOSED,2026-05-18 18:49:18,2026-05-26 18:49:18,India,"Synthetic defensive cybersecurity observation related to network threat. This record is for awareness, analysis, and defensive security monitoring.",Persistence,Network Service Scanning,
THR-2026-1939,2026-05-09 08:09:18,Ransomware Activity Pattern,Phishing,Domain,login-check.example.org,Research Report,B,58,Medium,60,NEW,2026-04-16 08:09:18,2026-05-09 08:09:18,Global,"Synthetic defensive cybersecurity observation related to phishing. This record is for awareness, analysis, and defensive security monitoring.",,,
THR-2026-1940,2026-06-22 13:19:18,Synthetic Credential Phishing Campaign,Credential Threat,CVE,CVE-2023-9036,Internal SOC,A,76,High,75,MONITORING,2026-05-31 13:19:18,2026-06-27 13:19:18,Singapore,"Synthetic defensive cybersecurity observation related to credential threat. This record is for awareness, analysis, and defensive security monitoring.",Discovery,Valid Accounts,CVE-2026-3910
THR-2026-1941,2026-08-08 19:31:18,Synthetic Credential Phishing Campaign,Credential Threat,Domain,security-alert.example.org,Internal SOC,A,94,High,63,CLOSED,2026-07-29 19:31:18,2026-08-13 19:31:18,United States,"Synthetic defensive cybersecurity observation related to credential threat. This record is for awareness, analysis, and defensive security monitoring.",Exfiltration,Network Service Scanning,
THR-2026-1942,2026-07-06 21:45:18,Potential Data Exposure,Phishing,IP,192.0.2.99,Internal SOC,A,28,High,62,NEW,2026-06-06 21:45:18,2026-07-10 21:45:18,Singapore,"Synthetic defensive cybersecurity observation related to phishing. This record is for awareness, analysis, and defensive security monitoring.",Persistence,Network Service Scanning,
THR-2026-1943,2026-07-11 08:15:18,Credential Theft Observation,Account Security,Email/Sender Domain,alerts@cloud-security.example.net,Unknown Source,D,76,Medium,56,FALSE_POSITIVE,2026-07-08 08:15:18,2026-07-16 08:15:18,Germany,"Synthetic defensive cybersecurity observation related to account security. This record is for awareness, analysis, and defensive security monitoring.",Initial Access,Network Service Scanning,
THR-2026-1944,2026-05-02 07:13:18,Network Threat Observation,Vulnerability Exposure,CVE,CVE-2021-33138,Unknown Source,D,86,High,61,NEW,2026-04-05 07:13:18,2026-05-03 07:13:18,Singapore,"Synthetic defensive cybersecurity observation related to vulnerability exposure. This record is for awareness, analysis, and defensive security monitoring.",,,CVE-2025-47883
THR-2026-1945,2026-07-25 17:29:18,Synthetic Credential Phishing Campaign,Vulnerability Exposure,IP,192.0.2.123,Internal SOC,A,53,Medium,41,NEW,2026-07-20 17:29:18,2026-07-26 17:29:18,Germany,"Synthetic defensive cybersecurity observation related to vulnerability exposure. This record is for awareness, analysis, and defensive security monitoring.",Credential Access,User Execution,CVE-2023-3709
THR-2026-1946,2026-10-03 23:26:18,Ransomware Activity Pattern,Data Exposure,Email/Sender Domain,alerts@update-service.example.com,Unknown Source,D,44,High,61,NEW,2026-09-30 23:26:18,2026-10-03 23:26:18,Australia,"Synthetic defensive cybersecurity observation related to data exposure. This record is for awareness, analysis, and defensive security monitoring.",Execution,Phishing,
THR-2026-1947,2026-06-01 14:46:18,Suspicious Malware Indicator,Vulnerability Exposure,Email/Sender Domain,alerts@secure-login.invalid,Internal SOC,A,72,High,77,NEW,2026-05-27 14:46:18,2026-06-01 14:46:18,Australia,"Synthetic defensive cybersecurity observation related to vulnerability exposure. This record is for awareness, analysis, and defensive security monitoring.",Command and Control,Valid Accounts,CVE-2021-55490
THR-2026-1948,2026-07-05 16:56:18,Vulnerability Exposure,Credential Threat,CVE,CVE-2022-15494,Research Report,B,53,Medium,57,NEW,2026-06-12 16:56:18,2026-07-09 16:56:18,Global,"Synthetic defensive cybersecurity observation related to credential threat. This record is for awareness, analysis, and defensive security monitoring.",Persistence,Data from Information Repositories,CVE-2022-4903
THR-2026-1949,2026-09-29 17:06:18,Vulnerability Exposure,Network Threat,Email/Sender Domain,alerts@cloud-security.invalid,Internal SOC,A,89,High,72,MONITORING,2026-09-17 17:06:18,2026-10-04 17:06:18,United Kingdom,"Synthetic defensive cybersecurity observation related to network threat. This record is for awareness, analysis, and defensive security monitoring.",Initial Access,User Execution,
THR-2026-1950,2026-10-03 19:44:18,Potential Data Exposure,Ransomware,IP,192.0.2.65,Internal SOC,A,31,Medium,50,MONITORING,2026-09-21 19:44:18,2026-10-05 19:44:18,Australia,"Synthetic defensive cybersecurity observation related to ransomware. This record is for awareness, analysis, and defensive security monitoring.",Exfiltration,Data from Information Repositories,
THR-2026-1951,2026-08-01 10:00:18,Suspicious Web Activity,Vulnerability Exposure,IP,198.51.100.145,Security Vendor,A,34,High,70,MONITORING,2026-07-08 10:00:18,2026-08-05 10:00:18,India,"Synthetic defensive cybersecurity observation related to vulnerability exposure. This record is for awareness, analysis, and defensive security monitoring.",Exfiltration,Credential Phishing,CVE-2025-22343
THR-2026-1952,2026-09-01 13:22:18,Potential Data Exposure,Phishing,Email/Sender Domain,alerts@security-alert.example.org,Research Report,B,67,High,73,FALSE_POSITIVE,2026-08-24 13:22:18,2026-09-03 13:22:18,Australia,"Synthetic defensive cybersecurity observation related to phishing. This record is for awareness, analysis, and defensive security monitoring.",Initial Access,Credential Phishing,
THR-2026-1953,2026-04-20 11:33:18,Social Engineering Attempt,Web Threat,Domain,update-service.example.com,Research Report,B,60,High,65,MONITORING,2026-04-01 11:33:18,2026-04-22 11:33:18,Global,"Synthetic defensive cybersecurity observation related to web threat. This record is for awareness, analysis, and defensive security monitoring.",Execution,Application Layer Protocol,
THR-2026-1954,2026-07-09 05:49:18,Potential Data Exposure,Data Exposure,URL,https://identity-check.example.net/verify,Public Threat Feed,B,74,High,67,NEW,2026-07-06 05:49:18,2026-07-12 05:49:18,Germany,"Synthetic defensive cybersecurity observation related to data exposure. This record is for awareness, analysis, and defensive security monitoring.",Persistence,Application Layer Protocol,
THR-2026-1955,2026-06-12 23:46:18,Vulnerability Exposure,Vulnerability Exposure,Email/Sender Domain,alerts@update-service.invalid,Research Report,B,26,Medium,50,UNDER_REVIEW,2026-06-09 23:46:18,2026-06-15 23:46:18,United Kingdom,"Synthetic defensive cybersecurity observation related to vulnerability exposure. This record is for awareness, analysis, and defensive security monitoring.",,,CVE-2026-36398
THR-2026-1956,2026-04-15 22:21:18,Vulnerability Exposure,Account Security,Email/Sender Domain,alerts@security-alert.example.net,Internal SOC,A,76,High,68,CLOSED,2026-03-26 22:21:18,2026-04-15 22:21:18,Global,"Synthetic defensive cybersecurity observation related to account security. This record is for awareness, analysis, and defensive security monitoring.",Command and Control,User Execution,
THR-2026-1957,2026-08-14 09:06:18,Ransomware Activity Pattern,Phishing,Domain,security-alert.example.org,Public Threat Feed,B,71,High,61,UNDER_REVIEW,2026-07-15 09:06:18,2026-08-15 09:06:18,United Kingdom,"Synthetic defensive cybersecurity observation related to phishing. This record is for awareness, analysis, and defensive security monitoring.",,,
THR-2026-1958,2026-07-17 16:27:18,Synthetic Credential Phishing Campaign,Vulnerability Exposure,IP,198.51.100.198,Research Report,B,66,Medium,60,UNDER_REVIEW,2026-06-19 16:27:18,2026-07-17 16:27:18,India,"Synthetic defensive cybersecurity observation related to vulnerability exposure. This record is for awareness, analysis, and defensive security monitoring.",,,CVE-2023-56654
THR-2026-1959,2026-05-27 03:28:18,Suspicious Web Activity,Network Threat,CVE,CVE-2026-10791,Internal SOC,A,67,High,65,UNDER_REVIEW,2026-04-28 03:28:18,2026-05-30 03:28:18,United States,"Synthetic defensive cybersecurity observation related to network threat. This record is for awareness, analysis, and defensive security monitoring.",Execution,Application Layer Protocol,CVE-2025-16069
THR-2026-1960,2026-08-08 12:45:18,Suspicious Malware Indicator,Malware,IP,198.51.100.221,Unknown Source,D,43,High,68,NEW,2026-07-14 12:45:18,2026-08-10 12:45:18,Global,"Synthetic defensive cybersecurity observation related to malware. This record is for awareness, analysis, and defensive security monitoring.",Discovery,Data from Information Repositories,
THR-2026-1961,2026-05-06 18:42:18,Suspicious Malware Indicator,Social Engineering,Email/Sender Domain,alerts@login-check.example.net,Internal SOC,A,50,High,66,FALSE_POSITIVE,2026-04-14 18:42:18,2026-05-08 18:42:18,United States,"Synthetic defensive cybersecurity observation related to social engineering. This record is for awareness, analysis, and defensive security monitoring.",Execution,Phishing,
THR-2026-1962,2026-09-07 15:51:18,Ransomware Activity Pattern,Credential Threat,SHA-256,16bdb1909930e3debd6c28ef125907317fd8989623e4bec56a5a383a021fc0ce,Unknown Source,D,97,Critical,82,UNDER_REVIEW,2026-08-08 15:51:18,2026-09-07 15:51:18,Germany,"Synthetic defensive cybersecurity observation related to credential threat. This record is for awareness, analysis, and defensive security monitoring.",Persistence,Credential Phishing,
THR-2026-1963,2026-07-04 19:21:18,Vulnerability Exposure,Data Exposure,Email/Sender Domain,alerts@security-alert.example.org,Public Threat Feed,B,80,High,75,FALSE_POSITIVE,2026-06-20 19:21:18,2026-07-06 19:21:18,Singapore,"Synthetic defensive cybersecurity observation related to data exposure. This record is for awareness, analysis, and defensive security monitoring.",Discovery,Valid Accounts,
THR-2026-1964,2026-07-18 02:04:18,Suspicious Malware Indicator,Credential Threat,CVE,CVE-2024-35497,Unknown Source,D,88,High,79,FALSE_POSITIVE,2026-07-13 02:04:18,2026-07-19 02:04:18,Global,"Synthetic defensive cybersecurity observation related to credential threat. This record is for awareness, analysis, and defensive security monitoring.",Execution,Network Service Scanning,CVE-2023-8651
THR-2026-1965,2026-05-16 12:18:18,Suspicious Web Activity,Phishing,URL,https://update-service.example.net/verify,Research Report,B,56,Medium,43,CLOSED,2026-05-11 12:18:18,2026-05-20 12:18:18,Germany,"Synthetic defensive cybersecurity observation related to phishing. This record is for awareness, analysis, and defensive security monitoring.",,,
THR-2026-1966,2026-07-21 01:06:18,Synthetic Credential Phishing Campaign,Vulnerability Exposure,SHA-256,4379824df2014c0529ef9445649cadb4eed36ee38722d42ffc7f6206b18e6823,Research Report,B,93,High,78,CLOSED,2026-06-29 01:06:18,2026-07-25 01:06:18,United Kingdom,"Synthetic defensive cybersecurity observation related to vulnerability exposure. This record is for awareness, analysis, and defensive security monitoring.",,,CVE-2026-9479
THR-2026-1967,2026-05-04 05:45:18,Suspicious Malware Indicator,Credential Threat,IP,203.0.113.168,Security Vendor,A,52,High,69,NEW,2026-04-23 05:45:18,2026-05-09 05:45:18,Germany,"Synthetic defensive cybersecurity observation related to credential threat. This record is for awareness, analysis, and defensive security monitoring.",Exfiltration,User Execution,
THR-2026-1968,2026-10-01 23:46:18,Account Security Event,Malware,URL,https://update-service.example.org/verify,Public Threat Feed,B,58,Medium,59,MONITORING,2026-09-23 23:46:18,2026-10-03 23:46:18,Australia,"Synthetic defensive cybersecurity observation related to malware. This record is for awareness, analysis, and defensive security monitoring.",,,
THR-2026-1969,2026-06-05 08:00:18,Credential Theft Observation,Social Engineering,URL,https://account-verify.example.net/verify,Public Threat Feed,B,51,Medium,56,UNDER_REVIEW,2026-06-02 08:00:18,2026-06-10 08:00:18,Singapore,"Synthetic defensive cybersecurity observation related to social engineering. This record is for awareness, analysis, and defensive security monitoring.",,,
THR-2026-1970,2026-04-26 02:37:18,Potential Data Exposure,Vulnerability Exposure,Email/Sender Domain,alerts@identity-check.example.org,Community Submission,C,36,Medium,46,FALSE_POSITIVE,2026-04-17 02:37:18,2026-04-28 02:37:18,Australia,"Synthetic defensive cybersecurity observation related to vulnerability exposure. This record is for awareness, analysis, and defensive security monitoring.",Credential Access,Application Layer Protocol,CVE-2023-49424
THR-2026-1971,2026-09-21 12:52:18,Social Engineering Attempt,Malware,CVE,CVE-2025-17720,Internal SOC,A,89,High,74,UNDER_REVIEW,2026-08-27 12:52:18,2026-09-22 12:52:18,Germany,"Synthetic defensive cybersecurity observation related to malware. This record is for awareness, analysis, and defensive security monitoring.",Credential Access,Valid Accounts,CVE-2025-11056
THR-2026-1972,2026-08-12 08:41:18,Network Threat Observation,Data Exposure,Domain,account-verify.invalid,Security Vendor,A,61,Medium,59,CLOSED,2026-08-07 08:41:18,2026-08-13 08:41:18,India,"Synthetic defensive cybersecurity observation related to data exposure. This record is for awareness, analysis, and defensive security monitoring.",Persistence,Credential Phishing,
THR-2026-1973,2026-05-15 21:32:18,Social Engineering Attempt,Credential Threat,CVE,CVE-2021-15495,Unknown Source,D,64,Medium,57,CLOSED,2026-05-01 21:32:18,2026-05-18 21:32:18,Germany,"Synthetic defensive cybersecurity observation related to credential threat. This record is for awareness, analysis, and defensive security monitoring.",Credential Access,Data from Information Repositories,CVE-2023-1417
THR-2026-1974,2026-08-27 07:56:18,Ransomware Activity Pattern,Network Threat,SHA-256,fa5477d92f6b836381e27207341135e8e275768b84de14632f982d55117d674e,Unknown Source,D,82,Medium,51,FALSE_POSITIVE,2026-07-28 07:56:18,2026-08-28 07:56:18,Global,"Synthetic defensive cybersecurity observation related to network threat. This record is for awareness, analysis, and defensive security monitoring.",Execution,Data from Information Repositories,
THR-2026-1975,2026-06-15 07:24:18,Credential Theft Observation,Data Exposure,SHA-256,1d1311609bb671b50094f7c2d27a5f5aa11afe5039c5b13a14b81823b3eb5f68,Security Vendor,A,93,High,80,MONITORING,2026-06-07 07:24:18,2026-06-20 07:24:18,Australia,"Synthetic defensive cybersecurity observation related to data exposure. This record is for awareness, analysis, and defensive security monitoring.",Exfiltration,User Execution,
THR-2026-1976,2026-09-27 03:17:18,Suspicious Web Activity,Account Security,SHA-256,db561708ae6dd44cef73c9eb144087b5816092b53a75b77dbb9b988ddf37daef,Internal SOC,A,29,High,65,MONITORING,2026-09-16 03:17:18,2026-09-28 03:17:18,United States,"Synthetic defensive cybersecurity observation related to account security. This record is for awareness, analysis, and defensive security monitoring.",,,
THR-2026-1977,2026-05-24 14:32:18,Suspicious Web Activity,Network Threat,Email/Sender Domain,alerts@security-alert.invalid,Public Threat Feed,B,60,High,66,NEW,2026-04-27 14:32:18,2026-05-27 14:32:18,Global,"Synthetic defensive cybersecurity observation related to network threat. This record is for awareness, analysis, and defensive security monitoring.",,,
THR-2026-1978,2026-07-18 18:06:18,Suspicious Malware Indicator,Vulnerability Exposure,CVE,CVE-2026-27920,Research Report,B,96,High,64,MONITORING,2026-06-25 18:06:18,2026-07-19 18:06:18,Singapore,"Synthetic defensive cybersecurity observation related to vulnerability exposure. This record is for awareness, analysis, and defensive security monitoring.",Persistence,User Execution,CVE-2025-7215
THR-2026-1979,2026-04-29 04:20:18,Vulnerability Exposure,Data Exposure,CVE,CVE-2023-38761,Internal SOC,A,98,High,75,CLOSED,2026-04-11 04:20:18,2026-04-30 04:20:18,United States,"Synthetic defensive cybersecurity observation related to data exposure. This record is for awareness, analysis, and defensive security monitoring.",,,CVE-2024-13676
THR-2026-1980,2026-05-13 05:28:18,Suspicious Web Activity,Social Engineering,SHA-256,310a985889b41eac4d43f56ca7d2113b1063f5b66bdc484a73cf9c51a5ba19f2,Research Report,B,91,High,70,CLOSED,2026-04-18 05:28:18,2026-05-17 05:28:18,United Kingdom,"Synthetic defensive cybersecurity observation related to social engineering. This record is for awareness, analysis, and defensive security monitoring.",,,
THR-2026-1981,2026-04-20 18:00:18,Ransomware Activity Pattern,Account Security,IP,192.0.2.52,Research Report,B,53,High,71,FALSE_POSITIVE,2026-04-11 18:00:18,2026-04-21 18:00:18,Singapore,"Synthetic defensive cybersecurity observation related to account security. This record is for awareness, analysis, and defensive security monitoring.",Initial Access,Application Layer Protocol,
THR-2026-1982,2026-08-08 16:45:18,Suspicious Web Activity,Social Engineering,SHA-256,c0eaa0349b2e20661c5a9cac387ed1d0efbbabb601ab8f3c38e5c712ba20d485,Community Submission,C,28,Low,31,UNDER_REVIEW,2026-07-29 16:45:18,2026-08-10 16:45:18,Australia,"Synthetic defensive cybersecurity observation related to social engineering. This record is for awareness, analysis, and defensive security monitoring.",Execution,Credential Phishing,
THR-2026-1983,2026-09-13 10:56:18,Vulnerability Exposure,Web Threat,SHA-256,f209b053ff191c7087d580b16a5312c1d85e6b2045bd6b7416508acdfee3bbad,Research Report,B,34,Medium,59,CLOSED,2026-08-21 10:56:18,2026-09-17 10:56:18,Australia,"Synthetic defensive cybersecurity observation related to web threat. This record is for awareness, analysis, and defensive security monitoring.",,,
THR-2026-1984,2026-08-08 19:09:18,Account Security Event,Account Security,IP,198.51.100.119,Research Report,B,98,High,70,UNDER_REVIEW,2026-07-10 19:09:18,2026-08-08 19:09:18,Germany,"Synthetic defensive cybersecurity observation related to account security. This record is for awareness, analysis, and defensive security monitoring.",Credential Access,Valid Accounts,
THR-2026-1985,2026-06-10 06:24:18,Network Threat Observation,Phishing,Email/Sender Domain,alerts@secure-login.example.net,Unknown Source,D,40,Medium,56,FALSE_POSITIVE,2026-06-01 06:24:18,2026-06-11 06:24:18,Singapore,"Synthetic defensive cybersecurity observation related to phishing. This record is for awareness, analysis, and defensive security monitoring.",,,
THR-2026-1986,2026-07-04 14:23:18,Social Engineering Attempt,Social Engineering,Domain,update-service.invalid,Security Vendor,A,71,High,77,NEW,2026-06-15 14:23:18,2026-07-05 14:23:18,India,"Synthetic defensive cybersecurity observation related to social engineering. This record is for awareness, analysis, and defensive security monitoring.",Command and Control,User Execution,
THR-2026-1987,2026-08-19 11:58:18,Potential Data Exposure,Web Threat,CVE,CVE-2023-27627,Internal SOC,A,84,High,80,FALSE_POSITIVE,2026-07-23 11:58:18,2026-08-22 11:58:18,Singapore,"Synthetic defensive cybersecurity observation related to web threat. This record is for awareness, analysis, and defensive security monitoring.",Command and Control,Network Service Scanning,CVE-2025-28787
THR-2026-1988,2026-06-06 05:29:18,Account Security Event,Data Exposure,SHA-256,2e874b1b88c293cd2483ae5f63e4ffdcf5415988ceea5e48243434cd06905796,Research Report,B,29,High,69,UNDER_REVIEW,2026-05-21 05:29:18,2026-06-09 05:29:18,Australia,"Synthetic defensive cybersecurity observation related to data exposure. This record is for awareness, analysis, and defensive security monitoring.",Execution,Data from Information Repositories,
THR-2026-1989,2026-08-27 20:26:18,Vulnerability Exposure,Vulnerability Exposure,URL,https://cloud-security.example.org/verify,Unknown Source,D,88,Medium,58,MONITORING,2026-08-01 20:26:18,2026-08-30 20:26:18,Singapore,"Synthetic defensive cybersecurity observation related to vulnerability exposure. This record is for awareness, analysis, and defensive security monitoring.",Credential Access,Application Layer Protocol,CVE-2023-39962
THR-2026-1990,2026-04-27 12:36:18,Ransomware Activity Pattern,Vulnerability Exposure,SHA-256,7a799e17451c0b3dbbe8a129270cf3272f486824ca7c78f2c0705c1ce76f829e,Public Threat Feed,B,58,High,63,NEW,2026-04-19 12:36:18,2026-04-30 12:36:18,Global,"Synthetic defensive cybersecurity observation related to vulnerability exposure. This record is for awareness, analysis, and defensive security monitoring.",Persistence,Valid Accounts,CVE-2026-3364
THR-2026-1991,2026-05-01 23:31:18,Network Threat Observation,Social Engineering,SHA-256,bf4596570cdc41546de23e4b150871334ca4930c0008b13aef882e822fe242bc,Unknown Source,D,25,Medium,47,UNDER_REVIEW,2026-04-03 23:31:18,2026-05-02 23:31:18,Germany,"Synthetic defensive cybersecurity observation related to social engineering. This record is for awareness, analysis, and defensive security monitoring.",Exfiltration,Data from Information Repositories,
THR-2026-1992,2026-07-02 04:17:18,Vulnerability Exposure,Network Threat,URL,https://secure-login.example.com/verify,Unknown Source,D,29,Medium,60,UNDER_REVIEW,2026-06-26 04:17:18,2026-07-03 04:17:18,Australia,"Synthetic defensive cybersecurity observation related to network threat. This record is for awareness, analysis, and defensive security monitoring.",Discovery,Phishing,
THR-2026-1993,2026-09-27 20:37:18,Suspicious Web Activity,Credential Threat,SHA-256,8f2c608b95aea1a0c775505f5a87a99ddfa3ad91cb9839d8f1f5005871735c47,Internal SOC,A,63,High,70,MONITORING,2026-09-13 20:37:18,2026-09-28 20:37:18,India,"Synthetic defensive cybersecurity observation related to credential threat. This record is for awareness, analysis, and defensive security monitoring.",Command and Control,Credential Phishing,
THR-2026-1994,2026-09-23 11:55:18,Potential Data Exposure,Credential Threat,Domain,update-service.example.net,Public Threat Feed,B,57,High,62,UNDER_REVIEW,2026-09-19 11:55:18,2026-09-26 11:55:18,United States,"Synthetic defensive cybersecurity observation related to credential threat. This record is for awareness, analysis, and defensive security monitoring.",Persistence,Credential Phishing,
THR-2026-1995,2026-09-26 04:38:18,Account Security Event,Social Engineering,URL,https://secure-login.example.net/verify,Research Report,B,59,High,74,MONITORING,2026-08-30 04:38:18,2026-09-27 04:38:18,India,"Synthetic defensive cybersecurity observation related to social engineering. This record is for awareness, analysis, and defensive security monitoring.",,,
THR-2026-1996,2026-09-22 09:50:18,Social Engineering Attempt,Network Threat,Email/Sender Domain,alerts@cloud-security.invalid,Research Report,B,31,Medium,46,FALSE_POSITIVE,2026-09-17 09:50:18,2026-09-27 09:50:18,United Kingdom,"Synthetic defensive cybersecurity observation related to network threat. This record is for awareness, analysis, and defensive security monitoring.",Initial Access,Credential Phishing,
THR-2026-1997,2026-08-14 19:39:18,Suspicious Web Activity,Web Threat,Email/Sender Domain,alerts@security-alert.example.org,Research Report,B,84,High,72,CLOSED,2026-08-07 19:39:18,2026-08-14 19:39:18,Global,"Synthetic defensive cybersecurity observation related to web threat. This record is for awareness, analysis, and defensive security monitoring.",,,
THR-2026-1998,2026-09-30 00:09:18,Synthetic Credential Phishing Campaign,Network Threat,URL,https://security-alert.example.net/verify,Unknown Source,D,85,High,76,NEW,2026-09-06 00:09:18,2026-10-05 00:09:18,Australia,"Synthetic defensive cybersecurity observation related to network threat. This record is for awareness, analysis, and defensive security monitoring.",,,
THR-2026-1999,2026-09-13 14:57:18,Account Security Event,Vulnerability Exposure,Email/Sender Domain,alerts@security-alert.example.com,Community Submission,C,80,High,69,CLOSED,2026-08-15 14:57:18,2026-09-18 14:57:18,India,"Synthetic defensive cybersecurity observation related to vulnerability exposure. This record is for awareness, analysis, and defensive security monitoring.",Exfiltration,Valid Accounts,CVE-2021-11480
THR-2026-2000,2026-04-22 17:18:18,Credential Theft Observation,Account Security,IP,192.0.2.128,Unknown Source,D,87,High,61,CLOSED,2026-03-23 17:18:18,2026-04-24 17:18:18,Singapore,"Synthetic defensive cybersecurity observation related to account security. This record is for awareness, analysis, and defensive security monitoring.",,,
